﻿<?xml version="1.0" encoding="UTF-8" standalone="yes"?>
<dictionary>
	<phrases>
		<phrase i="0" t="Назад"/>
		<phrase i="1" t="Набираю"/>
		<phrase i="2" t="Редактировать"/>
		<phrase i="3" t="Редактировать"/>
		<phrase i="4" t="Темнее"/>
		<phrase i="5" t="Запись"/>
		<phrase i="6" t="ещё"/>
		<phrase i="7" t="Новое"/>
		<phrase i="8" t="Запись"/>
		<phrase i="9" t="Добавить"/>
		<phrase i="10" t="Очистка"/>
		<phrase i="11" t="Информация"/>
		<phrase i="12" t="Отправить"/>
		<phrase i="13" t="Выбрать"/>
		<phrase i="14" t="Удалить"/>
		<phrase i="15" t="Импортировать"/>
		<phrase i="16" t="Блокировать"/>
		<phrase i="17" t="Просмотреть"/>
		<phrase i="18" t="Разблокировать" t.IP_330="Р/блк"/>
		<phrase i="19" t="Мой статус" t.VVX_1500="Текущий статус"/>
		<phrase i="20" t="Друзья" t.IP_330="Друг"/>
		<phrase i="21" t="Возобновить"/>
		<phrase i="22" t="Воспроизвести"/>
		<phrase i="23" t="Отбой" t.IP_330="Отбой"/>
		<phrase i="24" t="Набор" t.IP_330="Набор"/>
		<phrase i="25" t="Повтор"/>
		<phrase i="26" t="Ответить"/>
		<phrase i="27" t="Имя"/>
		<phrase i="28" t="Номер"/>
		<phrase i="29" t="Удержание"/>
		<phrase i="30" t="Конференция" t.IP_330="Конф-я" t.VVX_1500="Конференция"/>
		<phrase i="31" t="Переслать" t.IP_330="Пересл" t.VVX_1500="Переслать"/>
		<phrase i="32" t="Завершить"/>
		<phrase i="33" t="Следующий"/>
		<phrase i="34" t="Предыдущий" t.VVX_1500="Предыдущий"/>
		<phrase i="35" t="Ответ"/>
		<phrase i="36" t="Выход"/>
		<phrase i="37" t="Выход"/>
		<phrase i="38" t="a-&gt;A"/>
		<phrase i="39" t="A-&gt;a"/>
		<phrase i="40" t="-&gt;ABC"/>
		<phrase i="41" t="&lt;&lt;"/>
		<phrase i="42" t="Подтвердить"/>
		<phrase i="43" t="Следующая страница" t.VVX_1500="Следующая страница"/>
		<phrase i="44" t="Обновить"/>
		<phrase i="45" t="Текущие сообщения"/>
		<phrase i="46" t="Сообщений нет"/>
		<phrase i="47" t="Отправить сообщение к "/>
		<phrase i="48" t="Сообщение для "/>
		<phrase i="49" t="Мой статус"/>
		<phrase i="50" t="Каталоги"/>
		<phrase i="51" t="Каталоги"/>
		<phrase i="52" t="Сервис"/>
		<phrase i="53" t="Приложения"/>
		<phrase i="54" t="Информация о быстром наборе"/>
		<phrase i="55" t="Информация о быстром наборе" t.VVX_1500="Информация о быстром наборе"/>
		<phrase i="56" t="Перечень звонков"/>
		<phrase i="57" t="Редактировать"/>
		<phrase i="58" t="Список слежения"/>
		<phrase i="59" t="Список просмотра"/>
		<phrase i="60" t="Список блокированных номеров"/>
		<phrase i="61" t="Пропущенные звонки"/>
		<phrase i="62" t="Входящие звонки"/>
		<phrase i="63" t="Исходящие звонки"/>
		<phrase i="64" t="CDP" t.IP_330="CDP"/>
		<phrase i="65" t="Информация о программе"/>
		<phrase i="66" t="Поддержка кодеков"/>
		<phrase i="67" t="Добавить слежение"/>
		<phrase i="68" t="Сводка о сети"/>
		<phrase i="69" t="Список"/>
		<phrase i="70" t="Статус"/>
		<phrase i="71" t="Тип зуммера"/>
		<phrase i="72" t="Статус"/>
		<phrase i="73" t="Установки"/>
		<phrase i="74" t="Главное меню"/>
		<phrase i="75" t="Статистика сети"/>
		<phrase i="76" t="Статистика мультимедиа"/>
		<phrase i="77" t="Версия приложения"/>
		<phrase i="78" t="Контрастность"/>
		<phrase i="79" t="Статистика сети"/>
		<phrase i="80" t="Статистика звонка"/>
		<phrase i="81" t="Информация"/>
		<phrase i="82" t="Системная информация"/>
		<phrase i="83" t="Активен"/>
		<phrase i="84" t="Неактивен"/>
		<phrase i="85" t="Неизвестный абонент"/>
		<phrase i="86" t="день"/>
		<phrase i="87" t="дней"/>
		<phrase i="88" t="Запрашиваю..."/>
		<phrase i="89" t="Запрос отклонён"/>
		<phrase i="90" t="Английский"/>
		<phrase i="91" t="Внутренний"/>
		<phrase i="92" t="Полный"/>
		<phrase i="93" t="Половинный"/>
		<phrase i="94" t="Просмотр"/>
		<phrase i="95" t="*** ПРЕДУПРЕЖДЕНИЕ ***"/>
		<phrase i="96" t="Маршрутизатор"/>
		<phrase i="97" t="Ярче"/>
		<phrase i="98" t="Время работы"/>
		<phrase i="99" t="Получено пакетов"/>
		<phrase i="100" t="Отправлено пакетов"/>
		<phrase i="101" t="Потеряно пакетов"/>
		<phrase i="102" t="Порт LAN"/>
		<phrase i="103" t="Порт компьютера"/>
		<phrase i="104" t="Письмо" t.IP_330="IM"/>
		<phrase i="105" t="Определить происхождение"/>
		<phrase i="106" t="Активизировать"/>
		<phrase i="107" t="Дрожание (ms)"/>
		<phrase i="108" t="Max дрожание (ms)"/>
		<phrase i="109" t="Задержка (ms)"/>
		<phrase i="110" t="Версия программы"/>
		<phrase i="111" t="Версия Boot"/>
		<phrase i="112" t="Звонок"/>
		<phrase i="113" t="Нет записей"/>
		<phrase i="114" t="Пропущенные звонки"/>
		<phrase i="115" t="Входящие звонки"/>
		<phrase i="116" t="Исходящие звонки"/>
		<phrase i="117" t="Очищено!!"/>
		<phrase i="118" t="Номер"/>
		<phrase i="119" t="PM"/>
		<phrase i="120" t="AM"/>
		<phrase i="121" t="Время"/>
		<phrase i="122" t="Имя"/>
		<phrase i="123" t="Продолжительность"/>
		<phrase i="124" t=" говорит: "/>
		<phrase i="125" t="Сообщение для "/>
		<phrase i="126" t="Получил твоё сообщение."/>
		<phrase i="127" t="Позвони мне."/>
		<phrase i="128" t="Позвони позже."/>
		<phrase i="129" t="Не могу говорить сейчас."/>
		<phrase i="130" t="Пойдём обедать?"/>
		<phrase i="131" t="Импортировано!!"/>
		<phrase i="132" t="Импортирование прервано!!"/>
		<phrase i="133" t="Язык"/>
		<phrase i="134" t="Введите номер"/>
		<phrase i="135" t="Введите URL"/>
		<phrase i="136" t="Разделить"/>
		<phrase i="137" t="Объединить"/>
		<phrase i="138" t="К"/>
		<phrase i="139" t="От"/>
		<phrase i="140" t="Форвард" t.IP_330="Форв"/>
		<phrase i="141" t="для"/>
		<phrase i="142" t="Удержание"/>
		<phrase i="143" t="Удержанный"/>
		<phrase i="144" t=" новое сообщение"/>
		<phrase i="145" t=" новых сообщений"/>
		<phrase i="146" t="Вызов"/>
		<phrase i="147" t="Проблема с сетевым кабелем"/>
		<phrase i="148" t="Реконфигурация сети" t.IP_330="Реконфигурация" t.VVX_1500="Изменение конфигурации"/>
		<phrase i="149" t=" новый пропущенный вызов"/>
		<phrase i="150" t=" новые пропущенные вызовы"/>
		<phrase i="151" t="Рестарт инициализирован"/>
		<phrase i="152" t="Звонок на удержании"/>
		<phrase i="153" t="Занято"/>
		<phrase i="154" t="Свободен"/>
		<phrase i="155" t="Занят"/>
		<phrase i="156" t="Сейчас буду!"/>
		<phrase i="157" t="Отсутствует"/>
		<phrase i="158" t="Говорю по телефону"/>
		<phrase i="159" t="На обеде"/>
		<phrase i="160" t="Совещание"/>
		<phrase i="161" t="Разъединен"/>
		<phrase i="162" t="Не беспокоить!"/>
		<phrase i="163" t="Тайм-аут"/>
		<phrase i="164" t="Загрузочный сервер"/>
		<phrase i="165" t="Опции загр. сервера"/>
		<phrase i="166" t="Тип загр. сервера"/>
		<phrase i="167" t="Тип сервера" t.IP_330="ТипСерв"/>
		<phrase i="168" t="Адрес сервера" t.IP_330="АдрСерв"/>
		<phrase i="169" t="Имя пользователя" t.IP_330="ПольСерв"/>
		<phrase i="170" t="Пароль" t.IP_330="ПарСерв"/>
		<phrase i="171" t="Клиент DHCP" t.IP_330="КлиентDHCP"/>
		<phrase i="172" t="Меню DHCP"/>
		<phrase i="173" t="IP адрес телефона" t.VVX_1500="IP-адрес телефона"/>
		<phrase i="174" t="Маска подсети" t.IP_330="МаскПодсети"/>
		<phrase i="175" t="IP шлюз"/>
		<phrase i="176" t="Меню сервера" t.IP_330="МенюСерв"/>
		<phrase i="177" t="SNTP сервер" t.IP_330="АдрSNTP"/>
		<phrase i="178" t="Сдвиг времени"/>
		<phrase i="179" t="DNS сервер"/>
		<phrase i="180" t="Альтерн. DNS сервер"/>
		<phrase i="181" t="DNS домен"/>
		<phrase i="182" t="VLAN ID"/>
		<phrase i="183" t=" Сохранить конфигурацию"/>
		<phrase i="184" t=" Выйти без сохранения"/>
		<phrase i="185" t=" Вернуться к установкам"/>
		<phrase i="186" t="DHCP"/>
		<phrase i="187" t="MAC"/>
		<phrase i="188" t="IP"/>
		<phrase i="189" t="DNS"/>
		<phrase i="190" t="Загрузочный сервер"/>
		<phrase i="191" t="Альтерн. DNS"/>
		<phrase i="192" t="Опция 66"/>
		<phrase i="193" t="Пользоват."/>
		<phrase i="194" t="Статик"/>
		<phrase i="195" t="IP адрес"/>
		<phrase i="196" t="Строка"/>
		<phrase i="197" t="FTP"/>
		<phrase i="198" t="Тривиальный FTP"/>
		<phrase i="199" t="Разрешен"/>
		<phrase i="200" t="Запрещен"/>
		<phrase i="201" t="Маска"/>
		<phrase i="202" t="**-**"/>
		<phrase i="203" t="Домен"/>
		<phrase i="204" t="VLAN ID"/>
		<phrase i="205" t="Сервер"/>
		<phrase i="206" t="Версия"/>
		<phrase i="207" t="Конф. файл"/>
		<phrase i="208" t="Конф.файлы"/>
		<phrase i="209" t="Загрузчик"/>
		<phrase i="210" t="Идентификатор аппарата"/>
		<phrase i="211" t="Исходящая кодировка"/>
		<phrase i="212" t="Входящая кодировка"/>
		<phrase i="213" t="Язык изменен"/>
		<phrase i="214" t="Язык не был изменен."/>
		<phrase i="215" t="Пожалуйста подождите..."/>
		<phrase i="216" t="Выбор линии"/>
		<phrase i="217" t="Линия"/>
		<phrase i="218" t="Поиск"/>
		<phrase i="219" t="Сортировка"/>
		<phrase i="220" t="Поиск в папке"/>
		<phrase i="221" t="Сортировка папки"/>
		<phrase i="222" t="Имя"/>
		<phrase i="223" t="Фамилия"/>
		<phrase i="224" t="Состояние системы"/>
		<phrase i="225" t="Общие"/>
		<phrase i="226" t="Личные контакты"/>
		<phrase i="227" t="Соединяюсь"/>
		<phrase i="228" t="Допол+опц66"/>
		<phrase i="229" t="Инф-я о линии"/>
		<phrase i="230" t="Зарегистрирован"/>
		<phrase i="231" t="Нет регистрации"/>
		<phrase i="232" t="Аутентификация"/>
		<phrase i="233" t="Пользователь"/>
		<phrase i="234" t="Пароль"/>
		<phrase i="235" t="Видео"/>
		<phrase i="236" t="Сообщения"/>
		<phrase i="237" t="Центр сообщений"/>
		<phrase i="238" t="В конференции"/>
		<phrase i="239" t="Срочное"/>
		<phrase i="240" t="Срочных"/>
		<phrase i="241" t="Новое"/>
		<phrase i="242" t="Новых"/>
		<phrase i="243" t="Старое"/>
		<phrase i="244" t="Старых"/>
		<phrase i="245" t="Соединяюсь" t.IP_330="Соед"/>
		<phrase i="246" t="Добавить контакт"/>
		<phrase i="247" t="Редактировать контакт"/>
		<phrase i="248" t="Ускоренный набор"/>
		<phrase i="249" t="Форвард звонка"/>
		<phrase i="250" t="Запретить"/>
		<phrase i="251" t="Форвард" t.IP_330="Форв"/>
		<phrase i="252" t="Этот звонок"/>
		<phrase i="253" t="Сброс установок пользователя"/>
		<phrase i="254" t="Форвард звонка"/>
		<phrase i="255" t="Автозапрет"/>
		<phrase i="256" t="Автофорвард"/>
		<phrase i="257" t="Сохранён"/>
		<phrase i="258" t="Ошибка"/>
		<phrase i="259" t="Повторный индекс"/>
		<phrase i="260" t="Блокировать"/>
		<phrase i="261" t="Отслеживать номер"/>
		<phrase i="262" t="Блокировать номер"/>
		<phrase i="263" t="Повторите попытку"/>
		<phrase i="264" t="Установки часов"/>
		<phrase i="265" t="Дата"/>
		<phrase i="266" t="Формат"/>
		<phrase i="267" t="воскресенье"/>
		<phrase i="268" t="понедельник"/>
		<phrase i="269" t="вторник"/>
		<phrase i="270" t="среда"/>
		<phrase i="271" t="четверг"/>
		<phrase i="272" t="пятница"/>
		<phrase i="273" t="суббота"/>
		<phrase i="274" t="января"/>
		<phrase i="275" t="февраля"/>
		<phrase i="276" t="марта"/>
		<phrase i="277" t="апреля"/>
		<phrase i="278" t="мая"/>
		<phrase i="279" t="июня"/>
		<phrase i="280" t="июля"/>
		<phrase i="281" t="августа"/>
		<phrase i="282" t="сентября"/>
		<phrase i="283" t="октября"/>
		<phrase i="284" t="ноября"/>
		<phrase i="285" t="декабря"/>
		<phrase i="286" t="Установка времени"/>
		<phrase i="287" t="Установить всё"/>
		<phrase i="288" t="Очистить всё"/>
		<phrase i="289" t="Установки наушников"/>
		<phrase i="290" t="Наушники: автовключение"/>
		<phrase i="291" t="Ошибка импорта данных!"/>
		<phrase i="292" t="Активный звонок, операция отменена!" t.VVX_1500="Активн. звонок, отмена операции!"/>
		<phrase i="293" t="Нет контакта, отмена операции!"/>
		<phrase i="294" t="Переадресация к"/>
		<phrase i="295" t="Конференция с"/>
		<phrase i="296" t="Ввод"/>
		<phrase i="297" t="Изменение пароля"/>
		<phrase i="298" t="Изменение пароля пользователя" t.VVX_1500="Изменить пароль пользователя"/>
		<phrase i="299" t="Изменение пароля администратора" t.VVX_1500="Изменить пароль администратора"/>
		<phrase i="300" t="Пароль пользователя"/>
		<phrase i="301" t="Пароль администратора" t.VVX_1500="Пароль администратора"/>
		<phrase i="302" t="Пароль пользователя изменен" t.VVX_1500="Пароль пользователя изменен."/>
		<phrase i="303" t="Пароль администратора изменен" t.VVX_1500="Пароль администратора изменен."/>
		<phrase i="304" t="Извините, попытайтесь снова..."/>
		<phrase i="305" t="Старый пароль"/>
		<phrase i="306" t="Новый пароль"/>
		<phrase i="307" t="Подтвердить новый пароль"/>
		<phrase i="308" t="Слишком короткий пароль." t.VVX_1500="Внимание, слишком короткий пароль"/>
		<phrase i="309" t="СтрВверх" t.VVX_1500="Предыдущая страница"/>
		<phrase i="310" t="ASCII"/>
		<phrase i="311" t="ЛатБуквы"/>
		<phrase i="312" t="РусБуквы"/>
		<phrase i="313" t="Unicode"/>
		<phrase i="314" t="Минимальный размер"/>
		<phrase i="315" t="1/А/а"/>
		<phrase i="316" t="Нет свободной линии!"/>
		<phrase i="317" t="Алфавит" t.IP_330="Кодир"/>
		<phrase i="318" t="Скорость линии"/>
		<phrase i="319" t="Скорость компьютера"/>
		<phrase i="320" t="Неизвестный "/>
		<phrase i="321" t="Сброс памяти"/>
		<phrase i="322" t="Режим LAN "/>
		<phrase i="323" t="Статус PC "/>
		<phrase i="324" t="Сервер времени"/>
		<phrase i="325" t="Время по Гринвичу"/>
		<phrase i="326" t="Летнее время"/>
		<phrase i="327" t="Включено"/>
		<phrase i="328" t="Выключено"/>
		<phrase i="329" t="Загрузка процессора"/>
		<phrase i="330" t="Чаще"/>
		<phrase i="331" t="Реже"/>
		<phrase i="332" t="Загрузка"/>
		<phrase i="333" t="Интервал"/>
		<phrase i="334" t="Предел списка контактов"/>
		<phrase i="335" t="Нет такого поля"/>
		<phrase i="336" t="Конец списка"/>
		<phrase i="337" t="Контакт удалён"/>
		<phrase i="338" t="Линия используется удалённо"/>
		<phrase i="339" t="Загрузка сети"/>
		<phrase i="340" t="Байт/сек"/>
		<phrase i="341" t="Пакет/сек"/>
		<phrase i="342" t="Загруженность DSP"/>
		<phrase i="343" t="Загруженность процессора"/>
		<phrase i="344" t="Режим"/>
		<phrase i="345" t="Диагностика"/>
		<phrase i="346" t="Диагностика звука"/>
		<phrase i="347" t="Диагностика клавиатуры"/>
		<phrase i="348" t="Диагностика дисплея" t.VVX_1500="Диагностика дисплея"/>
		<phrase i="349" t="Громкоговоритель"/>
		<phrase i="350" t="Наушники"/>
		<phrase i="351" t="Тест успешный"/>
		<phrase i="352" t="Ошибка тестирования"/>
		<phrase i="353" t="Тест закончен"/>
		<phrase i="354" t="Выход: нажать клавишу дважды."/>
		<phrase i="355" t="Нажать клавишу для верификации" t.VVX_1500="Верификация: нажмите клавишу"/>
		<phrase i="356" t="Запись"/>
		<phrase i="357" t="Стоп"/>
		<phrase i="358" t="Ошибочное нажатие"/>
		<phrase i="359" t="Рычаг"/>
		<phrase i="360" t="Запись остановлена"/>
		<phrase i="361" t="Проигрываю"/>
		<phrase i="362" t="Записываю"/>
		<phrase i="363" t="Двойной IP адрес"/>
		<phrase i="364" t="Рестарт"/>
		<phrase i="365" t="обнаружено"/>
		<phrase i="366" t="вс"/>
		<phrase i="367" t="пн"/>
		<phrase i="368" t="вт"/>
		<phrase i="369" t="ср"/>
		<phrase i="370" t="чт"/>
		<phrase i="371" t="пт"/>
		<phrase i="372" t="сб"/>
		<phrase i="373" t="янв"/>
		<phrase i="374" t="фев"/>
		<phrase i="375" t="мар"/>
		<phrase i="376" t="апр"/>
		<phrase i="377" t="май"/>
		<phrase i="378" t="июн"/>
		<phrase i="379" t="июл"/>
		<phrase i="380" t="авг"/>
		<phrase i="381" t="сен"/>
		<phrase i="382" t="окт"/>
		<phrase i="383" t="ноя"/>
		<phrase i="384" t="дек"/>
		<phrase i="385" t="Использование памяти"/>
		<phrase i="386" t="Активный звонок"/>
		<phrase i="387" t="Тишина"/>
		<phrase i="388" t="Сервер недоступен"/>
		<phrase i="389" t="Время"/>
		<phrase i="390" t="Дата над часами"/>
		<phrase i="391" t="Часы над датой"/>
		<phrase i="392" t="Дата перед часами"/>
		<phrase i="393" t="Часы перед датой"/>
		<phrase i="394" t="Катакана"/>
		<phrase i="395" t="Сигналы соединения"/>
		<phrase i="396" t="НБП"/>
		<phrase i="397" t="Логин-Логаут" t.IP_330="Вх/Вых"/>
		<phrase i="398" t="Агент доступен" t.IP_330="Доступен"/>
		<phrase i="399" t="Изменить"/>
		<phrase i="400" t="1-&gt;Аа"/>
		<phrase i="401" t="А-&gt;а1"/>
		<phrase i="402" t="а-&gt;1А"/>
		<phrase i="403" t="Название" t.IP_330="Назв"/>
		<phrase i="404" t="Линии"/>
		<phrase i="405" t="Метка"/>
		<phrase i="406" t="Введите код"/>
		<phrase i="407" t="Вызов URL отключен" t.IP_330="Вызов URL отключен"/>
		<phrase i="408" t="Снимите трубку"/>
		<phrase i="409" t="Динамик"/>
		<phrase i="410" t="Парк"/>
		<phrase i="411" t="Возобновить" t.VVX_1500="Возобновить"/>
		<phrase i="412" t="Группа"/>
		<phrase i="413" t="Абонент" t.VVX_1500="Абонент"/>
		<phrase i="414" t="Стартовая"/>
		<phrase i="415" t="Обновить"/>
		<phrase i="416" t="Последний звонок"/>
		<phrase i="417" t="ПослЗв"/>
		<phrase i="418" t="Функции"/>
		<phrase i="419" t="Слепой"/>
		<phrase i="420" t="Наушники"/>
		<phrase i="421" t="Включение ACD"/>
		<phrase i="422" t="ACD Логин-Логаут"/>
		<phrase i="423" t="Логин"/>
		<phrase i="424" t="Логаут"/>
		<phrase i="425" t="Наличие"/>
		<phrase i="426" t="Отсутствие"/>
		<phrase i="427" t="ID пользователя"/>
		<phrase i="428" t="Пароль"/>
		<phrase i="429" t="Пикап"/>
		<phrase i="430" t="Слепой трансфер к"/>
		<phrase i="431" t="Включ." t.VVX_1500="Включено"/>
		<phrase i="432" t="Выключ." t.VVX_1500="Выключено"/>
		<phrase i="433" t="SIP конфигурация"/>
		<phrase i="434" t="Адрес"/>
		<phrase i="435" t="Тип линии"/>
		<phrase i="436" t="Имя третьего абонента"/>
		<phrase i="437" t="Личная"/>
		<phrase i="438" t="Общая"/>
		<phrase i="439" t="Порт"/>
		<phrase i="440" t="Передача данных"/>
		<phrase i="441" t="Регистрация"/>
		<phrase i="442" t="Исходящий прокси" t.VVX_1500="Исх.SIP-прокси"/>
		<phrase i="443" t="Порт выхода" t.VVX_1500="Исх.SIP-прокси"/>
		<phrase i="444" t="RFC2543 Hold" t.IP_330="УдержRFC2543"/>
		<phrase i="445" t="Да"/>
		<phrase i="446" t="Нет"/>
		<phrase i="447" t="Только UDP"/>
		<phrase i="448" t="TCP приоритет"/>
		<phrase i="449" t="Naptr"/>
		<phrase i="450" t="Аутентик. пользов." t.VVX_1500="Проверка идентификатора пользователя"/>
		<phrase i="451" t="Аутентик. пароль" t.VVX_1500="Проверка пароля"/>
		<phrase i="452" t="Рестарт телефона"/>
		<phrase i="453" t="Вы уверены?"/>
		<phrase i="454" t="Поиск VLAN" t.IP_330="ПоискVLAN"/>
		<phrase i="455" t="Фиксир."/>
		<phrase i="456" t="Опция VLAN ID" t.VVX_1500="Выбор идентификатора виртуальной ЛВС"/>
		<phrase i="457" t="Выбрать"/>
		<phrase i="458" t="Сброс ключа защиты"/>
		<phrase i="459" t="Выбор сообщения"/>
		<phrase i="460" t="НТТР"/>
		<phrase i="461" t="HTTP защищённый"/>
		<phrase i="462" t="FTP защищённый"/>
		<phrase i="463" t="Установить СА сертификат" t.VVX_1500="Устан польз серт CA"/>
		<phrase i="464" t="Загрузить СА сетрификат" t.VVX_1500="Загрузить польз серт CA"/>
		<phrase i="465" t="Принять"/>
		<phrase i="466" t="Конфиг сертификаты СА" t.VVX_1500="Сконфигурировать сертификаты CA"/>
		<phrase i="467" t="MD5 отпечаток"/>
		<phrase i="468" t="Пользовательский сертификат"/>
		<phrase i="469" t="Список серт. по умолчанию" t.VVX_1500="Список сертификатов по умолчанию"/>
		<phrase i="470" t="Все сертификаты"/>
		<phrase i="471" t="Метод обеспечения" t.VVX_1500="Метод инициализации"/>
		<phrase i="472" t="Строка обеспечения" t.VVX_1500="Строка инициализации"/>
		<phrase i="473" t="По умолчанию"/>
		<phrase i="474" t="SAS-VP"/>
		<phrase i="475" t="Ошибка загрузки"/>
		<phrase i="476" t="Сервер"/>
		<phrase i="477" t="Приложение"/>
		<phrase i="478" t="Статистика пакетов"/>
		<phrase i="479" t="Региональные настройки"/>
		<phrase i="480" t="Установки пользователя"/>
		<phrase i="481" t="Установки администратора" t.VVX_1500="Настройки администратора"/>
		<phrase i="482" t="Форматировать файловую систему"/>
		<phrase i="483" t="Параметры TCP/IP"/>
		<phrase i="484" t="Платформа"/>
		<phrase i="485" t="Сеть"/>
		<phrase i="486" t="Телефон"/>
		<phrase i="487" t="Главное"/>
		<phrase i="488" t="Компоненты"/>
		<phrase i="489" t="Авторское право"/>
		<phrase i="490" t="Конфигурация"/>
		<phrase i="491" t="Ethernet"/>
		<phrase i="492" t="Основные"/>
		<phrase i="493" t="Дополнительные"/>
		<phrase i="494" t="Настройки"/>
		<phrase i="495" t="Настройка звука"/>
		<phrase i="496" t="Защита SSL"/>
		<phrase i="497" t="Вернуть установки по умолчанию"/>
		<phrase i="498" t="Сброс локальной конфигурации" t.IP_330="Сброс лок конф" t.VVX_1500="Сброс локальной конфигурации"/>
		<phrase i="499" t="Сброс установок устройства" t.IP_330="Сброс устан устр-в"/>
		<phrase i="500" t="Общие"/>
		<phrase i="501" t="Тест аппаратной части"/>
		<phrase i="502" t="Графики"/>
		<phrase i="503" t="Сертификаты, полученные от СА"/>
		<phrase i="504" t="Установка времени и даты"/>
		<phrase i="505" t="TFTP"/>
		<phrase i="506" t="НЕДЕЙСТВИТЕЛЕН"/>
		<phrase i="507" t="Вызовы на каждую из клавиш доступа к линии" t.IP_330="Вызовов/КлЛин"/>
		<phrase i="508" t="Кол-во клавиш доступа к линии" t.IP_330="К-во КлЛин"/>
		<phrase i="509" t="Широкополосный переносной телефон"/>
		<phrase i="510" t="TLS"/>
		<phrase i="511" t="Добавить друга"/>
		<phrase i="512" t="Попытки передачи файлов"/>
		<phrase i="513" t="Период повтора"/>
		<phrase i="514" t="Разрешить"/>
		<phrase i="515" t="Личные контакты"/>
		<phrase i="516" t="Список личных контактов"/>
		<phrase i="517" t="Контакты друга"/>
		<phrase i="518" t="Добавить личный контакт"/>
		<phrase i="519" t="Изменить личный контакт"/>
		<phrase i="520" t="Доступ"/>
		<phrase i="521" t="Питание модуля расширения"/>
		<phrase i="522" t="Сохраненный сертификат"/>
		<phrase i="523" t="Ошибка сохранения сертификата"/>
		<phrase i="524" t="Обработка запроса..."/>
		<phrase i="525" t="&gt;&gt;"/>
		<phrase i="526" t="Реж. CLink"/>
		<phrase i="527" t="Клиент"/>
		<phrase i="528" t="Меню Ethernet"/>
		<phrase i="529" t="Реж Порт ЛС"/>
		<phrase i="530" t="Реж Порт  ПК"/>
		<phrase i="531" t="Авто"/>
		<phrase i="532" t="10HD"/>
		<phrase i="533" t="10FD"/>
		<phrase i="534" t="100HD"/>
		<phrase i="535" t="100FD"/>
		<phrase i="536" t="Видео"/>
		<phrase i="537" t="Телеф"/>
		<phrase i="538" t="Реж. Не подс."/>
		<phrase i="539" t="Доб видео"/>
		<phrase i="540" t="Выберите"/>
		<phrase i="541" t="Яркость подсветки"/>
		<phrase i="542" t="Вык"/>
		<phrase i="543" t="Низ"/>
		<phrase i="544" t="Сред."/>
		<phrase i="545" t="Выс."/>
		<phrase i="546" t="Выз. на линию"/>
		<phrase i="547" t="Гром. динамика"/>
		<phrase i="548" t="Громк. звонка"/>
		<phrase i="549" t="Управ."/>
		<phrase i="550" t="Управ. конферен."/>
		<phrase i="551" t="Б/зв"/>
		<phrase i="552" t="Зв вкл"/>
		<phrase i="553" t="Удал."/>
		<phrase i="554" t="Поток мул"/>
		<phrase i="555" t="Инф. об участ."/>
		<phrase i="556" t="Яркость вкл. подсветки"/>
		<phrase i="557" t="Ярк. подсветки при ожид."/>
		<phrase i="558" t="Реж 2,5 мм"/>
		<phrase i="559" t="Любой (умол.)"/>
		<phrase i="560" t="Моб. телефон"/>
		<phrase i="561" t="Канал данн ПК"/>
		<phrase i="562" t="Видеовызовы"/>
		<phrase i="563" t="Тел. вызов."/>
		<phrase i="564" t="Тол. SIP"/>
		<phrase i="565" t="Тол. POTS"/>
		<phrase i="566" t="Авто (Настр. вызова HDX)" t.VVX_1500="Авто (Настройка вызова HDX)"/>
		<phrase i="567" t="Пор-к типов выз"/>
		<phrase i="568" t="Контент"/>
		<phrase i="569" t="Звон-ие"/>
		<phrase i="570" t="А/К"/>
		<phrase i="571" t="Игнор."/>
		<phrase i="572" t="Вызов от:"/>
		<phrase i="573" t="Громк."/>
		<phrase i="574" t="Звонок"/>
		<phrase i="575" t="Динамик"/>
		<phrase i="576" t="Обычн."/>
		<phrase i="577" t="&lt;Нов. зап.&gt;"/>
		<phrase i="578" t="Сохр. Адр. кн."/>
		<phrase i="579" t="Подтвержд."/>
		<phrase i="580" t="Служба недоступна" t.IP_330="Служба недоступ."/>
		<phrase i="581" t="DND" t.VVX_1500="Не беспокоить"/>
		<phrase i="582" t="Соединение с"/>
		<phrase i="583" t="Вход. вызов:"/>
		<phrase i="584" t="Сост. DSP"/>
		<phrase i="585" t="Элем 0"/>
		<phrase i="586" t="Элем 1"/>
		<phrase i="587" t="Элем 2"/>
		<phrase i="588" t="Сооб" t.VVX_1500="Сообщения"/>
		<phrase i="589" t="Доб. тел."/>
		<phrase i="590" t="Введите доп цифры"/>
		<phrase i="591" t="Неполный адрес"/>
		<phrase i="592" t="Сост. серверов"/>
		<phrase i="593" t="Регистрация"/>
		<phrase i="594" t="Выход"/>
		<phrase i="595" t="Запрет рег-ции"/>
		<phrase i="596" t="Удал. зап. из Адр. кн."/>
		<phrase i="597" t="Приг. в кон-цию польз"/>
		<phrase i="598" t="Видео или тел вызов?"/>
		<phrase i="599" t="Запись не найд"/>
		<phrase i="600" t="По фамилии"/>
		<phrase i="601" t="По имени"/>
		<phrase i="602" t="Сеть"/>
		<phrase i="603" t="Модем"/>
		<phrase i="604" t="Кабел/DSL"/>
		<phrase i="605" t="LAN"/>
		<phrase i="606" t="Идет конференция."/>
		<phrase i="607" t="Невозможно"/>
		<phrase i="608" t="Меню Syslog"/>
		<phrase i="609" t="Функция"/>
		<phrase i="610" t="Ур-нь в-ции" t.IP_330="Ур. в-ции"/>
		<phrase i="611" t="UDP"/>
		<phrase i="612" t="TCP"/>
		<phrase i="613" t="Нет"/>
		<phrase i="614" t="Введите пароль"/>
		<phrase i="615" t="Выр в/час"/>
		<phrase i="616" t="В н/час"/>
		<phrase i="617" t="Доп аудиовх."/>
		<phrase i="618" t="Доп аудиовых."/>
		<phrase i="619" t="Авт получ. управления"/>
		<phrase i="620" t="Подавление шумов"/>
		<phrase i="621" t="URL"/>
		<phrase i="622" t="Тол отпр."/>
		<phrase i="623" t="Отпр и получ"/>
		<phrase i="624" t="Только получ"/>
		<phrase i="625" t="Неакт."/>
		<phrase i="626" t="Тол. TCP"/>
		<phrase i="627" t="Беспр. микр."/>
		<phrase i="628" t="Др ус на вх"/>
		<phrase i="629" t="Зап вых ус"/>
		<phrase i="630" t="Внешний динамик"/>
		<phrase i="631" t="Верх и низ час."/>
		<phrase i="632" t="Дополн. Аудио"/>
		<phrase i="633" t="Локальные устр-ва"/>
		<phrase i="634" t="Аудио"/>
		<phrase i="635" t="Выбор локальных устройств"/>
		<phrase i="636" t="Микрофон"/>
		<phrase i="637" t="Динамик"/>
		<phrase i="638" t="Конференция"/>
		<phrase i="639" t="Добав. MAC" t.IP_330="Доб.MAC"/>
		<phrase i="640" t="Гром. динамика"/>
		<phrase i="641" t="Громкость гарнитуры"/>
		<phrase i="642" t="Громкость переносного телефона"/>
		<phrase i="643" t="Перехват вызовов"/>
		<phrase i="644" t="Прямой перехват"/>
		<phrase i="645" t="Перехват группы"/>
		<phrase i="646" t="Нажмите любую клавишу для выхода из теста."/>
		<phrase i="647" t="Тест прекращен"/>
		<phrase i="648" t="Связь серийного номера с агентом пользователя" t.IP_330="Метка СН"/>
		<phrase i="649" t="1000HD"/>
		<phrase i="650" t="1000FD"/>
		<phrase i="651" t="Сетевая диагностика"/>
		<phrase i="652" t="Диагностика порта ЛС"/>
		<phrase i="653" t="Диагностика порта ПК"/>
		<phrase i="654" t="Диагностика Gigabit Ethernet"/>
		<phrase i="655" t="Стандартный режим"/>
		<phrase i="656" t="Сигнал передатчика"/>
		<phrase i="657" t="Амплитуда сигнала главного передатчика"/>
		<phrase i="658" t="Амплитуда сигнала подчиненного передатчика"/>
		<phrase i="659" t="Искажение сигнала передачи"/>
		<phrase i="660" t="Индикация активности микрофона"/>
		<phrase i="661" t="Звук мобильного телефона выключен"/>
		<phrase i="662" t="Звук мобильного телефона включен"/>
		<phrase i="663" t="Аудиовызов"/>
		<phrase i="664" t="Видеовызов"/>
		<phrase i="665" t="Видеовызов или аудиовызов"/>
		<phrase i="666" t="Любой вызов"/>
		<phrase i="667" t="Выберите тип переадресации" t.IP_330="Форв"/>
		<phrase i="668" t="Всегда"/>
		<phrase i="669" t="Если нет ответа"/>
		<phrase i="670" t="Переадресовать после звонков"/>
		<phrase i="671" t="Переадресовать вызов при отсутствии ответа" t.IP_330="Нет отв"/>
		<phrase i="672" t="Переадресовать вызов при занятости линии" t.IP_330="Занят"/>
		<phrase i="673" t="Всегда переадресовывать вызовы" t.IP_330="Всегда"/>
		<phrase i="674" t="Фильтрация виртуальной ЛС"/>
		<phrase i="675" t="Фильтрация шторма широковещательных пакетов"/>
		<phrase i="676" t="Веб-контент SIP"/>
		<phrase i="677" t="Пассивный"/>
		<phrase i="678" t="Ошибка последовательного подключения:"/>
		<phrase i="679" t="Несколько кабелей Ethernet"/>
		<phrase i="680" t="Подключите только один кабель Ethernet"/>
		<phrase i="681" t="Конфликт версий"/>
		<phrase i="682" t="Обратитесь к системному администратору."/>
		<phrase i="683" t="Просмотр контакта"/>
		<phrase i="684" t="Посмотреть"/>
		<phrase i="685" t="Максимальная яркость"/>
		<phrase i="686" t="Автотест"/>
		<phrase i="687" t="Автотест клавишный ввод" t.IP_330="Автотест кл/ввод"/>
		<phrase i="688" t="Автотест включен"/>
		<phrase i="689" t="Автотест выключен"/>
		<phrase i="690" t="Накопитель подключен"/>
		<phrase i="691" t="Накопитель извлечен"/>
		<phrase i="692" t="Съемный накопитель"/>
		<phrase i="693" t="Обзор записей"/>
		<phrase i="694" t="Свойства накопителя"/>
		<phrase i="695" t="Всего"/>
		<phrase i="696" t="Используется"/>
		<phrase i="697" t="Свободно"/>
		<phrase i="698" t="Нет установленных накопителей"/>
		<phrase i="699" t="Активных звонков нет."/>
		<phrase i="700" t="Воспроизвести последний записанный"/>
		<phrase i="701" t="Пуск"/>
		<phrase i="702" t="Пауза"/>
		<phrase i="703" t="Переименовать"/>
		<phrase i="704" t="Удален"/>
		<phrase i="705" t="Инфо о файле" t.VVX_1500="File Information"/>
		<phrase i="706" t="Файлы wav не найдены."/>
		<phrase i="707" t="Имя файла на USB-устройстве"/>
		<phrase i="708" t="Переименовать файл"/>
		<phrase i="709" t="Имя файла не может быть пустым"/>
		<phrase i="710" t="Файл существует"/>
		<phrase i="711" t="Сохранить как"/>
		<phrase i="712" t="Специальные символы недопустимы"/>
		<phrase i="713" t="Невозможно начать запись."/>
		<phrase i="714" t="Нет доступных ресурсов."/>
		<phrase i="715" t="Повтор"/>
		<phrase i="716" t="Накопитель заполнен."/>
		<phrase i="717" t="Запись отменена."/>
		<phrase i="718" t="Запись остановлена."/>
		<phrase i="719" t="Удаленно отключить звук"/>
		<phrase i="720" t="Открыть"/>
		<phrase i="721" t="Небезопасное извлечение накопителя"/>
		<phrase i="722" t="Приостановлено"/>
		<phrase i="723" t="Готово"/>
		<phrase i="724" t="*R*" t.VVX_1500="R"/>
		<phrase i="725" t="*P*" t.VVX_1500="P"/>
		<phrase i="726" t="ч"/>
		<phrase i="727" t="мин"/>
		<phrase i="728" t="с"/>
		<phrase i="729" t="Память заполнена"/>
		<phrase i="730" t="Каталог сотрудников" t.IP_330="Корп. каталог"/>
		<phrase i="731" t="Каталог сотрудников"/>
		<phrase i="732" t="Сервер каталога не инициализирован"/>
		<phrase i="733" t="Состояние каталога сотрудников" t.IP_330="Сост КК"/>
		<phrase i="734" t="Запомнить результаты поиска"/>
		<phrase i="735" t="Режим громкой связи отключен" t.IP_330="Гр. связь откл"/>
		<phrase i="736" t="Настройки телефона"/>
		<phrase i="737" t="Режим громкой связи"/>
		<phrase i="738" t="Подключено неподдерж. USB-устройство"/>
		<phrase i="739" t="Неподдерж. USB-устройство извлечено"/>
		<phrase i="740" t="Гарнитура подключена."/>
		<phrase i="741" t="Гарнитура отключена."/>
		<phrase i="742" t="Гарнитура"/>
		<phrase i="743" t="Настройки гарнитуры"/>
		<phrase i="744" t="Режим аналоговой гарнитуры"/>
		<phrase i="745" t="Аналоговая гарнитура"/>
		<phrase i="746" t="Обычный режим"/>
		<phrase i="747" t="Режим гарнитуры Jabra"/>
		<phrase i="748" t="Неподдерж формат .wav файла"/>
		<phrase i="749" t="Вмешаться" t.IP_330="Вмешаться"/>
		<phrase i="750" t="Осуществляется запись"/>
		<phrase i="751" t="Операция прервана"/>
		<phrase i="752" t="Фильтрация" t.IP_330="Фильтр."/>
		<phrase i="753" t="Воспроизведение отменено."/>
		<phrase i="754" t="Файл используется"/>
		<phrase i="755" t="Фон"/>
		<phrase i="756" t="Предварительный просмотр"/>
		<phrase i="757" t="Стандартный фон 1"/>
		<phrase i="758" t="Устройство не готово. Повторите попытку."/>
		<phrase i="759" t="Стандартный фон 2"/>
		<phrase i="760" t="Стандартный фон 3"/>
		<phrase i="761" t="Стандартный фон 4"/>
		<phrase i="762" t="Файл не найден" t.VVX_1500="Выбранное фоновое изображение недоступно"/>
		<phrase i="763" t="Cветлее"/>
		<phrase i="764" t="Темнее"/>
		<phrase i="765" t="Операция запрещена"/>
		<phrase i="766" t="Выполняется удаление"/>
		<phrase i="767" t="Для продолжения недостаточно памяти."/>
		<phrase i="768" t="Доступное время записи"/>
		<phrase i="769" t="Идентификатор устройства"/>
		<phrase i="770" t="Сервер каталога не отвечает" t.IP_330="Срв кат не отв"/>
		<phrase i="771" t="Поиск..."/>
		<phrase i="772" t="Цвет надписей"/>
		<phrase i="773" t="Надпись"/>
		<phrase i="774" t="Сброс"/>
		<phrase i="775" t="Отменить"/>
		<phrase i="776" t="Записей не найдено" t.IP_330="Нет записей"/>
		<phrase i="777" t="Проверка USB-устройства." t.IP_330="Пров. USB-устр."/>
		<phrase i="778" t="Подождите минуту..."/>
		<phrase i="779" t="Невозможно сохранить этот цвет."/>
		<phrase i="780" t="Текст может стать неразличимым."/>
		<phrase i="781" t="Перезапуск телефона"/>
		<phrase i="782" t="Перезагрузить телефон"/>
		<phrase i="783" t="Стандартный фон 5"/>
		<phrase i="784" t="Недопустимый индекс быстрого набора" t.IP_330="Недопустимый индекс быстрого набора"/>
		<phrase i="785" t="Запустить видео"/>
		<phrase i="786" t="Остановить видео"/>
		<phrase i="787" t="На весь экран"/>
		<phrase i="788" t="PIP"/>
		<phrase i="789" t="Выборка"/>
		<phrase i="790" t="Громче"/>
		<phrase i="791" t="Тише"/>
		<phrase i="792" t="Требуется контакт." t.VVX_1500="Требуется контакт."/>
		<phrase i="793" t="Контакт уже существует." t.VVX_1500="Контакт уже существует."/>
		<phrase i="794" t="Введите имя"/>
		<phrase i="795" t="Обмен"/>
		<phrase i="796" t="Режим Plantronics"/>
		<phrase i="797" t="Индекс быстрого набора существует." t.VVX_1500="Инд. б/наб сущ."/>
		<phrase i="798" t="Локальная камера"/>
		<phrase i="799" t="Вызовы секретаря"/>
		<phrase i="800" t="Заставка"/>
		<phrase i="801" t="Настройки камеры"/>
		<phrase i="802" t="АБВ"/>
		<phrase i="803" t="123"/>
		<phrase i="804" t="Введите номер (А,Б,В)"/>
		<phrase i="805" t="Введите номер (1,2,3)"/>
		<phrase i="806" t="Недопустимая конфигурация" t.VVX_1500="Неверная конфигурация"/>
		<phrase i="807" t="Ошибка входа"/>
		<phrase i="808" t="Передача"/>
		<phrase i="809" t="Целевая скорость кадров"/>
		<phrase i="810" t="Уровень яркости"/>
		<phrase i="811" t="Уровень насыщенности"/>
		<phrase i="812" t="Уровень контрастности"/>
		<phrase i="813" t="Уровень резкости"/>
		<phrase i="814" t="Подавление мерцания"/>
		<phrase i="815" t="Меню"/>
		<phrase i="816" t="Настройки видео"/>
		<phrase i="817" t="Автозапуск видео Tx"/>
		<phrase i="818" t="Режим видеоэкрана (Окно)"/>
		<phrase i="819" t="Главный"/>
		<phrase i="820" t="Ведомый"/>
		<phrase i="821" t="1000BT LAN Clock"/>
		<phrase i="822" t="1000BT PC Clock"/>
		<phrase i="823" t="Тип вызова"/>
		<phrase i="824" t="Аудио"/>
		<phrase i="825" t="Видео"/>
		<phrase i="826" t="Телефонный SIP конференции"/>
		<phrase i="827" t="Предпочтение HDX"/>
		<phrase i="828" t="Тип голосового набора"/>
		<phrase i="829" t="Подавление эха"/>
		<phrase i="830" t="Режим подавления эха"/>
		<phrase i="831" t="Перейти к"/>
		<phrase i="832" t="Режим видеоэкрана (Полный экран)"/>
		<phrase i="833" t="Заставка"/>
		<phrase i="834" t="Экранная заставка"/>
		<phrase i="835" t="Папка"/>
		<phrase i="836" t="Время на изображение (сек.)"/>
		<phrase i="837" t="Время ожидания (мин.)"/>
		<phrase i="838" t="Тип экранной заставки"/>
		<phrase i="839" t="Изображений не найдено."/>
		<phrase i="840" t="Фоновое изображение изменено."/>
		<phrase i="841" t="Видео Tx / Rx"/>
		<phrase i="842" t="Аудио Tx / Rx"/>
		<phrase i="843" t="Кодек медиа"/>
		<phrase i="844" t="Формат видео, Tx/Rx"/>
		<phrase i="845" t="Частота кадров, Tx/Rx"/>
		<phrase i="846" t="Скор.передачи (кб/с), Tx/Rx"/>
		<phrase i="847" t="Запросы на обновл., Tx/Rx"/>
		<phrase i="848" t="Пакеты медиа:"/>
		<phrase i="849" t="Концентратор USB подключен."/>
		<phrase i="850" t="Концентратор USB отключен."/>
		<phrase i="851" t="Мышь USB подключена."/>
		<phrase i="852" t="Мышь USB отключена."/>
		<phrase i="853" t="Клавиатура USB подключена."/>
		<phrase i="854" t="Клавиатура USB отключена."/>
		<phrase i="855" t="Видео возможно"/>
		<phrase i="856" t="Активный режим видео"/>
		<phrase i="857" t="Статистика видео"/>
		<phrase i="858" t="Статистика аудио"/>
		<phrase i="859" t="Очистка экрана"/>
		<phrase i="860" t="Сенсорный экран отключен."/>
		<phrase i="861" t="Для выхода нажмите любую клавишу."/>
		<phrase i="862" t="Локальный файл"/>
		<phrase i="863" t="Панель запуска приложений"/>
		<phrase i="864" t="Кодек аудио Tx"/>
		<phrase i="865" t="Кодек аудио Rx"/>
		<phrase i="866" t="Кодек видео Tx"/>
		<phrase i="867" t="Кодек видео Rx"/>
		<phrase i="868" t="Пустой экран"/>
		<phrase i="869" t="Полный экран в режиме автовидео"/>
		<phrase i="870" t="Выбрать режим видео"/>
		<phrase i="871" t="Qsetup (Быстрая настройка)" t.VVX_1500="Быстрая настройка"/>
		<phrase i="872" t="Быстрая настройка"/>
		<phrase i="873" t="Неподдерживаемый формат файла фона."/>
		<phrase i="874" t="Отключите телефон от сети перед"/>
		<phrase i="875" t="выполнением диагностики Ethernet."/>
		<phrase i="876" t="Для тестирования сети нажмите [0-4]."/>
		<phrase i="877" t="Режим: Стандартный режим"/>
		<phrase i="878" t="Неподдерживаемый режим."/>
		<phrase i="879" t="Дополнительный выход активен."/>
		<phrase i="880" t="Дополнительный выход неактивен."/>
		<phrase i="881" t="ACD (Авт. распределение вызовов)"/>
		<phrase i="882" t="Войти"/>
		<phrase i="883" t="Выйти"/>
		<phrase i="884" t="ВходА" t.IP_330="ВхA"/>
		<phrase i="885" t="ВыходА" t.IP_330="ВыхA"/>
		<phrase i="886" t="Вход/выход ACD"/>
		<phrase i="887" t="Состояние агента ACD"/>
		<phrase i="888" t="Исходное состояние ACD"/>
		<phrase i="889" t="Вход агента"/>
		<phrase i="890" t="Выход агента"/>
		<phrase i="891" t="Завершение"/>
		<phrase i="892" t="Состояние агента"/>
		<phrase i="893" t="Сервер не сконфигурирован"/>
		<phrase i="894" t="Искажение пакета (мс)"/>
		<phrase i="895" t="Макс. искажение (мс)"/>
		<phrase i="896" t="Расширение HDX"/>
		<phrase i="897" t="Введите расширение HDX:"/>
		<phrase i="898" t="50 Гц"/>
		<phrase i="899" t="60 Гц"/>
		<phrase i="900" t="Выбор среды"/>
		<phrase i="901" t="Установки видеовызова"/>
		<phrase i="902" t="Режим видеоэкрана"/>
		<phrase i="903" t="Просмотр локальной камеры"/>
		<phrase i="904" t="Просмотр локальной камеры (стандарт)"/>
		<phrase i="905" t="Просмотр локальной камеры (полный экран)"/>
		<phrase i="906" t="Реж. просм. локал. камеры (полн. экр.)"/>
		<phrase i="907" t="Обрезать"/>
		<phrase i="908" t="Рядом"/>
		<phrase i="909" t="Видео мож.быть.акт.\nдля 1 абон.одновр."/>
		<phrase i="910" t="Энергосбережение"/>
		<phrase i="911" t="Тайм-ауты"/>
		<phrase i="912" t="Рабочие часы"/>
		<phrase i="913" t="Обнаружение пользователя"/>
		<phrase i="914" t="Время начала"/>
		<phrase i="915" t="Тайм-аут простоя рабочего времени"/>
		<phrase i="916" t="Тайм-аут простоя нерабочего времени"/>
		<phrase i="917" t="Тайм-аут простоя входа пользователя"/>
		<phrase i="918" t="Чувствительность рабочего времени"/>
		<phrase i="919" t="Чувствительность нерабочего времени"/>
		<phrase i="920" t="Режим нерабочего времени"/>
		<phrase i="921" t="Введите дополнительные символы..." t.IP_330="Введ.больш.симв" t.VVX_1500="Слишком много результатов. Введите дополнительные символы."/>
		<phrase i="922" t="Расш.поиск"/>
		<phrase i="923" t="Расширенный поиск"/>
		<phrase i="924" t="Полностью закончить конференцию?"/>
		<phrase i="925" t=""/>
		<phrase i="926" t=""/>
		<phrase i="927" t=""/>
		<phrase i="928" t=""/>
		<phrase i="929" t=""/>
		<phrase i="930" t=""/>
		<phrase i="931" t=""/>
		<phrase i="932" t=""/>
		<phrase i="933" t=""/>
		<phrase i="934" t=""/>
		<phrase i="935" t=""/>
		<phrase i="936" t=""/>
		<phrase i="937" t=""/>
		<phrase i="938" t="Громкая связь"/>
		<phrase i="939" t=""/>
		<phrase i="940" t=""/>
		<phrase i="941" t=""/>
		<phrase i="942" t=""/>
		<phrase i="943" t=""/>
		<phrase i="944" t=""/>
		<phrase i="945" t=""/>
		<phrase i="946" t=""/>
		<phrase i="947" t=""/>
		<phrase i="948" t=""/>
		<phrase i="949" t=""/>
		<phrase i="950" t=""/>
		<phrase i="951" t=""/>
		<phrase i="952" t=""/>
		<phrase i="953" t=""/>
		<phrase i="954" t=""/>
		<phrase i="955" t=""/>
		<phrase i="956" t=""/>
		<phrase i="957" t=""/>
		<phrase i="958" t=""/>
		<phrase i="959" t="Приоритетный фон"/>
		<phrase i="960" t="Выбор фона"/>
		<phrase i="961" t="Фон"/>
		<phrase i="962" t="Конфигурация линии"/>
		<phrase i="963" t="Конфигурация сервера SIP" t.VVX_1500="Конфигурация сервера вызова"/>
		<phrase i="964" t="OAI Alert"/>
		<phrase i="965" t="OAI Call"/>
		<phrase i="966" t="LLDP"/>
		<phrase i="967" t="Расположение информации"/>
		<phrase i="968" t="Снимок экрана"/>
		<phrase i="969" t="SK1"/>
		<phrase i="970" t="SK2"/>
		<phrase i="971" t="SK3"/>
		<phrase i="972" t="SK4"/>
		<phrase i="973" t="Память USB: свободно %s"/>
		<phrase i="974" t="Установлено"/>
		<phrase i="975" t="Не установлено"/>
		<phrase i="976" t="Недопустимо"/>
		<phrase i="977" t="Использование ACD требует регистрации"/>
		<phrase i="978" t="Скорость соединения"/>
		<phrase i="979" t="Выбор скорости соединения"/>
		<phrase i="980" t="Скорость соед. Tx/Rx (кбит/с)"/>
		<phrase i="981" t="Память USB: заполнена"/>
		<phrase i="982" t="Конфигурация протокола"/>
		<phrase i="983" t="Выберите протокол"/>
		<phrase i="984" t="Тип протокола"/>
		<phrase i="985" t="SIP"/>
		<phrase i="986" t="H.323"/>
		<phrase i="987" t="SIP + H.323"/>
		<phrase i="988" t="Автообнаружение Gatekeeper"/>
		<phrase i="989" t="ID пользователя"/>
		<phrase i="990" t="Клавиши доступа к линии"/>
		<phrase i="991" t="Сервер вызова"/>
		<phrase i="992" t="Список серверов вызова пуст"/>
		<phrase i="993" t="Выход звонка"/>
		<phrase i="994" t="Запись"/>
		<phrase i="995" t="Запись приостановлена"/>
		<phrase i="996" t="Лицензии"/>
		<phrase i="997" t="Нет установленных лицензий"/>
		<phrase i="998" t="Diffie-Hellman Secret Key"/>
		<phrase i="999" t="Неподдерживаемая связь"/>
		<phrase i="1000" t="SSH"/>
		<phrase i="1001" t="Соединение SSH"/>
		<phrase i="1002" t="Состояние SSH"/>
		<phrase i="1003" t="Порт шлюза"/>
		<phrase i="1004" t="Подключено"/>
		<phrase i="1005" t="Код ошибки"/>
		<phrase i="1006" t="Использовать H.323"/>
		<phrase i="1007" t="Использовать SIP"/>
		<phrase i="1008" t="Использовать автомаршрутизацию"/>
		<phrase i="1009" t="(маршрутизация SIP)"/>
		<phrase i="1010" t="(маршрутизация H.323)"/>
		<phrase i="1011" t="(автомаршрутизация)"/>
		<phrase i="1012" t="Выберите протокол SIP или H.323"/>
		<phrase i="1013" t="Не указано"/>
		<phrase i="1014" t="Следующая страница с приложениями"/>
		<phrase i="1015" t="Исходная страница с приложениями"/>
		<phrase i="1016" t="Запись (удержание)"/>
		<phrase i="1017" t="Протокол маршрутизации"/>
		<phrase i="1018" t="Выбор протокола маршрутизации вручную"/>
		<phrase i="1019" t="Управление программными клавишами"/>
		<phrase i="1020" t="Предпочитаемый протокол"/>
		<phrase i="1021" t="Автоответ"/>
		<phrase i="1022" t="Автоответ на вызовы SIP"/>
		<phrase i="1023" t="Автоответ на вызовы H.323"/>
		<phrase i="1024" t="Отключение микрофона"/>
		<phrase i="1025" t="Отключение видео"/>
		<phrase i="1026" t="Предпочитаемый протокол при автомаршрут."/>
		<phrase i="1027" t="Протокол"/>
		<phrase i="1028" t="Протокол SIP"/>
		<phrase i="1029" t="Протокол H.323"/>
		<phrase i="1030" t="Разреш. совм. исп. "/>
		<phrase i="1031" t="Сигнал звонка"/>
		<phrase i="1032" t="Формат опции 60"/>
		<phrase i="1033" t="RFC3925 двоичный"/>
		<phrase i="1034" t="Строка ASCII"/>
		<phrase i="1035" t=""/>
		<phrase i="1036" t=""/>
		<phrase i="1037" t=""/>
		<phrase i="1038" t=""/>
		<phrase i="1039" t=""/>
		<phrase i="1040" t=""/>
		<phrase i="1041" t=""/>
		<phrase i="1042" t=""/>
		<phrase i="1043" t=""/>
		<phrase i="1044" t=""/>
		<phrase i="1045" t=""/>
		<phrase i="1046" t=""/>
		<phrase i="1047" t=""/>
		<phrase i="1048" t=""/>
		<phrase i="1049" t=""/>
		<phrase i="1050" t=""/>
		<phrase i="1051" t=""/>
		<phrase i="1052" t=""/>
		<phrase i="1053" t=""/>
		<phrase i="1054" t=""/>
		<phrase i="1055" t=""/>
		<phrase i="1056" t=""/>
		<phrase i="1057" t=""/>
		<phrase i="1058" t=""/>
		<phrase i="1059" t=""/>
		<phrase i="1060" t=""/>
		<phrase i="1061" t=""/>
		<phrase i="1062" t=""/>
		<phrase i="1063" t=""/>
		<phrase i="1064" t=""/>
		<phrase i="1065" t=""/>
		<phrase i="1066" t=""/>
		<phrase i="1067" t=""/>
		<phrase i="1068" t=""/>
		<phrase i="1069" t=""/>
		<phrase i="1070" t=""/>
		<phrase i="1071" t=""/>
		<phrase i="1072" t=""/>
		<phrase i="1073" t=""/>
		<phrase i="1074" t=""/>
		<phrase i="1075" t=""/>
		<phrase i="1076" t=""/>
		<phrase i="1077" t=""/>
		<phrase i="1078" t=""/>
		<phrase i="1079" t=""/>
		<phrase i="1080" t=""/>
		<phrase i="1081" t=""/>
		<phrase i="1082" t=""/>
		<phrase i="1083" t=""/>
		<phrase i="1084" t=""/>
		<phrase i="1085" t=""/>
		<phrase i="1086" t=""/>
		<phrase i="1087" t=""/>
		<phrase i="1088" t=""/>
		<phrase i="1089" t=""/>
		<phrase i="1090" t=""/>
		<phrase i="1091" t=""/>
		<phrase i="1092" t=""/>
		<phrase i="1093" t=""/>
		<phrase i="1094" t=""/>
		<phrase i="1095" t=""/>
		<phrase i="1096" t=""/>
		<phrase i="1097" t=""/>
		<phrase i="1098" t=""/>
		<phrase i="1099" t=""/>
		<phrase i="1100" t=""/>
		<phrase i="1101" t=""/>
		<phrase i="1102" t=""/>
		<phrase i="1103" t=""/>
		<phrase i="1104" t=""/>
		<phrase i="1105" t=""/>
		<phrase i="1106" t=""/>
		<phrase i="1107" t=""/>
		<phrase i="1108" t=""/>
		<phrase i="1109" t=""/>
		<phrase i="1110" t=""/>
		<phrase i="1111" t=""/>
		<phrase i="1112" t=""/>
		<phrase i="1113" t=""/>
		<phrase i="1114" t=""/>
		<phrase i="1115" t=""/>
		<phrase i="1116" t=""/>
		<phrase i="1117" t="Сохранение и перезапуск"/>
		<phrase i="1118" t=""/>
		<phrase i="1119" t="2.5 mm Mode"/>
		<phrase i="1120" t="Cell Phone"/>
		<phrase i="1121" t="PC Link"/>
		<phrase i="1122" t="Prompt"/>
		<phrase i="1123" t="Operational Mode"/>
		<phrase i="1124" t="PSTN"/>
		<phrase i="1125" t="Retained Message"/>
		<phrase i="1126" t=""/>
		<phrase i="1127" t="Диагностика сенсорного экрана"/>
		<phrase i="1128" t="Для выхода нажмите любую клавишу."/>
		<phrase i="1129" t="Коснитесь экрана для проверки."/>
		<phrase i="1130" t="Каталог CMA"/>
		<phrase i="1131" t="Группы"/>
		<phrase i="1132" t="Добавить контакт"/>
		<phrase i="1133" t="Меню CMA"/>
		<phrase i="1134" t="Режим CMA"/>
		<phrase i="1135" t="Сервер CMA"/>
		<phrase i="1136" t="Имя и пароль пользователя"/>
		<phrase i="1137" t="Пользователь"/>
		<phrase i="1138" t="Действует до"/>
		<phrase i="1139" t="Истек"/>
		<phrase i="1140" t="Сброс Веб-конфигурации" t.IP_330="Сброс Веб-конф."/>
		<phrase i="1141" t="TR-069 Enable"/>
		<phrase i="1142" t="TR-069 URL"/>
		<phrase i="1143" t="TR-069 SSL"/>
		<phrase i="1144" t="TR-069 Inform Interval"/>
		<phrase i="1145" t="TR-069 Username"/>
		<phrase i="1146" t="TR-069 Password"/>
		<phrase i="1147" t="Заблокировать телефон"/>
		<phrase i="1148" t="Блокировка"/>
		<phrase i="1149" t="Разблокировка"/>
		<phrase i="1150" t="Телефон заблокирован."/>
		<phrase i="1151" t="Только разрешенные вызовы."/>
		<phrase i="1152" t="Не беспокоить при блокировке"/>
		<phrase i="1153" t="Разрешить звонки при блокировке"/>
		<phrase i="1154" t="Разблокировать телефон?"/>
		<phrase i="1155" t="Ответить на вызов?"/>
		<phrase i="1156" t="Выполнить разрешенный вызов"/>
		<phrase i="1157" t="Неразрешенный номер"/>
		<phrase i="1158" t="Номер телефона"/>
		<phrase i="1159" t="Адрес SIP"/>
		<phrase i="1160" t="Shutdown initiated"/>
		<phrase i="1161" t="On-hook Dialing"/>
		<phrase i="1162" t="Off-hook Dialing"/>
		<phrase i="1163" t="Режим аудио"/>
		<phrase i="1164" t="Country"/>
		<phrase i="1165" t="Контакт не поддерживает присутствие. Сохранить контакт в локальный каталог?"/>
		<phrase i="1166" t="Flash Timing"/>
		<phrase i="1167" t="Caller ID"/>
		<phrase i="1168" t="80"/>
		<phrase i="1169" t="100"/>
		<phrase i="1170" t="300"/>
		<phrase i="1171" t="600"/>
		<phrase i="1172" t="Removed"/>
		<phrase i="1173" t="ЖурнВыз"/>
		<phrase i="1174" t="Ошибка блокировки телефона."/>
		<phrase i="1175" t="PSTN Extension"/>
		<phrase i="1176" t="Enter PSTN Extension:"/>
		<phrase i="1177" t="Искать в"/>
		<phrase i="1178" t="Трубка/Гарнитура"/>
		<phrase i="1179" t="Невозможно добавить себя в список друзей."/>
		<phrase i="1180" t="Dismiss"/>
		<phrase i="1181" t="Snooze"/>
		<phrase i="1182" t="%s will start in %d %s at %s"/>
		<phrase i="1183" t="Calendar"/>
		<phrase i="1184" t="minutes"/>
		<phrase i="1185" t="seconds"/>
		<phrase i="1186" t="minute"/>
		<phrase i="1187" t="second"/>
		<phrase i="1188" t="Keypad Lock"/>
		<phrase i="1189" t="Keypad Unlock"/>
		<phrase i="1190" t="Keypad locked."/>
		<phrase i="1191" t="Lock the phone?"/>
		<phrase i="1192" t="Группы не найдены."/>
		<phrase i="1193" t="Сертификаты устройства"/>
		<phrase i="1194" t="Серт. Polycom" t.VVX_1500="Серт. Polycom сконфиг."/>
		<phrase i="1195" t="Серт. уст." t.VVX_1500="Сконфиг. серт. устан."/>
		<phrase i="1196" t="Имеется серт. Polycom" t.VVX_1500="Имеется серт. устр-ва Polycom"/>
		<phrase i="1197" t="Имеется пользовательский" t.VVX_1500="Имеется польз. серт. устройства"/>
		<phrase i="1198" t="Описание польз." t.VVX_1500="Описание польз. серт."/>
		<phrase i="1199" t="TR-069 Upgrades Managed"/>
		<phrase i="1200" t="Серт. устр-ва"/>
		<phrase i="1201" t="Идет воспроизведение."/>
		<phrase i="1202" t="Локальный каталог контактов только чтение."/>
		<phrase i="1203" t="Ошибка при аутентификации CMA."/>
		<phrase i="1204" t="Ошибка обеспечения CMA."/>
		<phrase i="1205" t="Удаленные клавиатура и мышь"/>
		<phrase i="1206" t="Телефон слева или справа от компьютера?"/>
		<phrase i="1207" t="Слева"/>
		<phrase i="1208" t="Справа"/>
		<phrase i="1209" t="Список"/>
		<phrase i="1210" t="Введите код причины"/>
		<phrase i="1211" t="Передать конфигурацию"/>
		<phrase i="1212" t="TR-069"/>
		<phrase i="1213" t="CMA"/>
		<phrase i="1214" t="Все источники"/>
		<phrase i="1215" t="Локальный"/>
		<phrase i="1216" t="Интернет"/>
		<phrase i="1217" t="Передать"/>
		<phrase i="1218" t="Файлы конфигурации" t.IP_330="Конф. файлы"/>
		<phrase i="1219" t="Недоступн. код причины"/>
		<phrase i="1220" t="Агент недост."/>
		<phrase i="1221" t="Предупр. файла конфиг." t.IP_330="Конф. до3.3.0"/>
		<phrase i="1222" t=" содержит параметры до-3.3.0"/>
		<phrase i="1223" t="нет"/>
		<phrase i="1224" t="Профиль"/>
		<phrase i="1225" t="Параметры уже существуют" t.IP_330="Параметры существуют"/>
		<phrase i="1226" t="Найдены ошибки"/>
		<phrase i="1227" t="Параметры приняты"/>
		<phrase i="1228" t="Найдены параметры до-3.3.0."/>
		<phrase i="1229" t="Найдены параметры до-3.3.0 в" t.IP_330="Параметры до-3.3.0 в:"/>
		<phrase i="1230" t="Запрос приостановлен, попробуйте позже."/>
		<phrase i="1231" t="Каталог CMA не зарегистрирован."/>
		<phrase i="1232" t="Присутствие CMA не зарегистрировано."/>
		<phrase i="1233" t="Инфо вызова"/>
		<phrase i="1234" t="Обновить конфигурацию"/>
		<phrase i="1235" t="Недопустимые учетные данные"/>
		<phrase i="1236" t="Невозможно получить адрес."/>
		<phrase i="1237" t="Ошибка набора контакта."/>
		<phrase i="1238" t="Ошибка добавления контакта."/>
		<phrase i="1239" t="Статус CMA"/>
		<phrase i="1240" t="Регистрация присутствия"/>
		<phrase i="1241" t="Регистрация каталога"/>
		<phrase i="1242" t="Состояние обеспечения"/>
		<phrase i="1243" t="Имя сервера"/>
		<phrase i="1244" t="Проверка обновления ПО"/>
		<phrase i="1245" t="Проверка обновления профиля"/>
		<phrase i="1246" t="Отчет синхронизации"/>
		<phrase i="1247" t="Успешно"/>
		<phrase i="1248" t="Сбой"/>
		<phrase i="1249" t="Приглашения"/>
		<phrase i="1250" t="Ожидает приглашение друга"/>
		<phrase i="1251" t="Присутствие"/>
		<phrase i="1252" t="Метод принятия приглашений"/>
		<phrase i="1253" t="Интервал опроса обеспечения"/>
		<phrase i="1254" t="Автомат"/>
		<phrase i="1255" t="Перепроверка"/>
		<phrase i="1256" t="При недопустимых учетных данных пользователя перепроверка может блокировать учетную запись."/>
		<phrase i="1257" t="Продолжить?"/>
		<phrase i="1258" t="Ошибка обеспечения" t.IP_330="Ошибка Конфиг."/>
		<phrase i="1259" t="Ошибка обновления конфигурации."/>
                <phrase i="1260" t="" />
                <phrase i="1261" t="" />
                <phrase i="1262" t="" />
                <phrase i="1263" t="Форв" />
	</phrases>
	<textEntry>
		<Entry ID="0" key="=, $/~_?0"/>
		<Entry ID="1" key="!|'^\@:1"/>
		<Entry ID="2" key="aбвгАБВГ2abc"/>
		<Entry ID="3" key="деёжзДЕЁЖЗ3def"/>
		<Entry ID="4" key="ийклИЙКЛ4ghi"/>
		<Entry ID="5" key="мнопМНОП5jkl"/>
		<Entry ID="6" key="рстуРСТУ6mno"/>
		<Entry ID="7" key="фхцч7pqrs"/>
		<Entry ID="8" key="шщъыШЩЪЫ8tuv"/>
		<Entry ID="9" key="ьэюяЬЭЮЯ9wxyz"/>
		<Entry ID="*" key=".*#-&amp;%+;"/>
		<Entry ID="#"/>
	</textEntry>
</dictionary>