﻿<?xml version="1.0" encoding="UTF-8" standalone="yes"?>
<dictionary>
	<phrases>
		<phrase i="0" t="Tilbage"/>
		<phrase i="1" t="Ring op"/>
		<phrase i="2" t="Redigér kontakt"/>
		<phrase i="3" t="Rediger"/>
		<phrase i="4" t="Op"/>
		<phrase i="5" t="Gem"/>
		<phrase i="6" t="Mere"/>
		<phrase i="7" t="Ny"/>
		<phrase i="8" t="OK"/>
		<phrase i="9" t="Tilføj"/>
		<phrase i="10" t="Ryd"/>
		<phrase i="11" t="Info"/>
		<phrase i="12" t="Send"/>
		<phrase i="13" t="Vælg"/>
		<phrase i="14" t="Slet"/>
		<phrase i="15" t="Importér"/>
		<phrase i="16" t="Blokér"/>
		<phrase i="17" t="Kontaktperson"/>
		<phrase i="18" t="Fjern blokering" t.IP_330="Fjern blok"/>
		<phrase i="19" t="MinStat" t.VVX_1500="My Status"/>
		<phrase i="20" t="Kontaktpersoner" t.IP_330="Kontaktperson"/>
		<phrase i="21" t="Genoptag"/>
		<phrase i="22" t="Afspil"/>
		<phrase i="23" t="Stop samtale" t.IP_330="Stopsamtale"/>
		<phrase i="24" t="Ny samtale" t.IP_330="Nysamtale"/>
		<phrase i="25" t="Genkald"/>
		<phrase i="26" t="Svar"/>
		<phrase i="27" t="Navn"/>
		<phrase i="28" t="Nummer"/>
		<phrase i="29" t="Vent"/>
		<phrase i="30" t="Konference" t.IP_330="Konf" t.VVX_1500="Konference"/>
		<phrase i="31" t="Overfør" t.IP_330="Viderestil" t.VVX_1500="Viderestil"/>
		<phrase i="32" t="Slut"/>
		<phrase i="33" t="Næste"/>
		<phrase i="34" t="Forrige" t.VVX_1500="Forrige"/>
		<phrase i="35" t="Svar"/>
		<phrase i="36" t="Afslut"/>
		<phrase i="37" t="Annuller"/>
		<phrase i="38" t="a-&gt;A"/>
		<phrase i="39" t="A-&gt;a"/>
		<phrase i="40" t="-&gt;ABC"/>
		<phrase i="41" t="&lt;&lt;"/>
		<phrase i="42" t="Send"/>
		<phrase i="43" t="Næste side" t.VVX_1500="Næste side"/>
		<phrase i="44" t="Opdater"/>
		<phrase i="45" t="Onlinemeddelelser"/>
		<phrase i="46" t="Ingen meddelelser"/>
		<phrase i="47" t="Send meddelelse til "/>
		<phrase i="48" t="Indtast besked til "/>
		<phrase i="49" t="Min Status"/>
		<phrase i="50" t="Katalog"/>
		<phrase i="51" t="Kataloger"/>
		<phrase i="52" t="Tjeneste"/>
		<phrase i="53" t="Programmer"/>
		<phrase i="54" t="Kviknummer"/>
		<phrase i="55" t="Kviknummer-info" t.VVX_1500="Kviknummer-information"/>
		<phrase i="56" t="Opkaldslister"/>
		<phrase i="57" t="Redigér kontakt"/>
		<phrase i="58" t="Liste over kontaktpersoner"/>
		<phrase i="59" t="Liste over personer, der kan se mig"/>
		<phrase i="60" t="Liste over blokerede personer"/>
		<phrase i="61" t="Mistede opkald"/>
		<phrase i="62" t="Modtagne opkald"/>
		<phrase i="63" t="Udførte opkald"/>
		<phrase i="64" t="CDP kompat" t.IP_330="CDP kompat"/>
		<phrase i="65" t="Prog. information"/>
		<phrase i="66" t="Understøttede codecs"/>
		<phrase i="67" t="Tilføj kontaktperson"/>
		<phrase i="68" t="Netværksoversigt"/>
		<phrase i="69" t="Lister over kontaktpersoner"/>
		<phrase i="70" t="Kontaktperson-status"/>
		<phrase i="71" t="Ringetype"/>
		<phrase i="72" t="Status"/>
		<phrase i="73" t="Indstillinger"/>
		<phrase i="74" t="Hovedmenu"/>
		<phrase i="75" t="Netværksstatistik"/>
		<phrase i="76" t="Mediestatistik"/>
		<phrase i="77" t="Firmwareversion"/>
		<phrase i="78" t="Kontrast"/>
		<phrase i="79" t="Netværkskonfiguration"/>
		<phrase i="80" t="Opkaldsinformation"/>
		<phrase i="81" t="Information"/>
		<phrase i="82" t="Systeminformation"/>
		<phrase i="83" t="Aktiv"/>
		<phrase i="84" t="Inaktiv"/>
		<phrase i="85" t="Ukendt part"/>
		<phrase i="86" t="dag"/>
		<phrase i="87" t="dage"/>
		<phrase i="88" t="Forespørger"/>
		<phrase i="89" t="Forespørgsel slog fejl"/>
		<phrase i="90" t="Engelsk"/>
		<phrase i="91" t="Intern"/>
		<phrase i="92" t="Fuld duplex"/>
		<phrase i="93" t="Halv duplex"/>
		<phrase i="94" t="Vis"/>
		<phrase i="95" t="*** ADVARSEL ***"/>
		<phrase i="96" t="Router"/>
		<phrase i="97" t="Ned"/>
		<phrase i="98" t="Forløbet tid"/>
		<phrase i="99" t="Pakker modtaget"/>
		<phrase i="100" t="Pakker sendt"/>
		<phrase i="101" t="Pakker tabt"/>
		<phrase i="102" t="LAN-stik"/>
		<phrase i="103" t="PC-stik"/>
		<phrase i="104" t="Instant Msg" t.IP_330="IM"/>
		<phrase i="105" t="Angiv oprindelse"/>
		<phrase i="106" t="Aktivér"/>
		<phrase i="107" t="Jitter (ms)"/>
		<phrase i="108" t="Maks. Jitter (ms)"/>
		<phrase i="109" t="Latenstid (ms)"/>
		<phrase i="110" t="Prog. vers."/>
		<phrase i="111" t="Boot version"/>
		<phrase i="112" t="Ring"/>
		<phrase i="113" t="Ingen poster"/>
		<phrase i="114" t="Mistede opkald"/>
		<phrase i="115" t="Modtagne opkald"/>
		<phrase i="116" t="Udførte opkald"/>
		<phrase i="117" t="Slettet"/>
		<phrase i="118" t="Kontakt"/>
		<phrase i="119" t="PM"/>
		<phrase i="120" t="AM"/>
		<phrase i="121" t="Tidspunkt"/>
		<phrase i="122" t="Navn"/>
		<phrase i="123" t="Varighed"/>
		<phrase i="124" t="siger: "/>
		<phrase i="125" t="Besked til "/>
		<phrase i="126" t="Fik din besked."/>
		<phrase i="127" t="Ring til mig."/>
		<phrase i="128" t="Ring senere."/>
		<phrase i="129" t="Kan ikke snakke nu."/>
		<phrase i="130" t="Frokost?"/>
		<phrase i="131" t="Importeret"/>
		<phrase i="132" t="Import mislykkedes"/>
		<phrase i="133" t="Sprog"/>
		<phrase i="134" t="Indtast nummer"/>
		<phrase i="135" t="Indtast URL"/>
		<phrase i="136" t="Opdel"/>
		<phrase i="137" t="Foren"/>
		<phrase i="138" t="Til"/>
		<phrase i="139" t="Fra"/>
		<phrase i="140" t="Viderestil" t.IP_330="Viderestil"/>
		<phrase i="141" t="Til"/>
		<phrase i="142" t="Vent"/>
		<phrase i="143" t="Parkeret"/>
		<phrase i="144" t=" ny besked"/>
		<phrase i="145" t=" nye beskeder"/>
		<phrase i="146" t="Ring op"/>
		<phrase i="147" t="Netværksforbindelsen er nede"/>
		<phrase i="148" t="Genkonfigurerer netværk" t.IP_330="Genkonfigurér" t.VVX_1500="Reconfiguring"/>
		<phrase i="149" t="nyt mistet opkald"/>
		<phrase i="150" t="nye mistede opkald"/>
		<phrase i="151" t="Reboot indledt"/>
		<phrase i="152" t="Opkald parkeret"/>
		<phrase i="153" t="Afbrudt"/>
		<phrase i="154" t="Online"/>
		<phrase i="155" t="Optaget"/>
		<phrase i="156" t="Kommer snart"/>
		<phrase i="157" t="Væk"/>
		<phrase i="158" t="Taler i telefon"/>
		<phrase i="159" t="Til frokost"/>
		<phrase i="160" t="I møde"/>
		<phrase i="161" t="Offline"/>
		<phrase i="162" t="Vil ikke forstyrres"/>
		<phrase i="163" t="Timeout"/>
		<phrase i="164" t="Bootserver"/>
		<phrase i="165" t="Bootservervalg"/>
		<phrase i="166" t="Bootservertype"/>
		<phrase i="167" t="Servertype" t.IP_330="Servertype"/>
		<phrase i="168" t="Serveradresse" t.IP_330="Serveradr"/>
		<phrase i="169" t="Serverbruger" t.IP_330="Serverbruger"/>
		<phrase i="170" t="Serveradgangskode" t.IP_330="Serveradgangsk"/>
		<phrase i="171" t="DHCP-klient" t.IP_330="DHCP-klient"/>
		<phrase i="172" t="DHCP-menu"/>
		<phrase i="173" t="Telefon-IP-adr." t.VVX_1500="Telefonens  IP-adresse"/>
		<phrase i="174" t="Undernetmaske" t.IP_330="Undernetmaske"/>
		<phrase i="175" t="IP-gateway"/>
		<phrase i="176" t="Server-menu" t.IP_330="Server-menu"/>
		<phrase i="177" t="SNTP-adresse" t.IP_330="SNTP-adr"/>
		<phrase i="178" t="GMT-forskydning"/>
		<phrase i="179" t="DNS-server"/>
		<phrase i="180" t="DNS Alt. server"/>
		<phrase i="181" t="DNS-domæne"/>
		<phrase i="182" t="VLAN-ID"/>
		<phrase i="183" t=" Gem indst."/>
		<phrase i="184" t=" Afslut u/a gemme"/>
		<phrase i="185" t=" Genoptag opsætning"/>
		<phrase i="186" t="DHCP"/>
		<phrase i="187" t="MAC"/>
		<phrase i="188" t="IP"/>
		<phrase i="189" t="DNS"/>
		<phrase i="190" t="Bootserver"/>
		<phrase i="191" t="Alt. DNS"/>
		<phrase i="192" t="Option 66"/>
		<phrase i="193" t="Brugerdefineret"/>
		<phrase i="194" t="Statisk"/>
		<phrase i="195" t="IP-adresse"/>
		<phrase i="196" t="Streng"/>
		<phrase i="197" t="FTP"/>
		<phrase i="198" t="Trivial FTP"/>
		<phrase i="199" t="Aktiveret"/>
		<phrase i="200" t="Deaktiveret"/>
		<phrase i="201" t="Maske"/>
		<phrase i="202" t="**-**"/>
		<phrase i="203" t="Domæne"/>
		<phrase i="204" t="VLAN ID"/>
		<phrase i="205" t="Server"/>
		<phrase i="206" t="Progr. version"/>
		<phrase i="207" t="Fil"/>
		<phrase i="208" t="Konfig"/>
		<phrase i="209" t="Bootrom"/>
		<phrase i="210" t="Res.del nr"/>
		<phrase i="211" t="SendeCodec"/>
		<phrase i="212" t="ModtageCodec"/>
		<phrase i="213" t="Sprog ændret."/>
		<phrase i="214" t="Sprogændring mislykkedes."/>
		<phrase i="215" t="Vent venligst..."/>
		<phrase i="216" t="Vælg linie"/>
		<phrase i="217" t="Linie"/>
		<phrase i="218" t="Søg"/>
		<phrase i="219" t="Sortér"/>
		<phrase i="220" t="Søg i liste"/>
		<phrase i="221" t="Sorter liste"/>
		<phrase i="222" t="Fornavn"/>
		<phrase i="223" t="Efternavn"/>
		<phrase i="224" t="Systemstatus"/>
		<phrase i="225" t="Generelt"/>
		<phrase i="226" t="Liste over kontakter"/>
		<phrase i="227" t="Kontakter"/>
		<phrase i="228" t="Tilpas+Opt. 66"/>
		<phrase i="229" t="Linie-information"/>
		<phrase i="230" t="Registreret"/>
		<phrase i="231" t="Ikke registreret"/>
		<phrase i="232" t="Godkendelse"/>
		<phrase i="233" t="Reg bruger"/>
		<phrase i="234" t="Reg adgangskode"/>
		<phrase i="235" t="Video"/>
		<phrase i="236" t="Beskeder"/>
		<phrase i="237" t="Beskedcenter"/>
		<phrase i="238" t="I konference"/>
		<phrase i="239" t="Hastemeddelelser"/>
		<phrase i="240" t="Hastemeddelelser"/>
		<phrase i="241" t="Ny"/>
		<phrase i="242" t="Nye"/>
		<phrase i="243" t="Gammel"/>
		<phrase i="244" t="Gamle"/>
		<phrase i="245" t="Tilslut" t.IP_330="Tilslut"/>
		<phrase i="246" t="Tilføj mappe"/>
		<phrase i="247" t="Redigér kontakt"/>
		<phrase i="248" t="Kviknummer-liste"/>
		<phrase i="249" t="Omdirigering"/>
		<phrase i="250" t="Afvis"/>
		<phrase i="251" t="Viderestil" t.IP_330="Viderestil"/>
		<phrase i="252" t="Dette opkald"/>
		<phrase i="253" t="Nulstil brugerindstillinger"/>
		<phrase i="254" t="Omdirigér kontakt"/>
		<phrase i="255" t="Auto-afvis"/>
		<phrase i="256" t="Auto-omdirigér"/>
		<phrase i="257" t="Gemt"/>
		<phrase i="258" t="Fejl"/>
		<phrase i="259" t="Kontakt findes allerede."/>
		<phrase i="260" t="Deaktivér"/>
		<phrase i="261" t="Hold øje med kontaktperson"/>
		<phrase i="262" t="Blokér kontaktperson"/>
		<phrase i="263" t="Prøv venligst igen."/>
		<phrase i="264" t="Ur"/>
		<phrase i="265" t="Ur Dato"/>
		<phrase i="266" t="Format"/>
		<phrase i="267" t="Søndag"/>
		<phrase i="268" t="Mandag"/>
		<phrase i="269" t="Tirsdag"/>
		<phrase i="270" t="Onsdag"/>
		<phrase i="271" t="Torsdag"/>
		<phrase i="272" t="Fredag"/>
		<phrase i="273" t="Lørdag"/>
		<phrase i="274" t="Januar"/>
		<phrase i="275" t="Februar"/>
		<phrase i="276" t="Marts"/>
		<phrase i="277" t="April"/>
		<phrase i="278" t="Maj"/>
		<phrase i="279" t="Juni"/>
		<phrase i="280" t="Juli"/>
		<phrase i="281" t="August"/>
		<phrase i="282" t="September"/>
		<phrase i="283" t="Oktober"/>
		<phrase i="284" t="November"/>
		<phrase i="285" t="December"/>
		<phrase i="286" t="Ur Tid"/>
		<phrase i="287" t="Indstil alle"/>
		<phrase i="288" t="Ryd alle"/>
		<phrase i="289" t="Headset-hukommelse"/>
		<phrase i="290" t="Headset-hukommelsestilstand"/>
		<phrase i="291" t="Fejl under import."/>
		<phrase i="292" t="Blokeret af aktivt opkald." t.VVX_1500="Aktivt opkald, handling annulleret."/>
		<phrase i="293" t="Indtast venligst kontakt."/>
		<phrase i="294" t="Overfør til"/>
		<phrase i="295" t="Konference med"/>
		<phrase i="296" t="Indtast"/>
		<phrase i="297" t="Skift adgangskode"/>
		<phrase i="298" t="Skift brugeradgangskode" t.VVX_1500="Ændr brugeradgangskode"/>
		<phrase i="299" t="Skift admin. adgangskode" t.VVX_1500="Ændr admin.adgangskode"/>
		<phrase i="300" t="Brugeradgangskode"/>
		<phrase i="301" t="Admin adgangskode" t.VVX_1500="Administratoradgangskode"/>
		<phrase i="302" t="Brugeradgangskode ændret." t.VVX_1500="Brugeradgangskode ændret."/>
		<phrase i="303" t="Admin. adgangskode ændret." t.VVX_1500="Administratoradgangskode ændret."/>
		<phrase i="304" t="Prøv venligst igen."/>
		<phrase i="305" t="Gammel adgangskode"/>
		<phrase i="306" t="Ny adgangskode"/>
		<phrase i="307" t="Bekræft ny"/>
		<phrase i="308" t="Adgangskode for kort." t.VVX_1500="Beklager, adgangskoden er for kort."/>
		<phrase i="309" t="Forr.Si." t.VVX_1500="Forrige side"/>
		<phrase i="310" t="Ascii"/>
		<phrase i="311" t="Latinske"/>
		<phrase i="312" t="Kyrilliske"/>
		<phrase i="313" t="Unicode"/>
		<phrase i="314" t="Minimumslængde er"/>
		<phrase i="315" t="1/A/a"/>
		<phrase i="316" t="Opkaldsressourcer ikke tilgængelige."/>
		<phrase i="317" t="Kodning" t.IP_330="Kod"/>
		<phrase i="318" t="LAN-hastighed"/>
		<phrase i="319" t="PC-hastighed"/>
		<phrase i="320" t="Ukendt "/>
		<phrase i="321" t="Flash-indstillinger nulstillet."/>
		<phrase i="322" t="LAN-modus "/>
		<phrase i="323" t="PC-modus "/>
		<phrase i="324" t="SNTP"/>
		<phrase i="325" t="GMT offset"/>
		<phrase i="326" t="Sommertid"/>
		<phrase i="327" t="Til"/>
		<phrase i="328" t="Fra"/>
		<phrase i="329" t="CPU-belastning"/>
		<phrase i="330" t="Hurtigere"/>
		<phrase i="331" t="Langsommere"/>
		<phrase i="332" t="Indlæs"/>
		<phrase i="333" t="Interval"/>
		<phrase i="334" t="Listen er for lang."/>
		<phrase i="335" t="Felt ikke fundet."/>
		<phrase i="336" t="Listen er slut."/>
		<phrase i="337" t="Kontakten blev slettet."/>
		<phrase i="338" t="Linen bruges af en anden"/>
		<phrase i="339" t="Netværksbelastning"/>
		<phrase i="340" t="Bytes pr. sekund"/>
		<phrase i="341" t="Pakker pr. sekund"/>
		<phrase i="342" t="DSP-belastning"/>
		<phrase i="343" t="Host-belastning"/>
		<phrase i="344" t="Modus"/>
		<phrase i="345" t="Diagnostik"/>
		<phrase i="346" t="Audio-diagnostik"/>
		<phrase i="347" t="Tastatur-diagnostik"/>
		<phrase i="348" t="Display-diagnostik" t.VVX_1500="Display-diagnostik"/>
		<phrase i="349" t="Højttaler"/>
		<phrase i="350" t="Telefonrør"/>
		<phrase i="351" t="OK"/>
		<phrase i="352" t="Fejl"/>
		<phrase i="353" t="Test færdig"/>
		<phrase i="354" t="Afslut: Tryk på tasten to gange."/>
		<phrase i="355" t="Tryk på tast for at bekræfte funktion" t.VVX_1500="Bekræft: tryk på en tast"/>
		<phrase i="356" t="Optag"/>
		<phrase i="357" t="Stop"/>
		<phrase i="358" t="Ugyldig tast"/>
		<phrase i="359" t="Gaffel"/>
		<phrase i="360" t="Stoppet"/>
		<phrase i="361" t="Afspiller"/>
		<phrase i="362" t="Optagelse"/>
		<phrase i="363" t="IP-adresse findes allerede"/>
		<phrase i="364" t="Genstart"/>
		<phrase i="365" t="detekteret fra"/>
		<phrase i="366" t="Søn"/>
		<phrase i="367" t="Man"/>
		<phrase i="368" t="Tir"/>
		<phrase i="369" t="Ons"/>
		<phrase i="370" t="Tor"/>
		<phrase i="371" t="Fre"/>
		<phrase i="372" t="Lør"/>
		<phrase i="373" t="Jan"/>
		<phrase i="374" t="Feb"/>
		<phrase i="375" t="Mar"/>
		<phrase i="376" t="Apr"/>
		<phrase i="377" t="Maj"/>
		<phrase i="378" t="Jun"/>
		<phrase i="379" t="Jul"/>
		<phrase i="380" t="Aug"/>
		<phrase i="381" t="Sep"/>
		<phrase i="382" t="Okt"/>
		<phrase i="383" t="Nov"/>
		<phrase i="384" t="Dec"/>
		<phrase i="385" t="Hukommelsesforbrug"/>
		<phrase i="386" t="Aktivt opkald"/>
		<phrase i="387" t="Stille"/>
		<phrase i="388" t="Server ikke tilgængelig."/>
		<phrase i="389" t="Ur-rækkefølge"/>
		<phrase i="390" t="Dato over tid"/>
		<phrase i="391" t="Tid over dato"/>
		<phrase i="392" t="Dato før tid"/>
		<phrase i="393" t="Tid før dato"/>
		<phrase i="394" t="Japansk tegnsæt"/>
		<phrase i="395" t="Opkaldstoner"/>
		<phrase i="396" t="V.I.F."/>
		<phrase i="397" t="Chk ind/ud" t.IP_330="Ind/ud"/>
		<phrase i="398" t="Agt. tilg." t.IP_330="Tilg"/>
		<phrase i="399" t="Ret"/>
		<phrase i="400" t="1-&gt;Aa"/>
		<phrase i="401" t="A-&gt;a1"/>
		<phrase i="402" t="a-&gt;1A"/>
		<phrase i="403" t="Vis navn" t.IP_330="Visnavn"/>
		<phrase i="404" t="Linier"/>
		<phrase i="405" t="Mærkat"/>
		<phrase i="406" t="Begynd tastatur-optagelse"/>
		<phrase i="407" t="Url-opkald deaktiveret" t.IP_330="Url-opkald deaktiveret"/>
		<phrase i="408" t="Løft venligst røret"/>
		<phrase i="409" t="Lytte-tilstand"/>
		<phrase i="410" t="Parkér"/>
		<phrase i="411" t="Hent" t.VVX_1500="Hent"/>
		<phrase i="412" t="Gruppe"/>
		<phrase i="413" t="Henvist" t.VVX_1500="Henvist"/>
		<phrase i="414" t="Hjem"/>
		<phrase i="415" t="Opdatér"/>
		<phrase i="416" t="Sidste svar"/>
		<phrase i="417" t="Sdst. sv."/>
		<phrase i="418" t="Funktioner"/>
		<phrase i="419" t="Blind"/>
		<phrase i="420" t="Headset"/>
		<phrase i="421" t="ACD-Agent-tilgængelighed"/>
		<phrase i="422" t="ACD log ind/log ud"/>
		<phrase i="423" t="Log ind"/>
		<phrase i="424" t="Log ud"/>
		<phrase i="425" t="Tilgængelig"/>
		<phrase i="426" t="Ikke tilgængelig"/>
		<phrase i="427" t="Bruger-ID"/>
		<phrase i="428" t="Adgangskode"/>
		<phrase i="429" t="Besvar"/>
		<phrase i="430" t="Blind viderestilling til"/>
		<phrase i="431" t="Tilgængelig" t.VVX_1500="Tilgængelig"/>
		<phrase i="432" t="Ikke tilgængelig" t.VVX_1500="Ikke tilgængelig"/>
		<phrase i="433" t="SIP-konfiguration"/>
		<phrase i="434" t="Adresse"/>
		<phrase i="435" t="Linietype"/>
		<phrase i="436" t="Tredjepartsnavn"/>
		<phrase i="437" t="Privat"/>
		<phrase i="438" t="Delt"/>
		<phrase i="439" t="Port"/>
		<phrase i="440" t="Transport"/>
		<phrase i="441" t="Registrér"/>
		<phrase i="442" t="Udg proxy" t.VVX_1500="SIP udgående proxy"/>
		<phrase i="443" t="Udg port" t.VVX_1500="SIP udg port"/>
		<phrase i="444" t="RFC2543 Hold" t.IP_330="RFC2543Hold"/>
		<phrase i="445" t="Ja"/>
		<phrase i="446" t="Nej"/>
		<phrase i="447" t="Kun UDP"/>
		<phrase i="448" t="TCP foretrukket"/>
		<phrase i="449" t="Naptr"/>
		<phrase i="450" t="Godk. bruger-ID" t.VVX_1500="Godkendelse Bruger-ID"/>
		<phrase i="451" t="Godk. adgangskode" t.VVX_1500="Godkendelse Adgangskode"/>
		<phrase i="452" t="Genstart telefon"/>
		<phrase i="453" t="Er du sikker?"/>
		<phrase i="454" t="VLAN Discovery" t.IP_330="VLAN Disc."/>
		<phrase i="455" t="Fast"/>
		<phrase i="456" t="VLAN ID-valg" t.VVX_1500="VLAN ID-valg"/>
		<phrase i="457" t="Vælg"/>
		<phrase i="458" t="Nulstil lokal sikkerhedsnøgle"/>
		<phrase i="459" t="Vælg besked"/>
		<phrase i="460" t="HTTP"/>
		<phrase i="461" t="HTTPS"/>
		<phrase i="462" t="FTPS"/>
		<phrase i="463" t="Installér brugerdefineret CA-cert" t.VVX_1500="Installér brugerdefineret CA-certifikat"/>
		<phrase i="464" t="Download brugerdefineret CA-cert" t.VVX_1500="Download brugerdefineret CA-certifikat"/>
		<phrase i="465" t="Acceptér"/>
		<phrase i="466" t="Konfigurer CA-cert" t.VVX_1500="Indstil+I31 CA-certifikater"/>
		<phrase i="467" t="MD5-fingeraftryk"/>
		<phrase i="468" t="Tilpasset certifikat"/>
		<phrase i="469" t="Standard certifikatliste" t.VVX_1500="Standard certifikatliste"/>
		<phrase i="470" t="Alle Certifikater"/>
		<phrase i="471" t="Indstillingsmetode" t.VVX_1500="Indstillingsmetode"/>
		<phrase i="472" t="Indstillingsstreng" t.VVX_1500="Indstillingsstreng"/>
		<phrase i="473" t="Standard"/>
		<phrase i="474" t="SAS-VP"/>
		<phrase i="475" t="Download mislykkedes"/>
		<phrase i="476" t="Server"/>
		<phrase i="477" t="Program"/>
		<phrase i="478" t="Pakkestatistik"/>
		<phrase i="479" t="Regionale indstillinger"/>
		<phrase i="480" t="Brugerindstillinger"/>
		<phrase i="481" t="Administratorindstillinger" t.VVX_1500="Administratorindstillinger"/>
		<phrase i="482" t="Formatér filsystem"/>
		<phrase i="483" t="TCP/IP-parametre"/>
		<phrase i="484" t="Platform"/>
		<phrase i="485" t="Netværk"/>
		<phrase i="486" t="Telefon"/>
		<phrase i="487" t="Hovedprogram"/>
		<phrase i="488" t="Komponenter"/>
		<phrase i="489" t="Copyright"/>
		<phrase i="490" t="Konfiguration"/>
		<phrase i="491" t="Ethernet"/>
		<phrase i="492" t="Enkle"/>
		<phrase i="493" t="Avancerede"/>
		<phrase i="494" t="Indstillinger"/>
		<phrase i="495" t="Lydeffekter"/>
		<phrase i="496" t="SSL-sikkerhed"/>
		<phrase i="497" t="Nulstil til standarder"/>
		<phrase i="498" t="Nulstil lokal konfiguration" t.IP_330="Nulstil lokal konf" t.VVX_1500="Nulstil lokal konfiguration"/>
		<phrase i="499" t="Nulstil apparatindstillinger" t.IP_330="Nulstil app. indstillinger"/>
		<phrase i="500" t="Total"/>
		<phrase i="501" t="Test hardware"/>
		<phrase i="502" t="Grafer"/>
		<phrase i="503" t="CA-certifikater"/>
		<phrase i="504" t="Tid og dato"/>
		<phrase i="505" t="TFTP"/>
		<phrase i="506" t="Ugyldigt"/>
		<phrase i="507" t="Opkald pr. linie-tast" t.IP_330="Opkad/lntast"/>
		<phrase i="508" t="Antal linie-taster" t.IP_330="Ant. linie-taster"/>
		<phrase i="509" t="Bredbåndstelefon"/>
		<phrase i="510" t="TLS"/>
		<phrase i="511" t="Tilføj kontaktperson"/>
		<phrase i="512" t="Filoverførselsforsøg"/>
		<phrase i="513" t="Ventetid før gentaget forsøg"/>
		<phrase i="514" t="Tillad"/>
		<phrase i="515" t="Privat"/>
		<phrase i="516" t="Privat-liste"/>
		<phrase i="517" t="Buddy Privacy"/>
		<phrase i="518" t="Tilføj som privat"/>
		<phrase i="519" t="Rediger som privat"/>
		<phrase i="520" t="Adgang"/>
		<phrase i="521" t="EM-strøm"/>
		<phrase i="522" t="Gemt certifikat."/>
		<phrase i="523" t="Kunne ikke gemme certifikat."/>
		<phrase i="524" t="Behandler anmodn..."/>
		<phrase i="525" t="&gt;&gt;"/>
		<phrase i="526" t="Clinktilstand"/>
		<phrase i="527" t="Klient"/>
		<phrase i="528" t="Ethernet-menu"/>
		<phrase i="529" t="LAN-porttils."/>
		<phrase i="530" t="Pc-porttils."/>
		<phrase i="531" t="Auto"/>
		<phrase i="532" t="10HD"/>
		<phrase i="533" t="10FD"/>
		<phrase i="534" t="100HD"/>
		<phrase i="535" t="100FD"/>
		<phrase i="536" t="Video"/>
		<phrase i="537" t="Telefon"/>
		<phrase i="538" t="Rør af-tilst."/>
		<phrase i="539" t="Tf. video"/>
		<phrase i="540" t="Vælg"/>
		<phrase i="541" t="Baggrundslysintens."/>
		<phrase i="542" t="Fra"/>
		<phrase i="543" t="Lav"/>
		<phrase i="544" t="Mellem"/>
		<phrase i="545" t="Høj"/>
		<phrase i="546" t="Opk. pr. linje"/>
		<phrase i="547" t="Højttal.lydst."/>
		<phrase i="548" t="Ringelydst."/>
		<phrase i="549" t="Håndt."/>
		<phrase i="550" t="Håndter konferen."/>
		<phrase i="551" t="Lydl"/>
		<phrase i="552" t="LydTil"/>
		<phrase i="553" t="Fjern"/>
		<phrase i="554" t="Medieflow"/>
		<phrase i="555" t="Deltageroplysn."/>
		<phrase i="556" t="Baggrundslysint. Til"/>
		<phrase i="557" t="Baggrundslys i inaktiv tilstand"/>
		<phrase i="558" t="2,5 mm-ti."/>
		<phrase i="559" t="Alle (stand.)"/>
		<phrase i="560" t="Mobiltelefon"/>
		<phrase i="561" t="PC Datalink"/>
		<phrase i="562" t="Videoopkald"/>
		<phrase i="563" t="Telefonopk."/>
		<phrase i="564" t="Kun SIP"/>
		<phrase i="565" t="Kun POTS"/>
		<phrase i="566" t="Auto (HDX -opkaldspræf.)" t.VVX_1500="Auto (HDX -opkaldspræference)"/>
		<phrase i="567" t="Rk.fl. e. op.ty"/>
		<phrase i="568" t="Indhold"/>
		<phrase i="569" t="Ringere"/>
		<phrase i="570" t="Bib"/>
		<phrase i="571" t="Ignor."/>
		<phrase i="572" t="Opk. fra:"/>
		<phrase i="573" t="Lydst."/>
		<phrase i="574" t="Ringe"/>
		<phrase i="575" t="Højtta."/>
		<phrase i="576" t="Normal"/>
		<phrase i="577" t="&lt;Ny post&gt;"/>
		<phrase i="578" t="Gem oversigt"/>
		<phrase i="579" t="Bekræftelse"/>
		<phrase i="580" t="Tjeneste ikke tilg." t.IP_330="Tjen. ikke tilg."/>
		<phrase i="581" t="DND" t.VVX_1500="Vil ikke forstyrres"/>
		<phrase i="582" t="Opr. forb. t."/>
		<phrase i="583" t="Indg. opkald:"/>
		<phrase i="584" t="DSP-status"/>
		<phrase i="585" t="Enh. 0"/>
		<phrase i="586" t="Enh. 1"/>
		<phrase i="587" t="Enh. 2"/>
		<phrase i="588" t="Besk" t.VVX_1500="Beskeder"/>
		<phrase i="589" t="Tilf. tlf"/>
		<phrase i="590" t="Angiv flere cifre"/>
		<phrase i="591" t="Adr. ikke fuldst."/>
		<phrase i="592" t="Serverstatus"/>
		<phrase i="593" t="Registrerer"/>
		<phrase i="594" t="Afmelder"/>
		<phrase i="595" t="Registrer ald."/>
		<phrase i="596" t="Slet post i oversigt"/>
		<phrase i="597" t="Tilf. pers. til konf."/>
		<phrase i="598" t="Video- el. tlf.opk.?"/>
		<phrase i="599" t="Post ej fundet"/>
		<phrase i="600" t="Eft. eftern."/>
		<phrase i="601" t="Efter fornavn"/>
		<phrase i="602" t="Netværk"/>
		<phrase i="603" t="Modem"/>
		<phrase i="604" t="Kabel/DSL"/>
		<phrase i="605" t="LAN"/>
		<phrase i="606" t="Konferencen er i gang."/>
		<phrase i="607" t="Umuligt"/>
		<phrase i="608" t="Syslog-menu"/>
		<phrase i="609" t="Funktion"/>
		<phrase i="610" t="Geng.niveau" t.IP_330="Geng.niv"/>
		<phrase i="611" t="UDP"/>
		<phrase i="612" t="TCP"/>
		<phrase i="613" t="Ing."/>
		<phrase i="614" t="Angiv adg.kode"/>
		<phrase i="615" t="Disk.-EQ"/>
		<phrase i="616" t="Bas-EQ"/>
		<phrase i="617" t="Aux-input"/>
		<phrase i="618" t="Aux-udgang"/>
		<phrase i="619" t="Autom. lydstyrkekontr."/>
		<phrase i="620" t="Støjbegrænsning"/>
		<phrase i="621" t="URL"/>
		<phrase i="622" t="Kun afs."/>
		<phrase i="623" t="Afs. og mod."/>
		<phrase i="624" t="Kun modt."/>
		<phrase i="625" t="Inaktiv"/>
		<phrase i="626" t="Kun TCP"/>
		<phrase i="627" t="Trådl. mikr."/>
		<phrase i="628" t="Andet input"/>
		<phrase i="629" t="Optag udg."/>
		<phrase i="630" t="Ekstern højtt."/>
		<phrase i="631" t="Bas og diskant"/>
		<phrase i="632" t="Aux-lyd"/>
		<phrase i="633" t="Lok. transducere"/>
		<phrase i="634" t="Lyd"/>
		<phrase i="635" t="Vælg lokale transducere"/>
		<phrase i="636" t="Mikrofon"/>
		<phrase i="637" t="Højtta."/>
		<phrase i="638" t="Konference"/>
		<phrase i="639" t="Tilføj MAC" t.IP_330="TilføjMAC"/>
		<phrase i="640" t="Højttal.lydst."/>
		<phrase i="641" t="Lydstyrke for headset"/>
		<phrase i="642" t="Lydstyrke for håndsæt"/>
		<phrase i="643" t="Modtagelse af opkald"/>
		<phrase i="644" t="Viderestilling af opkald"/>
		<phrase i="645" t="Gruppeopkald"/>
		<phrase i="646" t="Tryk på en vilkårlig tast for at afslutte testen"/>
		<phrase i="647" t="Testen blev afbrudt"/>
		<phrase i="648" t="Knyt SN til brugeragent" t.IP_330="Tilknyt SN"/>
		<phrase i="649" t="1000HD"/>
		<phrase i="650" t="1000FD"/>
		<phrase i="651" t="Diagnosticering af netværk"/>
		<phrase i="652" t="Diagnosticering af LAN-port"/>
		<phrase i="653" t="Diagnosticering af computerport"/>
		<phrase i="654" t="Diagnosticering af gigabit-Ethernet"/>
		<phrase i="655" t="Normal tilstand"/>
		<phrase i="656" t="Send bølgeform"/>
		<phrase i="657" t="Overordnet afsendelsesrysten"/>
		<phrase i="658" t="Underordnet afsendelsesrysten"/>
		<phrase i="659" t="Afsendelsesforvrængning"/>
		<phrase i="660" t="Indikation for aktiv mikrofon"/>
		<phrase i="661" t="Mobillyd deaktiveret"/>
		<phrase i="662" t="Mobillyd aktiveret"/>
		<phrase i="663" t="Lydopkald"/>
		<phrase i="664" t="Videoopkald"/>
		<phrase i="665" t="Lyd-/videoopkald"/>
		<phrase i="666" t="Alle opkald"/>
		<phrase i="667" t="Valg af videresendelsestype" t.IP_330="Viderestil"/>
		<phrase i="668" t="Altid"/>
		<phrase i="669" t="Intet svar"/>
		<phrase i="670" t="Videresend efter ringesignal"/>
		<phrase i="671" t="Call Forward No Answer" t.IP_330="Intet svar"/>
		<phrase i="672" t="Call Forward Busy" t.IP_330="Optaget"/>
		<phrase i="673" t="Call Forward Always" t.IP_330="Altid"/>
		<phrase i="674" t="VLAN-filtrering"/>
		<phrase i="675" t="Storm-filtrering"/>
		<phrase i="676" t="SIP Webindhold"/>
		<phrase i="677" t="Passive"/>
		<phrase i="678" t="Daisy-Chaining fejl:"/>
		<phrase i="679" t="Flere ethernetkabler"/>
		<phrase i="680" t="Tilslut kun ét ethernetkabel"/>
		<phrase i="681" t="Versionskonflikt"/>
		<phrase i="682" t="Kontakt systemadministrator."/>
		<phrase i="683" t="Vis kontakt"/>
		<phrase i="684" t="Vis"/>
		<phrase i="685" t="Maksimal intensitet"/>
		<phrase i="686" t="Test automation"/>
		<phrase i="687" t="Test automation indtastning" t.IP_330="Test automation indtastning med tast"/>
		<phrase i="688" t="Test automation aktiveret"/>
		<phrase i="689" t="Test automation deaktiveret"/>
		<phrase i="690" t="Lagermedie tilsluttet"/>
		<phrase i="691" t="Lagermedie fjernet"/>
		<phrase i="692" t="Flytbart lagermedie"/>
		<phrase i="693" t="Browse optagelser"/>
		<phrase i="694" t="Lagermedie egenskaber"/>
		<phrase i="695" t="Total"/>
		<phrase i="696" t="Brugt"/>
		<phrase i="697" t="Ledig"/>
		<phrase i="698" t="Intet lagermedie tilsluttet."/>
		<phrase i="699" t="Der er ingen aktiv samtale."/>
		<phrase i="700" t="Sidst optagne afspilning"/>
		<phrase i="701" t="Start"/>
		<phrase i="702" t="Pause"/>
		<phrase i="703" t="Omdøb"/>
		<phrase i="704" t="Slettet"/>
		<phrase i="705" t="Fil-info" t.VVX_1500="Filinformationer"/>
		<phrase i="706" t="Ingen wav-filer fundet."/>
		<phrase i="707" t="USB-filnavn"/>
		<phrase i="708" t="Omdøb filen"/>
		<phrase i="709" t="Filnavnet kan ikke være tomt"/>
		<phrase i="710" t="Filen findes allerede"/>
		<phrase i="711" t="Gem som"/>
		<phrase i="712" t="Specielle tegn er ikke tilladt"/>
		<phrase i="713" t="Optagelsen kunne ikke startes."/>
		<phrase i="714" t="Ressource ikke tilgængelig."/>
		<phrase i="715" t="Afspil igen"/>
		<phrase i="716" t="Lagermediet er fuldt."/>
		<phrase i="717" t="Optagelsen er annulleret."/>
		<phrase i="718" t="Optagelsen er stoppet."/>
		<phrase i="719" t="Fjern lydløs"/>
		<phrase i="720" t="Åben"/>
		<phrase i="721" t="Lagermedie fjernet på usikker måde."/>
		<phrase i="722" t="På pause"/>
		<phrase i="723" t="Færdig"/>
		<phrase i="724" t="*R*" t.VVX_1500="R"/>
		<phrase i="725" t="*P*" t.VVX_1500="P"/>
		<phrase i="726" t="time"/>
		<phrase i="727" t="min"/>
		<phrase i="728" t="sek"/>
		<phrase i="729" t="fuld"/>
		<phrase i="730" t="Virksomheds telefonbog" t.IP_330="Virks tlf-bog"/>
		<phrase i="731" t="Virksomheds telefonbog"/>
		<phrase i="732" t="Telefonbogsserver ikke initialiseret"/>
		<phrase i="733" t="Status for virksomheds telefonbog" t.IP_330="CD status"/>
		<phrase i="734" t="Bibehold søgning"/>
		<phrase i="735" t="Deaktiveret håndfri tilstand" t.IP_330="Håndfri deaktiveret"/>
		<phrase i="736" t="Telefonindstillinger"/>
		<phrase i="737" t="Håndfri tilstand"/>
		<phrase i="738" t="Ikke understøttet USB-nøgle tilsluttet."/>
		<phrase i="739" t="Ikke understøttet USB-nøgle fjernet."/>
		<phrase i="740" t="Headset tilsluttet."/>
		<phrase i="741" t="Headset fjernet."/>
		<phrase i="742" t="Headset"/>
		<phrase i="743" t="Headset-indstillinger"/>
		<phrase i="744" t="Analog headsettilstand"/>
		<phrase i="745" t="Analogt headset"/>
		<phrase i="746" t="Almindelig tilstand"/>
		<phrase i="747" t="Jabra tilstand"/>
		<phrase i="748" t="Ikke understøttet .wav-filformat"/>
		<phrase i="749" t="Bryd ind" t.IP_330="Bryd ind"/>
		<phrase i="750" t="Optagelse er i gang"/>
		<phrase i="751" t="Handling afbrudt"/>
		<phrase i="752" t="Filtreret" t.IP_330="Filt"/>
		<phrase i="753" t="Afspilning er annulleret."/>
		<phrase i="754" t="Filen er i brug"/>
		<phrase i="755" t="Baggrund"/>
		<phrase i="756" t="Vis på forhånd"/>
		<phrase i="757" t="Standardbaggrund 1"/>
		<phrase i="758" t="Apparat ikke klar. Forsøg igen."/>
		<phrase i="759" t="Standardbaggrund 2"/>
		<phrase i="760" t="Standardbaggrund 3"/>
		<phrase i="761" t="Standardbaggrund 4"/>
		<phrase i="762" t="Filen ikke fundet" t.VVX_1500="Valgt baggr.billede ikke tilgæng."/>
		<phrase i="763" t="Lysere"/>
		<phrase i="764" t="Mørkere"/>
		<phrase i="765" t="Handling ikke tilladt"/>
		<phrase i="766" t="Sletning udføres"/>
		<phrase i="767" t="For lidt hukommelse til at fortsætte."/>
		<phrase i="768" t="Tilgængelig optagelsestid"/>
		<phrase i="769" t="Apparat-ID"/>
		<phrase i="770" t="Telefonbogsserver svarer ikke" t.IP_330="CTBSrvr intet svar"/>
		<phrase i="771" t="Søger..."/>
		<phrase i="772" t="Etiketfarve"/>
		<phrase i="773" t="Etiket"/>
		<phrase i="774" t="Nulstil"/>
		<phrase i="775" t="Fortryd"/>
		<phrase i="776" t="Ingen poster fundet." t.IP_330="Ingen poster fundet"/>
		<phrase i="777" t="Kontrollerer USB-enhed." t.IP_330="Kontr USB-enh"/>
		<phrase i="778" t="Vent et minut..."/>
		<phrase i="779" t="Kan ikke gemme denne farve."/>
		<phrase i="780" t="Teksten kan være ulæselig."/>
		<phrase i="781" t="Genstarter telefonen"/>
		<phrase i="782" t="Genstart telefonen"/>
		<phrase i="783" t="Standardbaggrund 5"/>
		<phrase i="784" t="Kviknummer-liste er ugyldig." t.IP_330="Ugyldig kviknummer-liste."/>
		<phrase i="785" t="Start video"/>
		<phrase i="786" t="Stop video"/>
		<phrase i="787" t="Fuld skærm"/>
		<phrase i="788" t="PIP"/>
		<phrase i="789" t="Hent"/>
		<phrase i="790" t="Volop"/>
		<phrase i="791" t="Volned"/>
		<phrase i="792" t="Kontakt kræves." t.VVX_1500="Der skal være en kontaktværdi."/>
		<phrase i="793" t="Dupliker kontaktværdi." t.VVX_1500="Kontaktværdien eksisterer allerede."/>
		<phrase i="794" t="Indtast navn"/>
		<phrase i="795" t="Skift"/>
		<phrase i="796" t="Plantronics-tilstand"/>
		<phrase i="797" t="Dupliker kviknr." t.VVX_1500="Kviknummer-liste eksisterer allerede."/>
		<phrase i="798" t="Lokalt kamera"/>
		<phrase i="799" t="Omstillinger"/>
		<phrase i="800" t="Billedramme"/>
		<phrase i="801" t="Kameraindstillinger"/>
		<phrase i="802" t="ABC"/>
		<phrase i="803" t="123"/>
		<phrase i="804" t="(ABC) Indtast nummer"/>
		<phrase i="805" t="(123) Indtast nummer"/>
		<phrase i="806" t="Ugyldig konfig" t.VVX_1500="Ugyldig konfiguration"/>
		<phrase i="807" t="Login-fejl"/>
		<phrase i="808" t="Viderestilling"/>
		<phrase i="809" t="Tilsigtet billedhastighed"/>
		<phrase i="810" t="Lysstyrkeniveau"/>
		<phrase i="811" t="Mætningsniveau"/>
		<phrase i="812" t="Kontrastniveau"/>
		<phrase i="813" t="Skarphedsniveau"/>
		<phrase i="814" t="Undgåelse af flimmer"/>
		<phrase i="815" t="Menu"/>
		<phrase i="816" t="Video-indstillinger"/>
		<phrase i="817" t="Auto-start videotransmission"/>
		<phrase i="818" t="Video skærmtilstand (vindue)"/>
		<phrase i="819" t="Master"/>
		<phrase i="820" t="Slave"/>
		<phrase i="821" t="1000BT LAN ur"/>
		<phrase i="822" t="1000BT PC ur"/>
		<phrase i="823" t="Opkaldstype"/>
		<phrase i="824" t="Audio"/>
		<phrase i="825" t="Video"/>
		<phrase i="826" t="SIP konferencetelefon"/>
		<phrase i="827" t="HDX præference"/>
		<phrase i="828" t="Stemmeopkald type"/>
		<phrase i="829" t="Ekkoneutralisering"/>
		<phrase i="830" t="Ekkoneutraliseringstilstand"/>
		<phrase i="831" t="Gå til"/>
		<phrase i="832" t="Video skærmtilstand (fuld skærm)"/>
		<phrase i="833" t="Billedramme"/>
		<phrase i="834" t="Pauseskærm"/>
		<phrase i="835" t="Mappe"/>
		<phrase i="836" t="Tid pr. billede (sek)"/>
		<phrase i="837" t="Ventetid til start (min)"/>
		<phrase i="838" t="Pauseskærmstype"/>
		<phrase i="839" t="Ingen billeder fundet."/>
		<phrase i="840" t="Baggrundsbillede ændret."/>
		<phrase i="841" t="Video Tx / Rx"/>
		<phrase i="842" t="Audio Tx / Rx"/>
		<phrase i="843" t="Medie-codec"/>
		<phrase i="844" t="Tx / Rx Videoformat"/>
		<phrase i="845" t="Tx / Rx Video-billedhastighed"/>
		<phrase i="846" t="Tx / Rx Video-bitrate (kbps)"/>
		<phrase i="847" t="Tx / Rx Video-opd. foresp."/>
		<phrase i="848" t="Mediepakker"/>
		<phrase i="849" t="USB-hub tilsluttet."/>
		<phrase i="850" t="USB-hub fjernet."/>
		<phrase i="851" t="USB-mus tilsluttet."/>
		<phrase i="852" t="USB-mus fjernet."/>
		<phrase i="853" t="USB-tastatur tilsluttet."/>
		<phrase i="854" t="USB-tastatur fjernet."/>
		<phrase i="855" t="Kan afspille video"/>
		<phrase i="856" t="Aktiv video"/>
		<phrase i="857" t="Videostatistik"/>
		<phrase i="858" t="Audiostatistik"/>
		<phrase i="859" t="Skærmrengøring"/>
		<phrase i="860" t="Kontaktskærmen er deaktiveret."/>
		<phrase i="861" t="Tryk på en tast for at afslutte."/>
		<phrase i="862" t="Lokal fil"/>
		<phrase i="863" t="Programstart"/>
		<phrase i="864" t="Audio sende-codec"/>
		<phrase i="865" t="Audio Modtage-codec"/>
		<phrase i="866" t="Video Sende-codec"/>
		<phrase i="867" t="Video Modtage-codec"/>
		<phrase i="868" t="Blank skærm"/>
		<phrase i="869" t="Auto video fuld skærm"/>
		<phrase i="870" t="Vælg video"/>
		<phrase i="871" t="Hurtig opsætning" t.VVX_1500="Hurtig opsætning"/>
		<phrase i="872" t="Hurtig opsætning"/>
		<phrase i="873" t="Ikke understøttet baggrundsfilformat."/>
		<phrase i="874" t="Fjern telefonen fra netværket"/>
		<phrase i="875" t="før kørsel af Ethernet-diagnosticering."/>
		<phrase i="876" t="Tryk på [0-4] for netværkstests."/>
		<phrase i="877" t="Tilstand: Normal tilstand"/>
		<phrase i="878" t="Ikke understøttet tilstand."/>
		<phrase i="879" t="Aux-output aktiv."/>
		<phrase i="880" t="Aux-output inaktiv."/>
		<phrase i="881" t="ACD"/>
		<phrase i="882" t="Logpå"/>
		<phrase i="883" t="Logaf"/>
		<phrase i="884" t="ALogpå" t.IP_330="Alogpå"/>
		<phrase i="885" t="Alogaf" t.IP_330="Alogaf"/>
		<phrase i="886" t="ACD Logpå/Logaf"/>
		<phrase i="887" t="ACD Agent-status"/>
		<phrase i="888" t="Første ACD-status"/>
		<phrase i="889" t="Agent logpå"/>
		<phrase i="890" t="Agent logaf"/>
		<phrase i="891" t="Wrap-Up"/>
		<phrase i="892" t="Agent-status"/>
		<phrase i="893" t="Ingen server er konfigureret."/>
		<phrase i="894" t="Pakke-jitter (ms)"/>
		<phrase i="895" t="Maksimum jitter (ms)"/>
		<phrase i="896" t="HDX-nummer"/>
		<phrase i="897" t="Indtast HDX-nummer:"/>
		<phrase i="898" t="50 Hz"/>
		<phrase i="899" t="60 Hz"/>
		<phrase i="900" t="Vælg miljø"/>
		<phrase i="901" t="Indstillinger for videoopkald"/>
		<phrase i="902" t="Video skærmtilstand"/>
		<phrase i="903" t="Lokal kameravisning"/>
		<phrase i="904" t="Lokal kameravisning (normal)"/>
		<phrase i="905" t="Lokal kameravisning (fuld skærm)"/>
		<phrase i="906" t="Lokal kameravisningstilst. (fuld skærm)"/>
		<phrase i="907" t="Beskær"/>
		<phrase i="908" t="Side ved side"/>
		<phrase i="909" t="Video kan kun være aktiv\nmed én part ad gangen."/>
		<phrase i="910" t="Strømbesparelse"/>
		<phrase i="911" t="Tidsudløb"/>
		<phrase i="912" t="Kontortid"/>
		<phrase i="913" t="Brugerdetektion"/>
		<phrase i="914" t="Starttid"/>
		<phrase i="915" t="Tidsudløb f. inaktiv tilst. i kontortid"/>
		<phrase i="916" t="Tidsudløb f.  Inaktiv tilst. i fritid"/>
		<phrase i="917" t="Tidsudl. f. inakt. tilst. efter brug"/>
		<phrase i="918" t="Sensitivitet i kontortid"/>
		<phrase i="919" t="Sensitivitet i fritid"/>
		<phrase i="920" t="Tilstand for fritid"/>
		<phrase i="921" t="Indtast flere tegn..." t.IP_330="Indt fl tegn..." t.VVX_1500="Der er modtaget for mange resultater. Indtast flere tegn."/>
		<phrase i="922" t="Avancsøg"/>
		<phrase i="923" t="Avanceret søgning"/>
		<phrase i="924" t="Afslut hele konferencen?"/>
		<phrase i="925" t=""/>
		<phrase i="926" t=""/>
		<phrase i="927" t=""/>
		<phrase i="928" t=""/>
		<phrase i="929" t=""/>
		<phrase i="930" t=""/>
		<phrase i="931" t=""/>
		<phrase i="932" t=""/>
		<phrase i="933" t=""/>
		<phrase i="934" t=""/>
		<phrase i="935" t=""/>
		<phrase i="936" t=""/>
		<phrase i="937" t=""/>
		<phrase i="938" t="Speakerphone"/>
		<phrase i="939" t=""/>
		<phrase i="940" t=""/>
		<phrase i="941" t=""/>
		<phrase i="942" t=""/>
		<phrase i="943" t=""/>
		<phrase i="944" t=""/>
		<phrase i="945" t=""/>
		<phrase i="946" t=""/>
		<phrase i="947" t=""/>
		<phrase i="948" t=""/>
		<phrase i="949" t=""/>
		<phrase i="950" t=""/>
		<phrase i="951" t=""/>
		<phrase i="952" t=""/>
		<phrase i="953" t=""/>
		<phrase i="954" t=""/>
		<phrase i="955" t=""/>
		<phrase i="956" t=""/>
		<phrase i="957" t=""/>
		<phrase i="958" t=""/>
		<phrase i="959" t="Prioriter baggrund"/>
		<phrase i="960" t="Vælg baggrund"/>
		<phrase i="961" t="Baggrund"/>
		<phrase i="962" t="Liniekonfiguration"/>
		<phrase i="963" t="SIP serverkonfiguration" t.VVX_1500="Opkaldsserver konfiguration"/>
		<phrase i="964" t="OAI Alert"/>
		<phrase i="965" t="OAI Call"/>
		<phrase i="966" t="LLDP"/>
		<phrase i="967" t="Informationssted"/>
		<phrase i="968" t="Kopi af skærmbillede"/>
		<phrase i="969" t="SK1"/>
		<phrase i="970" t="SK2"/>
		<phrase i="971" t="SK3"/>
		<phrase i="972" t="SK4"/>
		<phrase i="973" t="USB-lager: %s tilbage."/>
		<phrase i="974" t="Installeret"/>
		<phrase i="975" t="Ikke installeret"/>
		<phrase i="976" t="Ugyldigt"/>
		<phrase i="977" t="ACD-linje login kræves."/>
		<phrase i="978" t="Opkaldshastighed"/>
		<phrase i="979" t="Vælg opkaldshastighed"/>
		<phrase i="980" t="Tx / RX opkaldshastighed (kbps)"/>
		<phrase i="981" t="USB-lager: fuld."/>
		<phrase i="982" t="Protokol konfiguration"/>
		<phrase i="983" t="Vælg protokol"/>
		<phrase i="984" t="Protokoltype"/>
		<phrase i="985" t="SIP"/>
		<phrase i="986" t="H.323"/>
		<phrase i="987" t="SIP + H.323"/>
		<phrase i="988" t="Auto Gatekeeper Discovery"/>
		<phrase i="989" t="Bruger-ID"/>
		<phrase i="990" t="Linjetaster"/>
		<phrase i="991" t="Opkaldsserver"/>
		<phrase i="992" t="Opkaldsserverliste tom"/>
		<phrase i="993" t="Ringer output"/>
		<phrase i="994" t="Optagelse"/>
		<phrase i="995" t="Optagelse standset (pause)"/>
		<phrase i="996" t="Licenser"/>
		<phrase i="997" t="Ingen licenser installeret"/>
		<phrase i="998" t="Diffie-Hellman Secret Key"/>
		<phrase i="999" t="Ikke understøttet link"/>
		<phrase i="1000" t="Luk dækslet"/>
		<phrase i="1001" t="SSH-forbindelse"/>
		<phrase i="1002" t="SSH-status"/>
		<phrase i="1003" t="Gateway port"/>
		<phrase i="1004" t="Tilsluttet"/>
		<phrase i="1005" t="Fejlkode"/>
		<phrase i="1006" t="Brug H.323"/>
		<phrase i="1007" t="Brug SIP"/>
		<phrase i="1008" t="Brug Auto"/>
		<phrase i="1009" t="(SIP-routing)"/>
		<phrase i="1010" t="(H.323-routing)"/>
		<phrase i="1011" t="(auto-routing)"/>
		<phrase i="1012" t="Vælg Brug SIP eller Brug H.323"/>
		<phrase i="1013" t="Uspecificeret"/>
		<phrase i="1014" t="Program fortsæt"/>
		<phrase i="1015" t="Program hjem"/>
		<phrase i="1016" t="Optagelse (vent)"/>
		<phrase i="1017" t="Protokol-routing"/>
		<phrase i="1018" t="Manuel protokol-routing"/>
		<phrase i="1019" t="Softkey-styring"/>
		<phrase i="1020" t="Foretrukken protokol"/>
		<phrase i="1021" t="Auto-svar"/>
		<phrase i="1022" t="Auto-svar SIP-opkald"/>
		<phrase i="1023" t="Auto-svar H.323-opkald"/>
		<phrase i="1024" t="Mikrofon lydløs"/>
		<phrase i="1025" t="Video lydløs"/>
		<phrase i="1026" t="Auto-routing præference"/>
		<phrase i="1027" t="Protokol"/>
		<phrase i="1028" t="SIP-protokol"/>
		<phrase i="1029" t="H.323-protokol"/>
		<phrase i="1030" t="Tillad deling med "/>
		<phrase i="1031" t="Hørbar ringer"/>
		<phrase i="1032" t="Option 60 format"/>
		<phrase i="1033" t="RFC3925 binær"/>
		<phrase i="1034" t="ASCII tekststreng"/>
		<phrase i="1035" t=""/>
		<phrase i="1036" t=""/>
		<phrase i="1037" t=""/>
		<phrase i="1038" t=""/>
		<phrase i="1039" t=""/>
		<phrase i="1040" t=""/>
		<phrase i="1041" t=""/>
		<phrase i="1042" t=""/>
		<phrase i="1043" t=""/>
		<phrase i="1044" t=""/>
		<phrase i="1045" t=""/>
		<phrase i="1046" t=""/>
		<phrase i="1047" t=""/>
		<phrase i="1048" t=""/>
		<phrase i="1049" t=""/>
		<phrase i="1050" t=""/>
		<phrase i="1051" t=""/>
		<phrase i="1052" t=""/>
		<phrase i="1053" t=""/>
		<phrase i="1054" t=""/>
		<phrase i="1055" t=""/>
		<phrase i="1056" t=""/>
		<phrase i="1057" t=""/>
		<phrase i="1058" t=""/>
		<phrase i="1059" t=""/>
		<phrase i="1060" t=""/>
		<phrase i="1061" t=""/>
		<phrase i="1062" t=""/>
		<phrase i="1063" t=""/>
		<phrase i="1064" t=""/>
		<phrase i="1065" t=""/>
		<phrase i="1066" t=""/>
		<phrase i="1067" t=""/>
		<phrase i="1068" t=""/>
		<phrase i="1069" t=""/>
		<phrase i="1070" t=""/>
		<phrase i="1071" t=""/>
		<phrase i="1072" t=""/>
		<phrase i="1073" t=""/>
		<phrase i="1074" t=""/>
		<phrase i="1075" t=""/>
		<phrase i="1076" t=""/>
		<phrase i="1077" t=""/>
		<phrase i="1078" t=""/>
		<phrase i="1079" t=""/>
		<phrase i="1080" t=""/>
		<phrase i="1081" t=""/>
		<phrase i="1082" t=""/>
		<phrase i="1083" t=""/>
		<phrase i="1084" t=""/>
		<phrase i="1085" t=""/>
		<phrase i="1086" t=""/>
		<phrase i="1087" t=""/>
		<phrase i="1088" t=""/>
		<phrase i="1089" t=""/>
		<phrase i="1090" t=""/>
		<phrase i="1091" t=""/>
		<phrase i="1092" t=""/>
		<phrase i="1093" t=""/>
		<phrase i="1094" t=""/>
		<phrase i="1095" t=""/>
		<phrase i="1096" t=""/>
		<phrase i="1097" t=""/>
		<phrase i="1098" t=""/>
		<phrase i="1099" t=""/>
		<phrase i="1100" t=""/>
		<phrase i="1101" t=""/>
		<phrase i="1102" t=""/>
		<phrase i="1103" t=""/>
		<phrase i="1104" t=""/>
		<phrase i="1105" t=""/>
		<phrase i="1106" t=""/>
		<phrase i="1107" t=""/>
		<phrase i="1108" t=""/>
		<phrase i="1109" t=""/>
		<phrase i="1110" t=""/>
		<phrase i="1111" t=""/>
		<phrase i="1112" t=""/>
		<phrase i="1113" t=""/>
		<phrase i="1114" t=""/>
		<phrase i="1115" t=""/>
		<phrase i="1116" t=""/>
		<phrase i="1117" t="Gem og genstart"/>
		<phrase i="1118" t=""/>
		<phrase i="1119" t="2.5 mm Mode"/>
		<phrase i="1120" t="Cell Phone"/>
		<phrase i="1121" t="PC Link"/>
		<phrase i="1122" t="Prompt"/>
		<phrase i="1123" t="Operational Mode"/>
		<phrase i="1124" t="PSTN"/>
		<phrase i="1125" t="Retained Message"/>
		<phrase i="1126" t=""/>
		<phrase i="1127" t="Touch screen diagnostik"/>
		<phrase i="1128" t="Tryk på en tast for at afslutte."/>
		<phrase i="1129" t="Rør displayet for at teste."/>
		<phrase i="1130" t="CMA-liste"/>
		<phrase i="1131" t="Grupper"/>
		<phrase i="1132" t="Tilføj kontakt"/>
		<phrase i="1133" t="CMA-menu"/>
		<phrase i="1134" t="CMA-modus"/>
		<phrase i="1135" t="CMA-server"/>
		<phrase i="1136" t="Login-brugeroplysninger"/>
		<phrase i="1137" t="Bruger"/>
		<phrase i="1138" t="Gyldig indtil"/>
		<phrase i="1139" t="Udløbet"/>
		<phrase i="1140" t="Nulstil webkonfiguration" t.IP_330="Nulstil webkonfig."/>
		<phrase i="1141" t="TR-069 Enable"/>
		<phrase i="1142" t="TR-069 URL"/>
		<phrase i="1143" t="TR-069 SSL"/>
		<phrase i="1144" t="TR-069 Inform Interval"/>
		<phrase i="1145" t="TR-069 Username"/>
		<phrase i="1146" t="TR-069 Password"/>
		<phrase i="1147" t="Lås telefon"/>
		<phrase i="1148" t="Lås"/>
		<phrase i="1149" t="Lås op"/>
		<phrase i="1150" t="Telefonen er låst."/>
		<phrase i="1151" t="Kun autoriserede opkald."/>
		<phrase i="1152" t="DND når låst"/>
		<phrase i="1153" t="Tillad ringning når låst"/>
		<phrase i="1154" t="Lås telefonen op?"/>
		<phrase i="1155" t="Besvar opkald?"/>
		<phrase i="1156" t="Udfør et autoriseret opkald"/>
		<phrase i="1157" t="Uautoriseret nummer"/>
		<phrase i="1158" t="Telefonnummer"/>
		<phrase i="1159" t="SIP-adresse"/>
		<phrase i="1160" t="Shutdown initiated"/>
		<phrase i="1161" t="On-hook Dialing"/>
		<phrase i="1162" t="Off-hook Dialing"/>
		<phrase i="1163" t="Audio-modus"/>
		<phrase i="1164" t="Country"/>
		<phrase i="1165" t="Kontakt findes ikke på listen.  Gem i lokal kontaktliste?"/>
		<phrase i="1166" t="Flash Timing"/>
		<phrase i="1167" t="Caller ID"/>
		<phrase i="1168" t="80"/>
		<phrase i="1169" t="100"/>
		<phrase i="1170" t="300"/>
		<phrase i="1171" t="600"/>
		<phrase i="1172" t="Removed"/>
		<phrase i="1173" t="Opkaldslog"/>
		<phrase i="1174" t="Kan ikke låse telefonen."/>
		<phrase i="1175" t="PSTN Extension"/>
		<phrase i="1176" t="Enter PSTN Extension:"/>
		<phrase i="1177" t="Søg i"/>
		<phrase i="1178" t="Telefonrør/headset"/>
		<phrase i="1179" t="Du kan ikke tilføje dig selv på listen med kontaktpersoner."/>
		<phrase i="1180" t="Dismiss"/>
		<phrase i="1181" t="Snooze"/>
		<phrase i="1182" t="%s will start in %d %s at %s"/>
		<phrase i="1183" t="Calendar"/>
		<phrase i="1184" t="minutes"/>
		<phrase i="1185" t="seconds"/>
		<phrase i="1186" t="minute"/>
		<phrase i="1187" t="second"/>
		<phrase i="1188" t="Keypad Lock"/>
		<phrase i="1189" t="Keypad Unlock"/>
		<phrase i="1190" t="Keypad locked."/>
		<phrase i="1191" t="Lock the phone?"/>
		<phrase i="1192" t="Ingen grupper fundet."/>
		<phrase i="1193" t="Apparatcertifikater"/>
		<phrase i="1194" t="Polycom cert" t.VVX_1500="Polycom cert konfigureret"/>
		<phrase i="1195" t="Cert indlæst" t.VVX_1500="Konfigureret cert indlæst"/>
		<phrase i="1196" t="Polycom findes" t.VVX_1500="Apparat cert Polycom findes"/>
		<phrase i="1197" t="Brugerdefineret findes" t.VVX_1500="Apparat cert brugerdefineret findes"/>
		<phrase i="1198" t="Brugerdefineret beskrivelse" t.VVX_1500="Apparat cert brugerdefineret beskrivelse"/>
		<phrase i="1199" t="TR-069 Upgrades Managed"/>
		<phrase i="1200" t="Apparat cert"/>
		<phrase i="1201" t="Afspilning udføres."/>
		<phrase i="1202" t="Lokal kontaktliste kan kun læses."/>
		<phrase i="1203" t="CMA-godkendelse mislykkedes."/>
		<phrase i="1204" t="CMA-provisioneringsfejl."/>
		<phrase i="1205" t="Trådløst tastatur og mus"/>
		<phrase i="1206" t="Er telefonen til venstre eller højre for din computer?"/>
		<phrase i="1207" t="Venstre"/>
		<phrase i="1208" t="Højre"/>
		<phrase i="1209" t="Liste"/>
		<phrase i="1210" t="Indtast årsagskode"/>
		<phrase i="1211" t="Upload konfiguration"/>
		<phrase i="1212" t="TR-069"/>
		<phrase i="1213" t="CMA"/>
		<phrase i="1214" t="Alle kilder"/>
		<phrase i="1215" t="Lokal"/>
		<phrase i="1216" t="Web"/>
		<phrase i="1217" t="Upload"/>
		<phrase i="1218" t="Konfigurationsfiler" t.IP_330="Konfig. filer"/>
		<phrase i="1219" t="Utilgængelig årsagskode"/>
		<phrase i="1220" t="Agent ikke tilg."/>
		<phrase i="1221" t="Konfigurationsfil advarsel" t.IP_330="Pre3.3.0 konfig"/>
		<phrase i="1222" t=" indeholder pre-3.3.0 parametre"/>
		<phrase i="1223" t="ingen"/>
		<phrase i="1224" t="Sammendrag"/>
		<phrase i="1225" t="Duplikerede parametre fundet" t.IP_330="Duplikeringer fundet"/>
		<phrase i="1226" t="Fejl fundet"/>
		<phrase i="1227" t="Parametre accepteret"/>
		<phrase i="1228" t="Pre-3.3.0 parametre fundet."/>
		<phrase i="1229" t="Fundet pre-3.3.0 parametre i:" t.IP_330="Pre-3.3.0 parametre i:"/>
		<phrase i="1230" t="Forespørgsel stadig afventende, forsøg igen senere."/>
		<phrase i="1231" t="CMA-liste ikke registreret."/>
		<phrase i="1232" t="CMA-tilstedeværelse ikke registreret."/>
		<phrase i="1233" t="Opkaldsinfo"/>
		<phrase i="1234" t="Opdater konfiguration"/>
		<phrase i="1235" t="Ugyldige login-oplysninger."/>
		<phrase i="1236" t="Kunne ikke hente adressen."/>
		<phrase i="1237" t="Opkald mislykkedes."/>
		<phrase i="1238" t="Tilføj kontakt mislykkedes."/>
		<phrase i="1239" t="CMA-status"/>
		<phrase i="1240" t="Tilstedeværelse registrering"/>
		<phrase i="1241" t="Liste registrering"/>
		<phrase i="1242" t="Provisioneringsstatus"/>
		<phrase i="1243" t="Server værtsnavn"/>
		<phrase i="1244" t="Kontrol af softwareopdatering"/>
		<phrase i="1245" t="Kontrol af profilopdatering"/>
		<phrase i="1246" t="Heartbeat-rapport"/>
		<phrase i="1247" t="Succes"/>
		<phrase i="1248" t="Mislykket"/>
		<phrase i="1249" t="Invitationer"/>
		<phrase i="1250" t="Invitation af kontaktperson afventende"/>
		<phrase i="1251" t="Lister over kontaktpersoner"/>
		<phrase i="1252" t="Metode til acceptering af invitationer"/>
		<phrase i="1253" t="Provisioneringsforespørgselsintervaller"/>
		<phrase i="1254" t="Automatisk"/>
		<phrase i="1255" t="Valider igen"/>
		<phrase i="1256" t="En ny validering kan låse brugerkontoen hvis oplysningerne ikke er gyldige."/>
		<phrase i="1257" t="Vil du fortsætte?"/>
		<phrase i="1258" t="Provisioneringsfejl" t.IP_330="Konfig fejl"/>
		<phrase i="1259" t="Kunne ikke opdatere konfiguration."/>
                <phrase i="1260" t="" />
                <phrase i="1261" t="" />
                <phrase i="1262" t="" />
                <phrase i="1263" t="Viderestil" />
	</phrases>
	<textEntry>
		<Entry ID="0" key="=, $/~_?0"/>
		<Entry ID="1" key="!|'^\@:1"/>
		<Entry ID="2" key="abc2æåäà"/>
		<Entry ID="3" key="def3éð"/>
		<Entry ID="4" key="ghi4"/>
		<Entry ID="5" key="jkl5"/>
		<Entry ID="6" key="mno6øöó"/>
		<Entry ID="7" key="pqrs7"/>
		<Entry ID="8" key="tuv8ü"/>
		<Entry ID="9" key="wxyz9"/>
		<Entry ID="*" key=".*#-&amp;%+;"/>
		<Entry ID="#"/>
	</textEntry>
</dictionary>