﻿<?xml version="1.0" encoding="UTF-8" standalone="yes"?>
<dictionary>
	<phrases>
		<phrase i="0" t="Terug"/>
		<phrase i="1" t="Bellen"/>
		<phrase i="2" t="Contact bewerken"/>
		<phrase i="3" t="Bewerken"/>
		<phrase i="4" t="Omhoog"/>
		<phrase i="5" t="Opslaan"/>
		<phrase i="6" t="Meer"/>
		<phrase i="7" t="Nieuw"/>
		<phrase i="8" t="Ok"/>
		<phrase i="9" t="Toevoegen"/>
		<phrase i="10" t="Wissen"/>
		<phrase i="11" t="Info"/>
		<phrase i="12" t="Verzenden"/>
		<phrase i="13" t="Selecteren"/>
		<phrase i="14" t="Verwijderen"/>
		<phrase i="15" t="Importeren"/>
		<phrase i="16" t="Blokken"/>
		<phrase i="17" t="Watchen"/>
		<phrase i="18" t="Ontblokken" t.IP_330="Ontblokken"/>
		<phrase i="19" t="Mijn status" t.VVX_1500="Mijn status"/>
		<phrase i="20" t="Contactpersonen" t.IP_330="Contactpersoon"/>
		<phrase i="21" t="Hervatten"/>
		<phrase i="22" t="Afspelen"/>
		<phrase i="23" t="EindeGesprek" t.IP_330="EindeGesprek"/>
		<phrase i="24" t="NieuwGesprek" t.IP_330="NieuwGesprek"/>
		<phrase i="25" t="Opnieuw kiezen"/>
		<phrase i="26" t="Opnemen"/>
		<phrase i="27" t="Naam"/>
		<phrase i="28" t="Nummer"/>
		<phrase i="29" t="Hold"/>
		<phrase i="30" t="Verzamelgesprek" t.IP_330="Verzamel" t.VVX_1500="Verzamelgesprek"/>
		<phrase i="31" t="Overzetten" t.IP_330="Overz." t.VVX_1500="Overzetten"/>
		<phrase i="32" t="Einde"/>
		<phrase i="33" t="Volgende"/>
		<phrase i="34" t="Vorige" t.VVX_1500="Vorige"/>
		<phrase i="35" t="Antwoord"/>
		<phrase i="36" t="Afsluiten"/>
		<phrase i="37" t="Annuleren"/>
		<phrase i="38" t="a-&gt;A"/>
		<phrase i="39" t="A-&gt;a"/>
		<phrase i="40" t="-&gt;ABC"/>
		<phrase i="41" t="&lt;&lt;"/>
		<phrase i="42" t="Indienen"/>
		<phrase i="43" t="Volgende pag." t.VVX_1500="Volgende pagina"/>
		<phrase i="44" t="Bijwerken"/>
		<phrase i="45" t="Instantberichten"/>
		<phrase i="46" t="Geen berichten"/>
		<phrase i="47" t="Bericht verzenden naar "/>
		<phrase i="48" t="Bericht invoeren voor "/>
		<phrase i="49" t="Mijn status"/>
		<phrase i="50" t="Directory"/>
		<phrase i="51" t="Directory's"/>
		<phrase i="52" t="Service"/>
		<phrase i="53" t="Toepassingen"/>
		<phrase i="54" t="Snelkies"/>
		<phrase i="55" t="Snelkies-info" t.VVX_1500="Snelkies-info"/>
		<phrase i="56" t="Telefoonlijsten"/>
		<phrase i="57" t="Contact bewerken"/>
		<phrase i="58" t="Watchen-lijst"/>
		<phrase i="59" t="Watcher-lijst"/>
		<phrase i="60" t="Geblokt-lijst"/>
		<phrase i="61" t="Gemiste gesprekken"/>
		<phrase i="62" t="Ontvangen gesprekken"/>
		<phrase i="63" t="Gemaakte gesprekken"/>
		<phrase i="64" t="CDP-compatibiliteit" t.IP_330="CDP-compat."/>
		<phrase i="65" t="Toep. informatie"/>
		<phrase i="66" t="Ondersteunde codecs"/>
		<phrase i="67" t="Aan watchen-lijst toevoegen"/>
		<phrase i="68" t="Netwerkoverzicht"/>
		<phrase i="69" t="Buddy-lijsten"/>
		<phrase i="70" t="Buddy-status"/>
		<phrase i="71" t="Beltype"/>
		<phrase i="72" t="Status"/>
		<phrase i="73" t="Instellingen"/>
		<phrase i="74" t="Hoofdmenu"/>
		<phrase i="75" t="Netwerkstatistieken"/>
		<phrase i="76" t="Mediastatistieken"/>
		<phrase i="77" t="Firmware-versie"/>
		<phrase i="78" t="Contrast"/>
		<phrase i="79" t="Netwerkconfiguratie"/>
		<phrase i="80" t="Gespreksinformatie"/>
		<phrase i="81" t="Informatie"/>
		<phrase i="82" t="Systeeminformatie"/>
		<phrase i="83" t="Actief"/>
		<phrase i="84" t="Inactief"/>
		<phrase i="85" t="Onbekende beller"/>
		<phrase i="86" t="dag"/>
		<phrase i="87" t="dagen"/>
		<phrase i="88" t="Verzoek om..."/>
		<phrase i="89" t="Verzoek afgewezen."/>
		<phrase i="90" t="Engels"/>
		<phrase i="91" t="Intern"/>
		<phrase i="92" t="Full-duplex"/>
		<phrase i="93" t="Half-duplex"/>
		<phrase i="94" t="(Weergave)"/>
		<phrase i="95" t="*** WAARSCHUWING ***"/>
		<phrase i="96" t="Routebepaler"/>
		<phrase i="97" t="Omlaag"/>
		<phrase i="98" t="Tijd verstreken"/>
		<phrase i="99" t="Pakk. ontv."/>
		<phrase i="100" t="Pakk. overgez."/>
		<phrase i="101" t="Gemiste pakk."/>
		<phrase i="102" t="LAN-poort"/>
		<phrase i="103" t="PC-poort"/>
		<phrase i="104" t="InstBer." t.IP_330="IB"/>
		<phrase i="105" t="Oorsprong specificeren"/>
		<phrase i="106" t="Activeren"/>
		<phrase i="107" t="Jitter  (ms)"/>
		<phrase i="108" t="Max. jitter (ms)"/>
		<phrase i="109" t="Latentie (ms)"/>
		<phrase i="110" t="Toep. rev.."/>
		<phrase i="111" t="Boot-rev."/>
		<phrase i="112" t="Ring"/>
		<phrase i="113" t="Geen vermeldingen"/>
		<phrase i="114" t="Gemiste gesprekken"/>
		<phrase i="115" t="Ontvangen gesprekken"/>
		<phrase i="116" t="Gemaakte gesprekken"/>
		<phrase i="117" t="Gewist"/>
		<phrase i="118" t="Verbinding"/>
		<phrase i="119" t="'s middags"/>
		<phrase i="120" t="'s morgens"/>
		<phrase i="121" t="Tijd"/>
		<phrase i="122" t="Naam"/>
		<phrase i="123" t="Tijdsduur"/>
		<phrase i="124" t=" zegt: "/>
		<phrase i="125" t="Bericht voor "/>
		<phrase i="126" t="Bericht ontvangen."/>
		<phrase i="127" t="Bel me op."/>
		<phrase i="128" t="Bel later."/>
		<phrase i="129" t="Kan nu niet praten."/>
		<phrase i="130" t="Lunchen?"/>
		<phrase i="131" t="Geïmporteerd"/>
		<phrase i="132" t="Importeren mislukte"/>
		<phrase i="133" t="Taal"/>
		<phrase i="134" t="Nummer invoeren"/>
		<phrase i="135" t="URL invoeren"/>
		<phrase i="136" t="Splitsen"/>
		<phrase i="137" t="Toevoegen"/>
		<phrase i="138" t="Naar"/>
		<phrase i="139" t="Van"/>
		<phrase i="140" t="Doorzenden" t.IP_330="Doorz."/>
		<phrase i="141" t="Voor"/>
		<phrase i="142" t="Hold"/>
		<phrase i="143" t="Wachtstatus"/>
		<phrase i="144" t=" nieuw bericht"/>
		<phrase i="145" t=" nieuwe berichten"/>
		<phrase i="146" t="Gesprek"/>
		<phrase i="147" t="Netwerkverbinding is uitgeschakeld"/>
		<phrase i="148" t="Aanpassen van netwerk" t.IP_330="Het aanpassen" t.VVX_1500="Het aanpassen"/>
		<phrase i="149" t=" nieuw gemist gesprek"/>
		<phrase i="150" t=" nieuwe gemiste gesprekken"/>
		<phrase i="151" t="Begonnen met rebooten"/>
		<phrase i="152" t="Gesprek op wachtstatus"/>
		<phrase i="153" t="Verbroken"/>
		<phrase i="154" t="Online"/>
		<phrase i="155" t="In gesprek"/>
		<phrase i="156" t="Ben zo terug"/>
		<phrase i="157" t="Weg"/>
		<phrase i="158" t="Aan de telefoon"/>
		<phrase i="159" t="Uit lunchen"/>
		<phrase i="160" t="In een vergadering"/>
		<phrase i="161" t="Offline"/>
		<phrase i="162" t="Niet storen"/>
		<phrase i="163" t="Time-out"/>
		<phrase i="164" t="Boot-server"/>
		<phrase i="165" t="Boot-srv-optie"/>
		<phrase i="166" t="Boot-srv-type"/>
		<phrase i="167" t="Server-type" t.IP_330="Server-type"/>
		<phrase i="168" t="Server-adres" t.IP_330="Server-adr"/>
		<phrase i="169" t="Server-gebruiker" t.IP_330="Server-gebr."/>
		<phrase i="170" t="Server-wachtwoord" t.IP_330="Server-ww"/>
		<phrase i="171" t="DHCP-client" t.IP_330="DHCP-client"/>
		<phrase i="172" t="DHCP-menu"/>
		<phrase i="173" t="Telefoon-IP-adres" t.VVX_1500="Telefoon-IP-adres"/>
		<phrase i="174" t="Subnet-masker" t.IP_330="Subnet-masker"/>
		<phrase i="175" t="IP-gateway"/>
		<phrase i="176" t="Server-menu" t.IP_330="Server-menu"/>
		<phrase i="177" t="SNTP-adres" t.IP_330="SNTP-adr"/>
		<phrase i="178" t="GMT-offset"/>
		<phrase i="179" t="DNS-server"/>
		<phrase i="180" t="DNS alt. server"/>
		<phrase i="181" t="DNS-domein"/>
		<phrase i="182" t="VLAN-ID"/>
		<phrase i="183" t=" Opslaan-config."/>
		<phrase i="184" t=" Afsluiten niet opslaan"/>
		<phrase i="185" t=" Setup hervatten"/>
		<phrase i="186" t="DHCP"/>
		<phrase i="187" t="MAC"/>
		<phrase i="188" t="IP"/>
		<phrase i="189" t="DNS"/>
		<phrase i="190" t="Bootserver"/>
		<phrase i="191" t="Altern. DNS"/>
		<phrase i="192" t="Optie 66"/>
		<phrase i="193" t="Aangepast"/>
		<phrase i="194" t="Statisch"/>
		<phrase i="195" t="IP-adres"/>
		<phrase i="196" t="String"/>
		<phrase i="197" t="FTP"/>
		<phrase i="198" t="Triviale FTP"/>
		<phrase i="199" t="Ingeschakeld"/>
		<phrase i="200" t="Uitgeschakeld"/>
		<phrase i="201" t="Masker"/>
		<phrase i="202" t="**-**"/>
		<phrase i="203" t="Domein"/>
		<phrase i="204" t="VLAN-ID"/>
		<phrase i="205" t="Server"/>
		<phrase i="206" t="Appl. verw."/>
		<phrase i="207" t="Bestand"/>
		<phrase i="208" t="Config."/>
		<phrase i="209" t="Bootrom"/>
		<phrase i="210" t="Hardw. ond.nr."/>
		<phrase i="211" t="TxCodec"/>
		<phrase i="212" t="RxCodec"/>
		<phrase i="213" t="Taal gewijzigd."/>
		<phrase i="214" t="Taalwijziging mislukte."/>
		<phrase i="215" t="Eén ogenblik..."/>
		<phrase i="216" t="Lijn-select"/>
		<phrase i="217" t="Lijn"/>
		<phrase i="218" t="Zoeken"/>
		<phrase i="219" t="Sortering"/>
		<phrase i="220" t="Zoekopdracht telefoonboek"/>
		<phrase i="221" t="Telefoonboeksortering"/>
		<phrase i="222" t="Voornaam"/>
		<phrase i="223" t="Achternaam"/>
		<phrase i="224" t="Systeemstatus"/>
		<phrase i="225" t="Algemeen"/>
		<phrase i="226" t="Contactdirectory"/>
		<phrase i="227" t="Bezig met verbinding maken"/>
		<phrase i="228" t="Klant+Opt. 66"/>
		<phrase i="229" t="Lijninformatie"/>
		<phrase i="230" t="Geregistreerd"/>
		<phrase i="231" t="Niet geregistreerd"/>
		<phrase i="232" t="Authenticatie"/>
		<phrase i="233" t="Reg. gebruiker"/>
		<phrase i="234" t="Reg. wachtwoord"/>
		<phrase i="235" t="Video"/>
		<phrase i="236" t="Berichten"/>
		<phrase i="237" t="Berichtencentrum"/>
		<phrase i="238" t="Bezig met verzamelgesprek"/>
		<phrase i="239" t="Dringend"/>
		<phrase i="240" t="Dringend"/>
		<phrase i="241" t="Nieuw"/>
		<phrase i="242" t="Nieuw"/>
		<phrase i="243" t="Oud"/>
		<phrase i="244" t="Oud"/>
		<phrase i="245" t="Verbinden" t.IP_330="Verbinden"/>
		<phrase i="246" t="Telefoonboek toevoegen"/>
		<phrase i="247" t="Contact bewerken"/>
		<phrase i="248" t="Snelkiesindex"/>
		<phrase i="249" t="Gespreksomleiding"/>
		<phrase i="250" t="Weigeren"/>
		<phrase i="251" t="Omleiden" t.IP_330="Oml."/>
		<phrase i="252" t="Dit gesprek"/>
		<phrase i="253" t="Gebruikersinstellingen resetten"/>
		<phrase i="254" t="Contact omleiden"/>
		<phrase i="255" t="Automatische weigering"/>
		<phrase i="256" t="Automatische omleiding"/>
		<phrase i="257" t="Opgeslagen"/>
		<phrase i="258" t="Fout"/>
		<phrase i="259" t="Contact bestaat reeds."/>
		<phrase i="260" t="Uitschakele"/>
		<phrase i="261" t="Buddy controleren"/>
		<phrase i="262" t="Buddy blokkeren"/>
		<phrase i="263" t="Opnieuw proberen a.u.b."/>
		<phrase i="264" t="Klok"/>
		<phrase i="265" t="Datum"/>
		<phrase i="266" t="Opmaak"/>
		<phrase i="267" t="zondag"/>
		<phrase i="268" t="maandag"/>
		<phrase i="269" t="dinsdag"/>
		<phrase i="270" t="woensdag"/>
		<phrase i="271" t="donderdag"/>
		<phrase i="272" t="vrijdag"/>
		<phrase i="273" t="zaterdag"/>
		<phrase i="274" t="januari"/>
		<phrase i="275" t="februari"/>
		<phrase i="276" t="maart"/>
		<phrase i="277" t="april"/>
		<phrase i="278" t="mei"/>
		<phrase i="279" t="juni"/>
		<phrase i="280" t="juli"/>
		<phrase i="281" t="augustus"/>
		<phrase i="282" t="september"/>
		<phrase i="283" t="oktober"/>
		<phrase i="284" t="november"/>
		<phrase i="285" t="december"/>
		<phrase i="286" t="Tijd op de klok"/>
		<phrase i="287" t="Alles instellen"/>
		<phrase i="288" t="Alles wissen"/>
		<phrase i="289" t="Headset-instelling"/>
		<phrase i="290" t="Automatische headset-modus"/>
		<phrase i="291" t="Fout tijdens het importeren."/>
		<phrase i="292" t="Geblokkeerd door actief gesprek." t.VVX_1500="Actief gesprek. Actie afgebroken."/>
		<phrase i="293" t="Contact invoeren a.u.b."/>
		<phrase i="294" t="Overzetten naar"/>
		<phrase i="295" t="Telefonisch vergadergesprek naar"/>
		<phrase i="296" t="Invoeren"/>
		<phrase i="297" t="Wachtwoord wijzigen"/>
		<phrase i="298" t="Gebruikerswachtwoord wijzigen" t.VVX_1500="Gebruikerswachtwoord wijzigen"/>
		<phrase i="299" t="Administratiewachtwoord wijzigen" t.VVX_1500="Administratiewachtwoord wijzigen"/>
		<phrase i="300" t="Gebruikerswachtwoord"/>
		<phrase i="301" t="Admin. wachtwoord" t.VVX_1500="Administratorswachtwoord"/>
		<phrase i="302" t="Gebruikerswachtwoord gewijzigd." t.VVX_1500="Gebruikerswachtwoord gewijzigd."/>
		<phrase i="303" t="Admin. wachtwoord gewijzigd." t.VVX_1500="Admin. wachtwoord gewijzigd."/>
		<phrase i="304" t="Sorry; opnieuw proberen a.u.b."/>
		<phrase i="305" t="Oud wachtwoord"/>
		<phrase i="306" t="Nieuw wachtwoord"/>
		<phrase i="307" t="Wachtwoord bevestigen"/>
		<phrase i="308" t="Wachtwoord is te kort." t.VVX_1500="Wachtwoord is te kort."/>
		<phrase i="309" t="VorigPag" t.VVX_1500="Vorige pagina"/>
		<phrase i="310" t="ASCII"/>
		<phrase i="311" t="Latin"/>
		<phrase i="312" t="Cyrillic"/>
		<phrase i="313" t="Unicode"/>
		<phrase i="314" t="Minimumlengte is"/>
		<phrase i="315" t="1/A/a"/>
		<phrase i="316" t="Gespreksbronnen niet beschikbaar."/>
		<phrase i="317" t="Codering" t.IP_330="Coderen"/>
		<phrase i="318" t="LAN-snelheid"/>
		<phrase i="319" t="PC-snelheid"/>
		<phrase i="320" t="Onbekend "/>
		<phrase i="321" t="Knipperinstellingen opnieuw ingesteld."/>
		<phrase i="322" t="LAN-modus "/>
		<phrase i="323" t="PC-modus "/>
		<phrase i="324" t="SNTP"/>
		<phrase i="325" t="GMT"/>
		<phrase i="326" t="Zomertijdregeling"/>
		<phrase i="327" t="Aan"/>
		<phrase i="328" t="Uit"/>
		<phrase i="329" t="CPU-belasting"/>
		<phrase i="330" t="Sneller"/>
		<phrase i="331" t="Langzamer"/>
		<phrase i="332" t="Laden"/>
		<phrase i="333" t="Interval"/>
		<phrase i="334" t="De directory is te groot."/>
		<phrase i="335" t="Veld bestaat niet."/>
		<phrase i="336" t="Einde directory."/>
		<phrase i="337" t="Dit contact werd verwijderd."/>
		<phrase i="338" t="Lijn wordt op afstand gebruikt"/>
		<phrase i="339" t="Netwerkbelasting"/>
		<phrase i="340" t="Bytes per seconde"/>
		<phrase i="341" t="Pakketten per seconde"/>
		<phrase i="342" t="DSP-belasting"/>
		<phrase i="343" t="Host-belasting"/>
		<phrase i="344" t="Modus"/>
		<phrase i="345" t="Diagnose"/>
		<phrase i="346" t="Audiodiagnostiek"/>
		<phrase i="347" t="Keypad-diagnostiek"/>
		<phrase i="348" t="Beeldschermdiagnostiek" t.VVX_1500="Beeldschermdiagnostiek"/>
		<phrase i="349" t="Speaker"/>
		<phrase i="350" t="Handset"/>
		<phrase i="351" t="Geslaagd"/>
		<phrase i="352" t="Mislukt"/>
		<phrase i="353" t="Test voltooid"/>
		<phrase i="354" t="Afsluiten: zelfde toets twee keer."/>
		<phrase i="355" t="Toets indrukken om de functie te verifiëren" t.VVX_1500="Toets indrukken om de functie te verifiëren"/>
		<phrase i="356" t="Opnemen"/>
		<phrase i="357" t="Stoppen"/>
		<phrase i="358" t="Ongeldige toets"/>
		<phrase i="359" t="Haakschakelaar"/>
		<phrase i="360" t="Gestopt"/>
		<phrase i="361" t="Bezig met afspelen"/>
		<phrase i="362" t="Bezig met opnemen"/>
		<phrase i="363" t="Dubbel IP"/>
		<phrase i="364" t="Herstarten"/>
		<phrase i="365" t="gedetecteerd van"/>
		<phrase i="366" t="zo"/>
		<phrase i="367" t="ma"/>
		<phrase i="368" t="di"/>
		<phrase i="369" t="wo"/>
		<phrase i="370" t="do"/>
		<phrase i="371" t="vr"/>
		<phrase i="372" t="za"/>
		<phrase i="373" t="jan"/>
		<phrase i="374" t="feb"/>
		<phrase i="375" t="mrt"/>
		<phrase i="376" t="apr"/>
		<phrase i="377" t="mei"/>
		<phrase i="378" t="jun"/>
		<phrase i="379" t="jul"/>
		<phrase i="380" t="aug"/>
		<phrase i="381" t="sep"/>
		<phrase i="382" t="okt"/>
		<phrase i="383" t="nov"/>
		<phrase i="384" t="dec"/>
		<phrase i="385" t="Geheugenbeslag"/>
		<phrase i="386" t="Actief gesprek"/>
		<phrase i="387" t="Stilte"/>
		<phrase i="388" t="Server niet beschikbaar."/>
		<phrase i="389" t="Klokvolgorde"/>
		<phrase i="390" t="Datum boven tijd"/>
		<phrase i="391" t="Tijd boven datum"/>
		<phrase i="392" t="Datum vóór tijd"/>
		<phrase i="393" t="Tijd vóór datum"/>
		<phrase i="394" t="Katakana"/>
		<phrase i="395" t="Gesprek-vorderingstonen"/>
		<phrase i="396" t="Ns"/>
		<phrase i="397" t="In/uitchecken" t.IP_330="In/uit"/>
		<phrase i="398" t="Agt beschikb" t.IP_330="Beschikb."/>
		<phrase i="399" t="Wijziging"/>
		<phrase i="400" t="1-&gt;Aa"/>
		<phrase i="401" t="A-&gt;a1"/>
		<phrase i="402" t="a-&gt;1A"/>
		<phrase i="403" t="Naam tonen" t.IP_330="Naam tonen"/>
		<phrase i="404" t="Lijnen"/>
		<phrase i="405" t="Label"/>
		<phrase i="406" t="Bijhouden keypad starten"/>
		<phrase i="407" t="Bellen via URL is uitgeschakeld" t.IP_330="Bellen via URL is uitgeschakeld"/>
		<phrase i="408" t="Hoorn opnemen"/>
		<phrase i="409" t="Luistermodus"/>
		<phrase i="410" t="Parkeren"/>
		<phrase i="411" t="Terughalen" t.VVX_1500="Terughalen"/>
		<phrase i="412" t="Groep"/>
		<phrase i="413" t="Opgepikt" t.VVX_1500="Opgepikt"/>
		<phrase i="414" t="Home"/>
		<phrase i="415" t="Vernieuwen"/>
		<phrase i="416" t="Laatste gesprek beantwoorden"/>
		<phrase i="417" t="LCR"/>
		<phrase i="418" t="Kenmerken"/>
		<phrase i="419" t="Blind"/>
		<phrase i="420" t="Hoofdtelefoon"/>
		<phrase i="421" t="ACD-agentbeschikbaarheid"/>
		<phrase i="422" t="ACD-inloggen/uitloggen"/>
		<phrase i="423" t="Inloggen"/>
		<phrase i="424" t="Uitloggen"/>
		<phrase i="425" t="Beschikbaar"/>
		<phrase i="426" t="Niet beschikbaar"/>
		<phrase i="427" t="Gebruikers-ID"/>
		<phrase i="428" t="Wachtwoord"/>
		<phrase i="429" t="Pick-up"/>
		<phrase i="430" t="Blinde doorverbinding naar"/>
		<phrase i="431" t="Beschikb." t.VVX_1500="Beschikbaar"/>
		<phrase i="432" t="Niet beschikb." t.VVX_1500="Niet beschikbaar"/>
		<phrase i="433" t="SIP-configuratie"/>
		<phrase i="434" t="Adres"/>
		<phrase i="435" t="Lijntype"/>
		<phrase i="436" t="Naam derden"/>
		<phrase i="437" t="Privé"/>
		<phrase i="438" t="Gedeeld"/>
		<phrase i="439" t="Poort"/>
		<phrase i="440" t="Transport"/>
		<phrase i="441" t="Registreren"/>
		<phrase i="442" t="Uitgaande proxy" t.VVX_1500="Uitgaande SIP-proxy"/>
		<phrase i="443" t="Uitgaande poort" t.VVX_1500="Uitgaande SIP-poort"/>
		<phrase i="444" t="RFC2543 op hold" t.IP_330="RFC2543 op hold"/>
		<phrase i="445" t="Ja"/>
		<phrase i="446" t="Nee"/>
		<phrase i="447" t="Alleen UDP"/>
		<phrase i="448" t="TCP-voorkeur"/>
		<phrase i="449" t="Naptr"/>
		<phrase i="450" t="Geaut. gebruikers-ID" t.VVX_1500="Geautoriseerde gebruikers-ID"/>
		<phrase i="451" t="Geaut. wachtwoord" t.VVX_1500="Geautoriseerd wachtwoord"/>
		<phrase i="452" t="Telefoon opnieuw starten"/>
		<phrase i="453" t="Weet u het zeker?"/>
		<phrase i="454" t="VLAN-detectie" t.IP_330="VLAN-detec."/>
		<phrase i="455" t="Vast"/>
		<phrase i="456" t="VLAN ID-optie" t.VVX_1500="VLAN ID-optie"/>
		<phrase i="457" t="Selecteren"/>
		<phrase i="458" t="Lokale veiligheidssleutel resetten"/>
		<phrase i="459" t="Berichtselectie"/>
		<phrase i="460" t="HTTP"/>
		<phrase i="461" t="HTTPS"/>
		<phrase i="462" t="FTPS"/>
		<phrase i="463" t="Aangepast CA-cert. installeren" t.VVX_1500="Aangepast CA-certificaat installeren"/>
		<phrase i="464" t="Aangepast CA-cert. downloaden" t.VVX_1500="Aangepast CA-certificaat downloaden"/>
		<phrase i="465" t="Accepteren"/>
		<phrase i="466" t="CA-cert. configureren" t.VVX_1500="CA-certificaten configureren"/>
		<phrase i="467" t="MD5-vingerafdruk"/>
		<phrase i="468" t="Aangepast certificaat"/>
		<phrase i="469" t="Standaard-cert. lijst" t.VVX_1500="Lijst met standaardcertificaten"/>
		<phrase i="470" t="Alle certificaten"/>
		<phrase i="471" t="Configuratiemethode" t.VVX_1500="Configuratiemethode"/>
		<phrase i="472" t="Configuratiereeks" t.VVX_1500="Configuratiereeks"/>
		<phrase i="473" t="Standaard"/>
		<phrase i="474" t="SAS-VP"/>
		<phrase i="475" t="Downloaden mislukt"/>
		<phrase i="476" t="Server"/>
		<phrase i="477" t="Toepassing"/>
		<phrase i="478" t="Pakketstatistieken"/>
		<phrase i="479" t="Regionale voorkeuren"/>
		<phrase i="480" t="User Settings"/>
		<phrase i="481" t="Beheerdersinstellingen" t.VVX_1500="Beheerdersinstellingen"/>
		<phrase i="482" t="Bestandssysteem formatteren"/>
		<phrase i="483" t="TCP/IP-parameters"/>
		<phrase i="484" t="Platform"/>
		<phrase i="485" t="Netwerk"/>
		<phrase i="486" t="Telefoon"/>
		<phrase i="487" t="Hoofd"/>
		<phrase i="488" t="Componenten"/>
		<phrase i="489" t="Copyright"/>
		<phrase i="490" t="Configuratie"/>
		<phrase i="491" t="Ethernet"/>
		<phrase i="492" t="Basis-"/>
		<phrase i="493" t="Geavanceerd"/>
		<phrase i="494" t="Voorkeuren"/>
		<phrase i="495" t="Geluidseffecten"/>
		<phrase i="496" t="SSL-beveiliging"/>
		<phrase i="497" t="Naar standaard resetten"/>
		<phrase i="498" t="Lokale configuratie resetten" t.IP_330="Lokale config. resetten" t.VVX_1500="Lokale configuratie resetten"/>
		<phrase i="499" t="Apparaatinstellingen resetten" t.IP_330="Apparaatinst. resetten"/>
		<phrase i="500" t="Algemeen"/>
		<phrase i="501" t="Hardware testen"/>
		<phrase i="502" t="Grafieken"/>
		<phrase i="503" t="CA-certificaten"/>
		<phrase i="504" t="Datum en tijd"/>
		<phrase i="505" t="TFTP"/>
		<phrase i="506" t="Ongeldig"/>
		<phrase i="507" t="Gesprekken per lijntoets" t.IP_330="Gesprekken/lijntoets"/>
		<phrase i="508" t="Aantal lijntoetsen" t.IP_330="Aantal lijntoetsen"/>
		<phrase i="509" t="Breedband handset"/>
		<phrase i="510" t="TLS"/>
		<phrase i="511" t="Contactpersoon toevoegen"/>
		<phrase i="512" t="Pogingen bestandsoverdracht"/>
		<phrase i="513" t="Wachttijd nieuwe poging"/>
		<phrase i="514" t="Toestaan"/>
		<phrase i="515" t="Privé"/>
		<phrase i="516" t="Privélijst"/>
		<phrase i="517" t="Buddy Privacy"/>
		<phrase i="518" t="Toevoegen aan Privé"/>
		<phrase i="519" t="Privé wijzigen"/>
		<phrase i="520" t="Toegang"/>
		<phrase i="521" t="EM-stroom"/>
		<phrase i="522" t="Certificaat opgeslagen."/>
		<phrase i="523" t="Certificaat is niet opgeslagen."/>
		<phrase i="524" t="Bezig met verzoek..."/>
		<phrase i="525" t="&gt;&gt;"/>
		<phrase i="526" t="Clink-modus"/>
		<phrase i="527" t="Client"/>
		<phrase i="528" t="Menu Ethernet"/>
		<phrase i="529" t="LAN-poort"/>
		<phrase i="530" t="PC-poort"/>
		<phrase i="531" t="Auto"/>
		<phrase i="532" t="10HD"/>
		<phrase i="533" t="10FD"/>
		<phrase i="534" t="100HD"/>
		<phrase i="535" t="100FD"/>
		<phrase i="536" t="Video"/>
		<phrase i="537" t="Telefoon"/>
		<phrase i="538" t="Van de haak"/>
		<phrase i="539" t="Video toev."/>
		<phrase i="540" t="Selecteer"/>
		<phrase i="541" t="Lichtintensiteit"/>
		<phrase i="542" t="Uit"/>
		<phrase i="543" t="Laag"/>
		<phrase i="544" t="Normaal"/>
		<phrase i="545" t="Hoog"/>
		<phrase i="546" t="Gespr. per lijn"/>
		<phrase i="547" t="Speakervolume"/>
		<phrase i="548" t="Belvolume"/>
		<phrase i="549" t="Beheer"/>
		<phrase i="550" t="Vergadering"/>
		<phrase i="551" t="Stil"/>
		<phrase i="552" t="Geluid"/>
		<phrase i="553" t="Wis"/>
		<phrase i="554" t="Stroom"/>
		<phrase i="555" t="Info deelnemer"/>
		<phrase i="556" t="Lichtintensiteit aan"/>
		<phrase i="557" t="Lichtintensiteit uit"/>
		<phrase i="558" t="2,5-mm-modus"/>
		<phrase i="559" t="Alles (auto)"/>
		<phrase i="560" t="Mobiel"/>
		<phrase i="561" t="PC-gegevensverb."/>
		<phrase i="562" t="Videogespr."/>
		<phrase i="563" t="Telef.-gespr."/>
		<phrase i="564" t="Alleen SIP"/>
		<phrase i="565" t="Alleen POTS"/>
		<phrase i="566" t="Auto (HDX-belvoorkeur)" t.VVX_1500="Automatisch (voorkeur HDX-oproep)"/>
		<phrase i="567" t="Beltypen"/>
		<phrase i="568" t="Inhoud"/>
		<phrase i="569" t="Bellers"/>
		<phrase i="570" t="Lijst"/>
		<phrase i="571" t="Negeren"/>
		<phrase i="572" t="Beller:"/>
		<phrase i="573" t="Volume"/>
		<phrase i="574" t="Bel"/>
		<phrase i="575" t="Speaker"/>
		<phrase i="576" t="Normaal"/>
		<phrase i="577" t="&lt;Nieuw&gt;"/>
		<phrase i="578" t="Lijst opslaan"/>
		<phrase i="579" t="Bevestigen"/>
		<phrase i="580" t="Geen service" t.IP_330="Serv. niet beschikb."/>
		<phrase i="581" t="Niet storen" t.VVX_1500="Niet storen"/>
		<phrase i="582" t="Verbinden met"/>
		<phrase i="583" t="Oproepinfo:"/>
		<phrase i="584" t="DSP-status"/>
		<phrase i="585" t="Unit 0"/>
		<phrase i="586" t="Unit 1"/>
		<phrase i="587" t="Unit 2"/>
		<phrase i="588" t="Ber." t.VVX_1500="Berichten"/>
		<phrase i="589" t="Telef. toev."/>
		<phrase i="590" t="Geef meer cijfers"/>
		<phrase i="591" t="Adres incompleet"/>
		<phrase i="592" t="Status servers"/>
		<phrase i="593" t="Registreren"/>
		<phrase i="594" t="Reg. opheffen"/>
		<phrase i="595" t="Nooit aanmelden"/>
		<phrase i="596" t="Lijstnaam wissen"/>
		<phrase i="597" t="Nieuwe deelnemer"/>
		<phrase i="598" t="Video of telefoon?"/>
		<phrase i="599" t="Niet gevonden"/>
		<phrase i="600" t="Op achternaam"/>
		<phrase i="601" t="Op voornaam"/>
		<phrase i="602" t="Netwerk"/>
		<phrase i="603" t="Modem"/>
		<phrase i="604" t="Kabel/DSL"/>
		<phrase i="605" t="LAN"/>
		<phrase i="606" t="Vergadergesprek bezig."/>
		<phrase i="607" t="Onmogelijk"/>
		<phrase i="608" t="Menu Syslog"/>
		<phrase i="609" t="Functie"/>
		<phrase i="610" t="Weergaveniv." t.IP_330="Weergaveniv."/>
		<phrase i="611" t="UDP"/>
		<phrase i="612" t="TCP"/>
		<phrase i="613" t="Geen"/>
		<phrase i="614" t="Typ wachtwoord"/>
		<phrase i="615" t="Hoge tonen"/>
		<phrase i="616" t="Lage tonen"/>
		<phrase i="617" t="Aux Audio In"/>
		<phrase i="618" t="Aux Audio Uit"/>
		<phrase i="619" t="Automatische versterker"/>
		<phrase i="620" t="Ruisonderdrukking"/>
		<phrase i="621" t="URL"/>
		<phrase i="622" t="Alleen zenden"/>
		<phrase i="623" t="Zenden/ontvangen"/>
		<phrase i="624" t="Alleen ontvangen"/>
		<phrase i="625" t="Inactief"/>
		<phrase i="626" t="Alleen TCP"/>
		<phrase i="627" t="Draadloze mic"/>
		<phrase i="628" t="Andere bron"/>
		<phrase i="629" t="Uitv. opnemen"/>
		<phrase i="630" t="Externe speaker"/>
		<phrase i="631" t="Laag en hoog"/>
		<phrase i="632" t="Extra audio"/>
		<phrase i="633" t="Lokale omvormers"/>
		<phrase i="634" t="Audio"/>
		<phrase i="635" t="Kies lokale omvormers"/>
		<phrase i="636" t="Microfoon"/>
		<phrase i="637" t="Speaker"/>
		<phrase i="638" t="Conferentiegesprek"/>
		<phrase i="639" t="MAC voor" t.IP_330="MAC voor"/>
		<phrase i="640" t="Speakervolume"/>
		<phrase i="641" t="Volume headset"/>
		<phrase i="642" t="Volume handset"/>
		<phrase i="643" t="Gespreksovername"/>
		<phrase i="644" t="Gerichte overname"/>
		<phrase i="645" t="Groepsovername"/>
		<phrase i="646" t="Druk op een toets om de test af te sluiten"/>
		<phrase i="647" t="Test afgebroken"/>
		<phrase i="648" t="Serienummer koppelen aan gebruikersagent" t.IP_330="SN koppelen"/>
		<phrase i="649" t="1000HD"/>
		<phrase i="650" t="1000FD"/>
		<phrase i="651" t="Netwerkcontrole"/>
		<phrase i="652" t="Poortcontrole voor LAN"/>
		<phrase i="653" t="Poortcontrole voor pc"/>
		<phrase i="654" t="Gigabit Ethernet-controle"/>
		<phrase i="655" t="Normale modus"/>
		<phrase i="656" t="Waveform verzenden"/>
		<phrase i="657" t="Jitter vrzndn - master"/>
		<phrase i="658" t="Jitter vrzndn - slave"/>
		<phrase i="659" t="Vervorming verzenden"/>
		<phrase i="660" t="Aanduiding actieve microfoon"/>
		<phrase i="661" t="Audio voor mobiel uit"/>
		<phrase i="662" t="Audio voor mobiel aan"/>
		<phrase i="663" t="Audio-oproep"/>
		<phrase i="664" t="Video-oproep"/>
		<phrase i="665" t="Audio/video-oproep"/>
		<phrase i="666" t="Elke oproep"/>
		<phrase i="667" t="Doorschakeltype selecteren" t.IP_330="Doorschakelen"/>
		<phrase i="668" t="Altijd"/>
		<phrase i="669" t="Bij geen antwoord"/>
		<phrase i="670" t="Doorschakelen na overgaan"/>
		<phrase i="671" t="Oproep doorschakelen bij geen antwoord" t.IP_330="Bij geen antwoord"/>
		<phrase i="672" t="Oproep doorschakelen indien bezet" t.IP_330="Bezet"/>
		<phrase i="673" t="Oproep altijd doorschakelen" t.IP_330="Altijd"/>
		<phrase i="674" t="VLAN-filtering"/>
		<phrase i="675" t="Stormfiltering"/>
		<phrase i="676" t="SIP-webinhoud"/>
		<phrase i="677" t="Passief"/>
		<phrase i="678" t="Fout met daisychain:"/>
		<phrase i="679" t="Meerdere Ethernet-kabels"/>
		<phrase i="680" t="Sluit slechts één Ethernet-kabel aan"/>
		<phrase i="681" t="Versieconflict"/>
		<phrase i="682" t="Neem contact op met de systeembeheerder."/>
		<phrase i="683" t="Contact weergeven"/>
		<phrase i="684" t="Weergeven"/>
		<phrase i="685" t="Maximale intensiteit"/>
		<phrase i="686" t="Automatisch testen"/>
		<phrase i="687" t="Toetsinvoer automatisch testen" t.IP_330="Toetsinvoer aut. testen"/>
		<phrase i="688" t="Automatisch testen ingeschakeld"/>
		<phrase i="689" t="Automatisch testen uitgeschakeld"/>
		<phrase i="690" t="Opslagapparaat aangesloten"/>
		<phrase i="691" t="Opslagapparaat verwijderd"/>
		<phrase i="692" t="Verwisselbaar opslagapparaat"/>
		<phrase i="693" t="Door opnamen bladeren"/>
		<phrase i="694" t="Eigenschappen opslagapparaat"/>
		<phrase i="695" t="Totaal"/>
		<phrase i="696" t="Gebruikt"/>
		<phrase i="697" t="Vrij"/>
		<phrase i="698" t="Geen opslagapparaat aangesloten."/>
		<phrase i="699" t="Geen actief gesprek aanwezig."/>
		<phrase i="700" t="Laatst opgenomen gesprek afspelen"/>
		<phrase i="701" t="Starten"/>
		<phrase i="702" t="Onderbreken"/>
		<phrase i="703" t="Naam wijzigen"/>
		<phrase i="704" t="Verwijderd"/>
		<phrase i="705" t="Bestandsinfo" t.VVX_1500="Bestandsinformatie"/>
		<phrase i="706" t="Geen wav-bestanden gevonden."/>
		<phrase i="707" t="Naam USB-bestand"/>
		<phrase i="708" t="Bestandsnaam wijzigen"/>
		<phrase i="709" t="Bestandsnaam kan niet leeg zijn"/>
		<phrase i="710" t="Bestand bestaat al"/>
		<phrase i="711" t="Opslaan als"/>
		<phrase i="712" t="Speciale tekens niet toegestaan"/>
		<phrase i="713" t="Kan opname niet starten."/>
		<phrase i="714" t="Geen gespreksbron beschikbaar"/>
		<phrase i="715" t="Opnieuw afspelen"/>
		<phrase i="716" t="Opslagapparaat is vol."/>
		<phrase i="717" t="Opname geannuleerd."/>
		<phrase i="718" t="Opname gestopt."/>
		<phrase i="719" t="Geluid dempen vanaf andere zijde"/>
		<phrase i="720" t="Openen"/>
		<phrase i="721" t="Opslagapparaat niet veilig verwijderd."/>
		<phrase i="722" t="Onderbroken"/>
		<phrase i="723" t="Voltooid"/>
		<phrase i="724" t="*R*" t.VVX_1500="R"/>
		<phrase i="725" t="*P*" t.VVX_1500="P"/>
		<phrase i="726" t="uur"/>
		<phrase i="727" t="min"/>
		<phrase i="728" t="sec"/>
		<phrase i="729" t="Vol"/>
		<phrase i="730" t="Adressenlijst medewerkers" t.IP_330="Adressenlijst"/>
		<phrase i="731" t="Adressenlijst medewerkers"/>
		<phrase i="732" t="Directory-server niet geïnitialiseerd"/>
		<phrase i="733" t="Status adressenlijst medewerkers" t.IP_330="Status adressenlijst"/>
		<phrase i="734" t="Zoekresultaten behouden"/>
		<phrase i="735" t="Handenvrij-modus uitgeschakeld" t.IP_330="Handenvrij uitgeschakeld"/>
		<phrase i="736" t="Telefooninstellingen"/>
		<phrase i="737" t="Handenvrij-modus"/>
		<phrase i="738" t="Niet-ondersteund USB-apparaat aangeslot."/>
		<phrase i="739" t="Niet-ondersteund USB-apparaat verwijderd"/>
		<phrase i="740" t="Headset aangesloten."/>
		<phrase i="741" t="Headset verwijderd."/>
		<phrase i="742" t="Headset"/>
		<phrase i="743" t="Headsetinstellingen"/>
		<phrase i="744" t="Analoge headset-modus"/>
		<phrase i="745" t="Analoge headset"/>
		<phrase i="746" t="Standaardmodus"/>
		<phrase i="747" t="Jabra-modus"/>
		<phrase i="748" t="Niet-ondersteunde .wav-bestandsindeling"/>
		<phrase i="749" t="Interrumperen" t.IP_330="Interrumperen"/>
		<phrase i="750" t="Opname bezig"/>
		<phrase i="751" t="Actie afgebroken"/>
		<phrase i="752" t="Gefilterd" t.IP_330="Gefilterd"/>
		<phrase i="753" t="Afspelen geannuleerd."/>
		<phrase i="754" t="Bestand in gebruik"/>
		<phrase i="755" t="Achtergrond"/>
		<phrase i="756" t="Voorbeeld"/>
		<phrase i="757" t="Standaardachtergrond 1"/>
		<phrase i="758" t="Apparaat niet gereed. Probeer opnieuw."/>
		<phrase i="759" t="Standaardachtergrond 2"/>
		<phrase i="760" t="Standaardachtergrond 3"/>
		<phrase i="761" t="Standaardachtergrond 4"/>
		<phrase i="762" t="Bestand niet gevonden" t.VVX_1500="Geselect. achtergrond niet beschikbaar."/>
		<phrase i="763" t="Lichter"/>
		<phrase i="764" t="Donkerder"/>
		<phrase i="765" t="Bewerking niet toegestaan"/>
		<phrase i="766" t="Bezig met verwijderen"/>
		<phrase i="767" t="Onvoldoende geheugen om door te gaan."/>
		<phrase i="768" t="Beschikbare opnametijd"/>
		<phrase i="769" t="Apparaat-id"/>
		<phrase i="770" t="Directory-server reageert niet" t.IP_330="CDSrvr reageert niet"/>
		<phrase i="771" t="Bezig met zoeken..."/>
		<phrase i="772" t="Labelkleur"/>
		<phrase i="773" t="Label"/>
		<phrase i="774" t="Resetten"/>
		<phrase i="775" t="Ongedaan maken"/>
		<phrase i="776" t="Geen vermeldingen gevonden." t.IP_330="0 vermeldingen"/>
		<phrase i="777" t="USB-apparaat wordt gecontroleerd." t.IP_330="Contr USB-apr"/>
		<phrase i="778" t="Wacht s.v.p. hooguit één minuut..."/>
		<phrase i="779" t="Kan deze kleur niet opslaan."/>
		<phrase i="780" t="Tekst is mogelijk onleesbaar."/>
		<phrase i="781" t="Telefoon opnieuw starten"/>
		<phrase i="782" t="Telefoon herstarten"/>
		<phrase i="783" t="Standaardachtergrond 5"/>
		<phrase i="784" t="Ongeldige snelkiesindex." t.IP_330="Ongeldige indx sneltts"/>
		<phrase i="785" t="Video starten"/>
		<phrase i="786" t="Video stoppen"/>
		<phrase i="787" t="Volledig scherm"/>
		<phrase i="788" t="PIP"/>
		<phrase i="789" t="Ophalen"/>
		<phrase i="790" t="Harder"/>
		<phrase i="791" t="Zachter"/>
		<phrase i="792" t="Contact vereist." t.VVX_1500="Contact nodig."/>
		<phrase i="793" t="Contactwaarde bestaat al." t.VVX_1500="Contactwaarde bestaat al."/>
		<phrase i="794" t="Naam invoeren"/>
		<phrase i="795" t="Wisselen"/>
		<phrase i="796" t="Plantronics-modus"/>
		<phrase i="797" t="Sneltoets bestaat al." t.VVX_1500="Snelkiesindex bestaat al."/>
		<phrase i="798" t="Lokale camera"/>
		<phrase i="799" t="Gesprekken operator"/>
		<phrase i="800" t="Fotolijstje"/>
		<phrase i="801" t="Camera-instellingen"/>
		<phrase i="802" t="ABC"/>
		<phrase i="803" t="123"/>
		<phrase i="804" t="(A,B,C) Nummer invoeren"/>
		<phrase i="805" t="(1,2,3) Nummer invoeren"/>
		<phrase i="806" t="Ongeldige config." t.VVX_1500="Ongeldige configuratie"/>
		<phrase i="807" t="Fout bij inloggen"/>
		<phrase i="808" t="Overzetten naar"/>
		<phrase i="809" t="Gewenste framesnelheid"/>
		<phrase i="810" t="Helderheidsniveau"/>
		<phrase i="811" t="Verzadigingsniveau"/>
		<phrase i="812" t="Contrastniveau"/>
		<phrase i="813" t="Scherpteniveau"/>
		<phrase i="814" t="Flikker voorkomen"/>
		<phrase i="815" t="Menu"/>
		<phrase i="816" t="Video-instellingen"/>
		<phrase i="817" t="Videoverzending aut. Starten"/>
		<phrase i="818" t="Videoschermmodus (venster)"/>
		<phrase i="819" t="Primair"/>
		<phrase i="820" t="Secundair"/>
		<phrase i="821" t="1000BT LAN-klok"/>
		<phrase i="822" t="1000BT PC-klok"/>
		<phrase i="823" t="Type oproep"/>
		<phrase i="824" t="Audio"/>
		<phrase i="825" t="Video"/>
		<phrase i="826" t="Conferentie telefoon SIP"/>
		<phrase i="827" t="HDX-voorkeur"/>
		<phrase i="828" t="Type spraakoproep"/>
		<phrase i="829" t="Echo annuleren"/>
		<phrase i="830" t="Modus Echo annuleren"/>
		<phrase i="831" t="Ga naar"/>
		<phrase i="832" t="Videoschermmodus (volledig scherm)"/>
		<phrase i="833" t="Fotolijstje"/>
		<phrase i="834" t="Schermbeveiliging"/>
		<phrase i="835" t="Map"/>
		<phrase i="836" t="Tijd per afbeelding (sec.)"/>
		<phrase i="837" t="Wachttijd (min.)"/>
		<phrase i="838" t="Type schermbeveiliging"/>
		<phrase i="839" t="Geen afbeeldingen gevonden."/>
		<phrase i="840" t="Achtergrondafbeelding gewijzigd."/>
		<phrase i="841" t="Video verzenden/ontvangen"/>
		<phrase i="842" t="Audio verzenden/ontvangen"/>
		<phrase i="843" t="Media-codec"/>
		<phrase i="844" t="Video-indeling verz./ontv."/>
		<phrase i="845" t="Framesnelheid video verz./ontv."/>
		<phrase i="846" t="Bitsnelheid video verz./ontv."/>
		<phrase i="847" t="Video-updates verz./ontv."/>
		<phrase i="848" t="Mediapakketten"/>
		<phrase i="849" t="USB-hub aangesloten."/>
		<phrase i="850" t="USB-hub verwijderd."/>
		<phrase i="851" t="USB-muis aangesloten."/>
		<phrase i="852" t="USB-muis verwijderd."/>
		<phrase i="853" t="USB-toetsenbord aangesloten."/>
		<phrase i="854" t="USB-toetsenbord verwijderd."/>
		<phrase i="855" t="Video-ondersteuning"/>
		<phrase i="856" t="Actieve video"/>
		<phrase i="857" t="Videostatistieken"/>
		<phrase i="858" t="Audiostatistieken"/>
		<phrase i="859" t="Scherm reinigen"/>
		<phrase i="860" t="Aanraakscherm is uitgeschakeld."/>
		<phrase i="861" t="Druk op een toets om af te sluiten."/>
		<phrase i="862" t="Lokaal bestand"/>
		<phrase i="863" t="Startbalk voor toepassingen"/>
		<phrase i="864" t="Codec voor verzenden audio"/>
		<phrase i="865" t="Codec voor ontvangen audio"/>
		<phrase i="866" t="Codec voor verzenden video"/>
		<phrase i="867" t="Codec voor ontvangen video"/>
		<phrase i="868" t="Leeg scherm"/>
		<phrase i="869" t="Video aut. op volledig scherm"/>
		<phrase i="870" t="Video selecteren"/>
		<phrase i="871" t="Snelle installatie" t.VVX_1500="Snelle installatie"/>
		<phrase i="872" t="Snelle installatie"/>
		<phrase i="873" t="Indeling achtergrond niet ondersteund."/>
		<phrase i="874" t="Koppel de telefoon los van het netwerk"/>
		<phrase i="875" t="voordat u Ethernet-diagnose uitvoert."/>
		<phrase i="876" t="Druk op [0-4] voor netwerktests."/>
		<phrase i="877" t="Modus: normale modus."/>
		<phrase i="878" t="Niet-ondersteunde modus."/>
		<phrase i="879" t="Extra uitgang actief."/>
		<phrase i="880" t="Extra uitgang inactief."/>
		<phrase i="881" t="ACD"/>
		<phrase i="882" t="Aanmelden"/>
		<phrase i="883" t="Afmelden"/>
		<phrase i="884" t="AAanmelden" t.IP_330="AAanmelden"/>
		<phrase i="885" t="AAfmelden" t.IP_330="AAfmelden"/>
		<phrase i="886" t="Aanmelden/afmelden voor ACD"/>
		<phrase i="887" t="Status ACD Agent"/>
		<phrase i="888" t="Beginstatus ACD"/>
		<phrase i="889" t="Agent aanmelden"/>
		<phrase i="890" t="Agent afmelden"/>
		<phrase i="891" t="Afwikkeling"/>
		<phrase i="892" t="Status van agent"/>
		<phrase i="893" t="Geen server geconfigureerd."/>
		<phrase i="894" t="Pakket-jitter (ms)"/>
		<phrase i="895" t="Maximale jitter (ms)"/>
		<phrase i="896" t="HDX-extensie"/>
		<phrase i="897" t="HDX-extensie invoeren:"/>
		<phrase i="898" t="50 Hz"/>
		<phrase i="899" t="60 Hz"/>
		<phrase i="900" t="Omgeving selecteren"/>
		<phrase i="901" t="Instellingen video-oproep"/>
		<phrase i="902" t="Videoschermmodus"/>
		<phrase i="903" t="Weergave lokale camera"/>
		<phrase i="904" t="Weergave lokale camera (normaal)"/>
		<phrase i="905" t="Weergave lokale camera (max. scherm)"/>
		<phrase i="906" t="Weergavemodus lok. camera (max. scherm)"/>
		<phrase i="907" t="Bijsnijden"/>
		<phrase i="908" t="Naast elkaar"/>
		<phrase i="909" t="Video kan met maar 1\npartij tegelijk."/>
		<phrase i="910" t="Energiebesparing"/>
		<phrase i="911" t="Time-outs"/>
		<phrase i="912" t="Kantooruren"/>
		<phrase i="913" t="Detectie van gebruiker"/>
		<phrase i="914" t="Uur vanaf"/>
		<phrase i="915" t="Time-out inact. kantooruren"/>
		<phrase i="916" t="Time-out inact. kantooruren"/>
		<phrase i="917" t="Time-out inact. Invoer gebruiker"/>
		<phrase i="918" t="Gevoeligheid kantooruren"/>
		<phrase i="919" t="Gevoeligheid kantooruren"/>
		<phrase i="920" t="Modus Kantooruren"/>
		<phrase i="921" t="Extra tekens invoeren..." t.IP_330="Typ meer tekens..." t.VVX_1500="Te veel zoekresultaten. Typ meer tekens."/>
		<phrase i="922" t="Geavanceerd zoeken"/>
		<phrase i="923" t="Geavanceerd zoeken"/>
		<phrase i="924" t="Vergadergesprek beëindigen?"/>
		<phrase i="925" t=""/>
		<phrase i="926" t=""/>
		<phrase i="927" t=""/>
		<phrase i="928" t=""/>
		<phrase i="929" t=""/>
		<phrase i="930" t=""/>
		<phrase i="931" t=""/>
		<phrase i="932" t=""/>
		<phrase i="933" t=""/>
		<phrase i="934" t=""/>
		<phrase i="935" t=""/>
		<phrase i="936" t=""/>
		<phrase i="937" t=""/>
		<phrase i="938" t="Speakerphone"/>
		<phrase i="939" t=""/>
		<phrase i="940" t=""/>
		<phrase i="941" t=""/>
		<phrase i="942" t=""/>
		<phrase i="943" t=""/>
		<phrase i="944" t=""/>
		<phrase i="945" t=""/>
		<phrase i="946" t=""/>
		<phrase i="947" t=""/>
		<phrase i="948" t=""/>
		<phrase i="949" t=""/>
		<phrase i="950" t=""/>
		<phrase i="951" t=""/>
		<phrase i="952" t=""/>
		<phrase i="953" t=""/>
		<phrase i="954" t=""/>
		<phrase i="955" t=""/>
		<phrase i="956" t=""/>
		<phrase i="957" t=""/>
		<phrase i="958" t=""/>
		<phrase i="959" t="Prioriteit aan achtergrond"/>
		<phrase i="960" t="Achtergrond selecteren"/>
		<phrase i="961" t="Achtergrond"/>
		<phrase i="962" t="Ljinconfiguratie"/>
		<phrase i="963" t="Configuratie SIP-server" t.VVX_1500="Configuratie oproepserver"/>
		<phrase i="964" t="OAI Alert"/>
		<phrase i="965" t="OAI Call"/>
		<phrase i="966" t="LLDP"/>
		<phrase i="967" t="Locatiegegevens"/>
		<phrase i="968" t="Schermafdruk"/>
		<phrase i="969" t="SK1"/>
		<phrase i="970" t="SK2"/>
		<phrase i="971" t="SK3"/>
		<phrase i="972" t="SK4"/>
		<phrase i="973" t="USB-opslag: %s resterend."/>
		<phrase i="974" t="Geïnstalleerd"/>
		<phrase i="975" t="Niet geïnstalleerd"/>
		<phrase i="976" t="Ongeldig"/>
		<phrase i="977" t="Inloggen vereist voor ACD."/>
		<phrase i="978" t="Gesprekssnelheid"/>
		<phrase i="979" t="Gesprekssnelheid selecteren"/>
		<phrase i="980" t="Snelheid verz./ontv. oproep (kbps)"/>
		<phrase i="981" t="USB-opslag: vol."/>
		<phrase i="982" t="Protocolconfiguratie"/>
		<phrase i="983" t="Protocol selecteren"/>
		<phrase i="984" t="Protocoltype"/>
		<phrase i="985" t="SIP"/>
		<phrase i="986" t="H.323"/>
		<phrase i="987" t="SIP + H.323"/>
		<phrase i="988" t="Aut. detectie gatekeeper"/>
		<phrase i="989" t="Gebruikers-id"/>
		<phrase i="990" t="Lijntoetsen"/>
		<phrase i="991" t="Gespreksserver"/>
		<phrase i="992" t="Lijst met gespreksservers leeg"/>
		<phrase i="993" t="Belvolume"/>
		<phrase i="994" t="Opnemen"/>
		<phrase i="995" t="Opnemen onderbroken"/>
		<phrase i="996" t="Licenties"/>
		<phrase i="997" t="Geen licenties geïnstalleerd"/>
		<phrase i="998" t="Diffie-Hellman Secret Key"/>
		<phrase i="999" t="Niet-ondersteunde verbinding"/>
		<phrase i="1000" t="Secure Shell"/>
		<phrase i="1001" t="SSH-verbinding"/>
		<phrase i="1002" t="SSH-status"/>
		<phrase i="1003" t="Gatewaypoort"/>
		<phrase i="1004" t="Verbinding"/>
		<phrase i="1005" t="Foutcode"/>
		<phrase i="1006" t="H.323 gebruiken"/>
		<phrase i="1007" t="SIP gebruiken"/>
		<phrase i="1008" t="Aut. Gebruiken"/>
		<phrase i="1009" t="(SIP-route)"/>
		<phrase i="1010" t="(H.323-route)"/>
		<phrase i="1011" t="(automatische route)"/>
		<phrase i="1012" t="Kies de SIP- of H.323-toets"/>
		<phrase i="1013" t="Niet opgegeven"/>
		<phrase i="1014" t="Doorgaan"/>
		<phrase i="1015" t="Home"/>
		<phrase i="1016" t="Opnemen (in de wacht)"/>
		<phrase i="1017" t="Protocolroute"/>
		<phrase i="1018" t="Handmatige protocolroute"/>
		<phrase i="1019" t="Keuze via softtoets"/>
		<phrase i="1020" t="Voorkeursprotocol"/>
		<phrase i="1021" t="Automatisch antwoorden"/>
		<phrase i="1022" t="SIP-oproepen aut. Beantwoorden"/>
		<phrase i="1023" t="H.323-oproepen aut. Beantwoorden"/>
		<phrase i="1024" t="Microfoon uit"/>
		<phrase i="1025" t="Geen videogeluid"/>
		<phrase i="1026" t="Voorkeur aut. Route"/>
		<phrase i="1027" t="Protocol"/>
		<phrase i="1028" t="SIP-protocol"/>
		<phrase i="1029" t="H.323-protocol"/>
		<phrase i="1030" t="Delen toestaan met "/>
		<phrase i="1031" t="Hoorbaar belsignaal"/>
		<phrase i="1032" t="Opmaak optie 60"/>
		<phrase i="1033" t="RFC3925 binair"/>
		<phrase i="1034" t="ASCII-tekenreeks"/>
		<phrase i="1035" t=""/>
		<phrase i="1036" t=""/>
		<phrase i="1037" t=""/>
		<phrase i="1038" t=""/>
		<phrase i="1039" t=""/>
		<phrase i="1040" t=""/>
		<phrase i="1041" t=""/>
		<phrase i="1042" t=""/>
		<phrase i="1043" t=""/>
		<phrase i="1044" t=""/>
		<phrase i="1045" t=""/>
		<phrase i="1046" t=""/>
		<phrase i="1047" t=""/>
		<phrase i="1048" t=""/>
		<phrase i="1049" t=""/>
		<phrase i="1050" t=""/>
		<phrase i="1051" t=""/>
		<phrase i="1052" t=""/>
		<phrase i="1053" t=""/>
		<phrase i="1054" t=""/>
		<phrase i="1055" t=""/>
		<phrase i="1056" t=""/>
		<phrase i="1057" t=""/>
		<phrase i="1058" t=""/>
		<phrase i="1059" t=""/>
		<phrase i="1060" t=""/>
		<phrase i="1061" t=""/>
		<phrase i="1062" t=""/>
		<phrase i="1063" t=""/>
		<phrase i="1064" t=""/>
		<phrase i="1065" t=""/>
		<phrase i="1066" t=""/>
		<phrase i="1067" t=""/>
		<phrase i="1068" t=""/>
		<phrase i="1069" t=""/>
		<phrase i="1070" t=""/>
		<phrase i="1071" t=""/>
		<phrase i="1072" t=""/>
		<phrase i="1073" t=""/>
		<phrase i="1074" t=""/>
		<phrase i="1075" t=""/>
		<phrase i="1076" t=""/>
		<phrase i="1077" t=""/>
		<phrase i="1078" t=""/>
		<phrase i="1079" t=""/>
		<phrase i="1080" t=""/>
		<phrase i="1081" t=""/>
		<phrase i="1082" t=""/>
		<phrase i="1083" t=""/>
		<phrase i="1084" t=""/>
		<phrase i="1085" t=""/>
		<phrase i="1086" t=""/>
		<phrase i="1087" t=""/>
		<phrase i="1088" t=""/>
		<phrase i="1089" t=""/>
		<phrase i="1090" t=""/>
		<phrase i="1091" t=""/>
		<phrase i="1092" t=""/>
		<phrase i="1093" t=""/>
		<phrase i="1094" t=""/>
		<phrase i="1095" t=""/>
		<phrase i="1096" t=""/>
		<phrase i="1097" t=""/>
		<phrase i="1098" t=""/>
		<phrase i="1099" t=""/>
		<phrase i="1100" t=""/>
		<phrase i="1101" t=""/>
		<phrase i="1102" t=""/>
		<phrase i="1103" t=""/>
		<phrase i="1104" t=""/>
		<phrase i="1105" t=""/>
		<phrase i="1106" t=""/>
		<phrase i="1107" t=""/>
		<phrase i="1108" t=""/>
		<phrase i="1109" t=""/>
		<phrase i="1110" t=""/>
		<phrase i="1111" t=""/>
		<phrase i="1112" t=""/>
		<phrase i="1113" t=""/>
		<phrase i="1114" t=""/>
		<phrase i="1115" t=""/>
		<phrase i="1116" t=""/>
		<phrase i="1117" t="Opslaan en opnieuw starten"/>
		<phrase i="1118" t=""/>
		<phrase i="1119" t="2.5 mm Mode"/>
		<phrase i="1120" t="Cell Phone"/>
		<phrase i="1121" t="PC Link"/>
		<phrase i="1122" t="Prompt"/>
		<phrase i="1123" t="Operational Mode"/>
		<phrase i="1124" t="PSTN"/>
		<phrase i="1125" t="Retained Message"/>
		<phrase i="1126" t=""/>
		<phrase i="1127" t="Diagnostiek aanraakscherm"/>
		<phrase i="1128" t="Druk op een toets om af te sluiten."/>
		<phrase i="1129" t="Raak het scherm aan om te testen."/>
		<phrase i="1130" t="CMA-adressenlijst"/>
		<phrase i="1131" t="Groepen"/>
		<phrase i="1132" t="Contact toevoegen"/>
		<phrase i="1133" t="CMA-menu"/>
		<phrase i="1134" t="CMA-modus"/>
		<phrase i="1135" t="CMA-server"/>
		<phrase i="1136" t="Inlogreferenties"/>
		<phrase i="1137" t="Gebruiker"/>
		<phrase i="1138" t="Geldig tot"/>
		<phrase i="1139" t="Verlopen"/>
		<phrase i="1140" t="Webconfiguratie resetten" t.IP_330="Webconfig. resetten."/>
		<phrase i="1141" t="TR-069 Enable"/>
		<phrase i="1142" t="TR-069 URL"/>
		<phrase i="1143" t="TR-069 SSL"/>
		<phrase i="1144" t="TR-069 Inform Interval"/>
		<phrase i="1145" t="TR-069 Username"/>
		<phrase i="1146" t="TR-069 Password"/>
		<phrase i="1147" t="Telefoon vergrendelen"/>
		<phrase i="1148" t="Vergrendelen"/>
		<phrase i="1149" t="Ontgrendelen"/>
		<phrase i="1150" t="De telefoon is vergrendeld."/>
		<phrase i="1151" t="Alleen speciale oproepen."/>
		<phrase i="1152" t="DND wanneer vergrendeld"/>
		<phrase i="1153" t="Belsignaal toestaan bij vergrendeld"/>
		<phrase i="1154" t="Telefoon ontgrendelen?"/>
		<phrase i="1155" t="Oproep beantwoorden?"/>
		<phrase i="1156" t="Speciale oproep plaatsen"/>
		<phrase i="1157" t="Verboden nummer"/>
		<phrase i="1158" t="Telefoonnummer"/>
		<phrase i="1159" t="SIP-adres"/>
		<phrase i="1160" t="Shutdown initiated"/>
		<phrase i="1161" t="On-hook Dialing"/>
		<phrase i="1162" t="Off-hook Dialing"/>
		<phrase i="1163" t="Audiomodus"/>
		<phrase i="1164" t="Country"/>
		<phrase i="1165" t="Contact biedt geen ondersteuning voor aanwezigheidsfunctie. Opslaan in lokale adressenlijst?"/>
		<phrase i="1166" t="Flash Timing"/>
		<phrase i="1167" t="Caller ID"/>
		<phrase i="1168" t="80"/>
		<phrase i="1169" t="100"/>
		<phrase i="1170" t="300"/>
		<phrase i="1171" t="600"/>
		<phrase i="1172" t="Removed"/>
		<phrase i="1173" t="Oproeplogboek"/>
		<phrase i="1174" t="Kan de telefoon niet vergrendelen."/>
		<phrase i="1175" t="PSTN Extension"/>
		<phrase i="1176" t="Enter PSTN Extension:"/>
		<phrase i="1177" t="Zoeken in"/>
		<phrase i="1178" t="Handset/headset"/>
		<phrase i="1179" t="U kunt uzelf niet toevoegen aan de lijst met contactpersonen."/>
		<phrase i="1180" t="Dismiss"/>
		<phrase i="1181" t="Snooze"/>
		<phrase i="1182" t="%s will start in %d %s at %s"/>
		<phrase i="1183" t="Calendar"/>
		<phrase i="1184" t="minutes"/>
		<phrase i="1185" t="seconds"/>
		<phrase i="1186" t="minute"/>
		<phrase i="1187" t="second"/>
		<phrase i="1188" t="Keypad Lock"/>
		<phrase i="1189" t="Keypad Unlock"/>
		<phrase i="1190" t="Keypad locked."/>
		<phrase i="1191" t="Lock the phone?"/>
		<phrase i="1192" t="Geen groepen gevonden."/>
		<phrase i="1193" t="Apparaatcertificaten"/>
		<phrase i="1194" t="Polycom-cert." t.VVX_1500="Polycom-cert. geconfigureerd"/>
		<phrase i="1195" t="Cert. geladen" t.VVX_1500="Geconfigureerd cert. geladen"/>
		<phrase i="1196" t="Polycom-cert. aanwezig" t.VVX_1500="Polycom-cert. aanwezig op apparaat"/>
		<phrase i="1197" t="Ander certificaat" t.VVX_1500="Ander cert. aanwezig op apparaat"/>
		<phrase i="1198" t="Beschrijving ander cert." t.VVX_1500="Beschrijving andere cert. van apparaat"/>
		<phrase i="1199" t="TR-069 Upgrades Managed"/>
		<phrase i="1200" t="Cert. apparaat"/>
		<phrase i="1201" t="Afspelen bezig."/>
		<phrase i="1202" t="Lokale adressenlijst is alleen-lezen."/>
		<phrase i="1203" t="CMA-verificatie mislukt."/>
		<phrase i="1204" t="Fout tijdens CMA-configuratie."/>
		<phrase i="1205" t="Extern toetsenbord en muis"/>
		<phrase i="1206" t="Staat de telefoon links of rechts van uw computer?"/>
		<phrase i="1207" t="Links"/>
		<phrase i="1208" t="Rechts"/>
		<phrase i="1209" t="Lijst"/>
		<phrase i="1210" t="Redencode invoeren"/>
		<phrase i="1211" t="Configuratie uploaden"/>
		<phrase i="1212" t="TR-069"/>
		<phrase i="1213" t="CMA"/>
		<phrase i="1214" t="Alle bronnen"/>
		<phrase i="1215" t="Lokaal"/>
		<phrase i="1216" t="Web"/>
		<phrase i="1217" t="Uploaden"/>
		<phrase i="1218" t="Configuratiebestanden" t.IP_330="Config.- bestanden"/>
		<phrase i="1219" t="Niet-beschikbare redencode"/>
		<phrase i="1220" t="Agent niet beschikbaar"/>
		<phrase i="1221" t="Waarschuwing voor configuratiebestand" t.IP_330="Pre-3.3.0 config."/>
		<phrase i="1222" t=" bevat pre-3.3.0 parameters"/>
		<phrase i="1223" t="geen"/>
		<phrase i="1224" t="Digest"/>
		<phrase i="1225" t="Identieke parameters gevonden" t.IP_330="Duplicaten gevonden"/>
		<phrase i="1226" t="Fouten gevonden"/>
		<phrase i="1227" t="Parameters geaccepteerd"/>
		<phrase i="1228" t="Pre-3.3.0 parameters gevonden."/>
		<phrase i="1229" t="Pre-3.3.0 parameters gevonden in:" t.IP_330="Pre-3.3.0 parameters in:"/>
		<phrase i="1230" t="Query wordt nog uitgevoerd. Probeer het later."/>
		<phrase i="1231" t="CMA-directory niet geregistreerd."/>
		<phrase i="1232" t="CMA-aanwezigheid niet geregistreerd."/>
		<phrase i="1233" t="Gespreksinfo"/>
		<phrase i="1234" t="Configuratie bijwerken"/>
		<phrase i="1235" t="Ongeldige inlogreferenties."/>
		<phrase i="1236" t="Kan adres niet ophalen."/>
		<phrase i="1237" t="Kiezen van contact mislukt."/>
		<phrase i="1238" t="Toevoegen van contact mislukt."/>
		<phrase i="1239" t="CMA-status"/>
		<phrase i="1240" t="Aanwezigheidsregistratie"/>
		<phrase i="1241" t="Directoryregistratie"/>
		<phrase i="1242" t="Configuratiestatus"/>
		<phrase i="1243" t="Hostnaam server"/>
		<phrase i="1244" t="Controle software-update"/>
		<phrase i="1245" t="Controle profiel bijwerken"/>
		<phrase i="1246" t="Heartbeat-rapport"/>
		<phrase i="1247" t="Gelukt"/>
		<phrase i="1248" t="Mislukt"/>
		<phrase i="1249" t="Uitnodigingen"/>
		<phrase i="1250" t="Buddy-uitnodiging in behandeling"/>
		<phrase i="1251" t="Aanwezigheid"/>
		<phrase i="1252" t="Methode voor accepteren van uitnodigingen"/>
		<phrase i="1253" t="Controle-intervallen configuratie"/>
		<phrase i="1254" t="Automatisch"/>
		<phrase i="1255" t="Opnieuw valideren"/>
		<phrase i="1256" t="Als bij opnieuw valideren blijkt dat de referenties ongeldig zijn, kan het account van de gebruiker worden vergrendeld."/>
		<phrase i="1257" t="Wilt u doorgaan ?"/>
		<phrase i="1258" t="Configuratiefout" t.IP_330="Config.-fout"/>
		<phrase i="1259" t="Configuratie is niet bijgewerkt."/>
                <phrase i="1260" t="" />
                <phrase i="1261" t="" />
                <phrase i="1262" t="" />
                <phrase i="1263" t="Doorz." />
	</phrases>
	<textEntry>
		<Entry ID="0" key="=, $/~_?0"/>
		<Entry ID="1" key="!|'^\@:1"/>
		<Entry ID="2" key="abc2äáàâ"/>
		<Entry ID="3" key="def3ëéèê"/>
		<Entry ID="4" key="ghi4ïíìî"/>
		<Entry ID="5" key="jkl5"/>
		<Entry ID="6" key="mno6öóòô"/>
		<Entry ID="7" key="pqrs7"/>
		<Entry ID="8" key="tuv8úùû"/>
		<Entry ID="9" key="wxyz9"/>
		<Entry ID="*" key=".*#-&amp;%+;"/>
		<Entry ID="#"/>
	</textEntry>
</dictionary>