﻿<?xml version="1.0" encoding="utf-8" standalone="yes"?>
<dictionary>
  <phrases>
    <phrase i="0" t="Back" />
    <phrase i="1" t="Dial" />
    <phrase i="2" t="Edit Contact" />
    <phrase i="3" t="Edit" />
    <phrase i="4" t="Up" />
    <phrase i="5" t="Save" />
    <phrase i="6" t="More" />
    <phrase i="7" t="New" />
    <phrase i="8" t="Ok" />
    <phrase i="9" t="Add" />
    <phrase i="10" t="Clear" />
    <phrase i="11" t="Info" />
    <phrase i="12" t="Send" />
    <phrase i="13" t="Select" />
    <phrase i="14" t="Delete" />
    <phrase i="15" t="Import" />
    <phrase i="16" t="Block" />
    <phrase i="17" t="Watch" />
    <phrase i="18" t="Unblock" t.IP_330="Unblk" />
    <phrase i="19" t="MyStat" t.VVX_1500="My Status" />
    <phrase i="20" t="Buddies" t.IP_330="Buddy" />
    <phrase i="21" t="Resume" />
    <phrase i="22" t="Play" />
    <phrase i="23" t="End Call" t.IP_330="EndCall" />
    <phrase i="24" t="New Call" t.IP_330="NewCall" />
    <phrase i="25" t="Redial" />
    <phrase i="26" t="Answer" />
    <phrase i="27" t="Name" />
    <phrase i="28" t="Number" />
    <phrase i="29" t="Hold" />
    <phrase i="30" t="Confrnc" t.IP_330="Conf" t.VVX_1500="Conference" />
    <phrase i="31" t="Trnsfer" t.IP_330="Trnsfr" t.VVX_1500="Transfer" />
    <phrase i="32" t="End" />
    <phrase i="33" t="Next" />
    <phrase i="34" t="Prev" t.VVX_1500="Previous" />
    <phrase i="35" t="Reply" />
    <phrase i="36" t="Exit" />
    <phrase i="37" t="Cancel" />
    <phrase i="38" t="a-&gt;A" />
    <phrase i="39" t="A-&gt;a" />
    <phrase i="40" t="-&gt;ABC" />
    <phrase i="41" t="&lt;&lt;" />
    <phrase i="42" t="Submit" />
    <phrase i="43" t="NextPg" t.VVX_1500="Next Page" />
    <phrase i="44" t="Update" />
    <phrase i="45" t="Instant Messages" />
    <phrase i="46" t="No Messages" />
    <phrase i="47" t="Send message to " />
    <phrase i="48" t="Enter message for " />
    <phrase i="49" t="My Status" />
    <phrase i="50" t="Directory" />
    <phrase i="51" t="Directories" />
    <phrase i="52" t="Service" />
    <phrase i="53" t="Applications" />
    <phrase i="54" t="Speed Dial" />
    <phrase i="55" t="Speed Dial Info" t.VVX_1500="Speed Dial Information" />
    <phrase i="56" t="Call Lists" />
    <phrase i="57" t="Edit Contact" />
    <phrase i="58" t="Buddy List" />
    <phrase i="59" t="Watcher List" />
    <phrase i="60" t="Blocked List" />
    <phrase i="61" t="Missed Calls" />
    <phrase i="62" t="Received Calls" />
    <phrase i="63" t="Placed Calls" />
    <phrase i="64" t="CDP Compatibility" t.IP_330="CDP Compat" />
    <phrase i="65" t="App. information" />
    <phrase i="66" t="Supported Codecs" />
    <phrase i="67" t="Add Watching" />
    <phrase i="68" t="Network Summary" />
    <phrase i="69" t="Presence" />
    <phrase i="70" t="Buddy Status" />
    <phrase i="71" t="Ring Type" />
    <phrase i="72" t="Status" />
    <phrase i="73" t="Settings" />
    <phrase i="74" t="Main Menu" />
    <phrase i="75" t="Network Statistics" />
    <phrase i="76" t="Media Statistics" />
    <phrase i="77" t="Firmware version" />
    <phrase i="78" t="Contrast" />
    <phrase i="79" t="Network Configuration" />
    <phrase i="80" t="Call Information" />
    <phrase i="81" t="Information" />
    <phrase i="82" t="System Information" />
    <phrase i="83" t="Active" />
    <phrase i="84" t="Inactive" />
    <phrase i="85" t="Unknown Party" />
    <phrase i="86" t="day" />
    <phrase i="87" t="days" />
    <phrase i="88" t="Requesting" />
    <phrase i="89" t="Request Failed" />
    <phrase i="90" t="English" />
    <phrase i="91" t="Internal" />
    <phrase i="92" t="Full-duplex" />
    <phrase i="93" t="Half-duplex" />
    <phrase i="94" t="View" />
    <phrase i="95" t="*** WARNING ***" />
    <phrase i="96" t="Router" />
    <phrase i="97" t="Down" />
    <phrase i="98" t="Elapsed Time" />
    <phrase i="99" t="Rx Packets" />
    <phrase i="100" t="Tx Packets" />
    <phrase i="101" t="Lost Packets" />
    <phrase i="102" t="LAN port" />
    <phrase i="103" t="PC port" />
    <phrase i="104" t="Instant Msg" t.IP_330="IM" />
    <phrase i="105" t="Specify Origin" />
    <phrase i="106" t="Enable" />
    <phrase i="107" t="Jitter (ms)" />
    <phrase i="108" t="Max. Jitter (ms)" />
    <phrase i="109" t="Latency (ms)" />
    <phrase i="110" t="App. Version" />
    <phrase i="111" t="Boot Version" />
    <phrase i="112" t="Ring" />
    <phrase i="113" t="No records" />
    <phrase i="114" t="Missed call list" />
    <phrase i="115" t="Received call list" />
    <phrase i="116" t="Placed call list" />
    <phrase i="117" t="Cleared" />
    <phrase i="118" t="Contact" />
    <phrase i="119" t="PM" />
    <phrase i="120" t="AM" />
    <phrase i="121" t="Time" />
    <phrase i="122" t="Name" />
    <phrase i="123" t="Duration" />
    <phrase i="124" t=" says: " />
    <phrase i="125" t="Message to " />
    <phrase i="126" t="Got your message." />
    <phrase i="127" t="Call me." />
    <phrase i="128" t="Call later." />
    <phrase i="129" t="Can't chat now." />
    <phrase i="130" t="Go to lunch?" />
    <phrase i="131" t="Imported" />
    <phrase i="132" t="Import failed" />
    <phrase i="133" t="Language" />
    <phrase i="134" t="Enter number" />
    <phrase i="135" t="Enter URL" />
    <phrase i="136" t="Split" />
    <phrase i="137" t="Join" />
    <phrase i="138" t="To" />
    <phrase i="139" t="From" />
    <phrase i="140" t="Forward" t.IP_330="Fwd" />
    <phrase i="141" t="For" />
    <phrase i="142" t="Hold" />
    <phrase i="143" t="Held" />
    <phrase i="144" t=" new message" />
    <phrase i="145" t=" new messages" />
    <phrase i="146" t="Call" />
    <phrase i="147" t="Network link is down" />
    <phrase i="148" t="Reconfiguring network" t.IP_330="Reconfiguring" t.VVX_1500="Reconfiguring" />
    <phrase i="149" t=" new missed call" />
    <phrase i="150" t=" new missed calls" />
    <phrase i="151" t="Reboot initiated" />
    <phrase i="152" t="Call on hold" />
    <phrase i="153" t="Disconnected" />
    <phrase i="154" t="Online" />
    <phrase i="155" t="Busy" />
    <phrase i="156" t="Be right back" />
    <phrase i="157" t="Away" />
    <phrase i="158" t="On the phone" />
    <phrase i="159" t="Out to lunch" />
    <phrase i="160" t="In a meeting" />
    <phrase i="161" t="Offline" />
    <phrase i="162" t="Do Not Disturb" />
    <phrase i="163" t="Timeout" />
    <phrase i="164" t="Boot Server" />
    <phrase i="165" t="BootSrv Opt" />
    <phrase i="166" t="BootSrv Type" />
    <phrase i="167" t="Server Type" t.IP_330="ServerType" />
    <phrase i="168" t="Server Address" t.IP_330="ServerAddr" />
    <phrase i="169" t="Server User" t.IP_330="ServerUser" />
    <phrase i="170" t="Server Password" t.IP_330="ServerPwd" />
    <phrase i="171" t="DHCP Client" t.IP_330="DHCPClient" />
    <phrase i="172" t="DHCP Menu" />
    <phrase i="173" t="Phone IP Addr" t.VVX_1500="Phone IP Address" />
    <phrase i="174" t="Subnet Mask" t.IP_330="SubnetMask" />
    <phrase i="175" t="IP Gateway" />
    <phrase i="176" t="Server Menu" t.IP_330="ServerMenu" />
    <phrase i="177" t="SNTP Address" t.IP_330="SNTP Addr" />
    <phrase i="178" t="GMT Offset" />
    <phrase i="179" t="DNS Server" />
    <phrase i="180" t="DNS Alt. Server" />
    <phrase i="181" t="DNS Domain" />
    <phrase i="182" t="VLAN ID" />
    <phrase i="183" t=" Save Config" />
    <phrase i="184" t=" Exit w/o Save" />
    <phrase i="185" t=" Resume Setup" />
    <phrase i="186" t="DHCP" />
    <phrase i="187" t="MAC" />
    <phrase i="188" t="IP" />
    <phrase i="189" t="DNS" />
    <phrase i="190" t="Boot Server" />
    <phrase i="191" t="Alt. DNS" />
    <phrase i="192" t="Option 66" />
    <phrase i="193" t="Custom" />
    <phrase i="194" t="Static" />
    <phrase i="195" t="IP Address" />
    <phrase i="196" t="String" />
    <phrase i="197" t="FTP" />
    <phrase i="198" t="Trivial FTP" />
    <phrase i="199" t="Enabled" />
    <phrase i="200" t="Disabled" />
    <phrase i="201" t="Mask" />
    <phrase i="202" t="**-**" />
    <phrase i="203" t="Domain" />
    <phrase i="204" t="VLAN ID" />
    <phrase i="205" t="Server" />
    <phrase i="206" t="App. Version" />
    <phrase i="207" t="File" />
    <phrase i="208" t="Config" />
    <phrase i="209" t="Bootrom" />
    <phrase i="210" t="P/N" />
    <phrase i="211" t="Tx Codec" />
    <phrase i="212" t="Rx Codec" />
    <phrase i="213" t="Language changed." />
    <phrase i="214" t="Language change failed." />
    <phrase i="215" t="Please wait..." />
    <phrase i="216" t="Line Select" />
    <phrase i="217" t="Line" />
    <phrase i="218" t="Search" />
    <phrase i="219" t="Sort" />
    <phrase i="220" t="Directory Search" />
    <phrase i="221" t="Directory Sort" />
    <phrase i="222" t="First Name" />
    <phrase i="223" t="Last Name" />
    <phrase i="224" t="System Status" />
    <phrase i="225" t="General" />
    <phrase i="226" t="Contact Directory" />
    <phrase i="227" t="Contacting" />
    <phrase i="228" t="Custom+Opt.66" />
    <phrase i="229" t="Line Information" />
    <phrase i="230" t="Registered" />
    <phrase i="231" t="Not Registered" />
    <phrase i="232" t="Authentication" />
    <phrase i="233" t="Reg User" />
    <phrase i="234" t="Reg Password" />
    <phrase i="235" t="Video" />
    <phrase i="236" t="Messages" />
    <phrase i="237" t="Message Centre" />
    <phrase i="238" t="In Conference" />
    <phrase i="239" t="Urgent" />
    <phrase i="240" t="Urgent" />
    <phrase i="241" t="New" />
    <phrase i="242" t="New" />
    <phrase i="243" t="Old" />
    <phrase i="244" t="Old" />
    <phrase i="245" t="Connect" t.IP_330="Connct" />
    <phrase i="246" t="Add To Directory" />
    <phrase i="247" t="Edit Contact" />
    <phrase i="248" t="Speed Dial Index" />
    <phrase i="249" t="Call Forwarding" />
    <phrase i="250" t="Reject" />
    <phrase i="251" t="Forward" t.IP_330="Fwd" />
    <phrase i="252" t="This call" />
    <phrase i="253" t="Reset User Settings" />
    <phrase i="254" t="Divert Contact" />
    <phrase i="255" t="Auto Reject" />
    <phrase i="256" t="Auto Divert" />
    <phrase i="257" t="Saved" />
    <phrase i="258" t="Error" />
    <phrase i="259" t="Contact already exists." />
    <phrase i="260" t="Disable" />
    <phrase i="261" t="Watch Buddy" />
    <phrase i="262" t="Block Buddy" />
    <phrase i="263" t="Please try again." />
    <phrase i="264" t="Clock" />
    <phrase i="265" t="Clock Date" />
    <phrase i="266" t="Format" />
    <phrase i="267" t="Sunday" />
    <phrase i="268" t="Monday" />
    <phrase i="269" t="Tuesday" />
    <phrase i="270" t="Wednesday" />
    <phrase i="271" t="Thursday" />
    <phrase i="272" t="Friday" />
    <phrase i="273" t="Saturday" />
    <phrase i="274" t="January" />
    <phrase i="275" t="February" />
    <phrase i="276" t="March" />
    <phrase i="277" t="April" />
    <phrase i="278" t="May" />
    <phrase i="279" t="June" />
    <phrase i="280" t="July" />
    <phrase i="281" t="August" />
    <phrase i="282" t="September" />
    <phrase i="283" t="October" />
    <phrase i="284" t="November" />
    <phrase i="285" t="December" />
    <phrase i="286" t="Clock Time" />
    <phrase i="287" t="Set All" />
    <phrase i="288" t="Clear All" />
    <phrase i="289" t="Headset Memory" />
    <phrase i="290" t="Headset Memory Mode" />
    <phrase i="291" t="Error while importing." />
    <phrase i="292" t="Blocked by active call." t.VVX_1500="Active call, action aborted." />
    <phrase i="293" t="Please enter a contact." />
    <phrase i="294" t="Transfer to" />
    <phrase i="295" t="Conference with" />
    <phrase i="296" t="Enter" />
    <phrase i="297" t="Change Password" />
    <phrase i="298" t="Change User P/W" t.VVX_1500="Change User Password" />
    <phrase i="299" t="Change Adm P/W" t.VVX_1500="Change Admin Password" />
    <phrase i="300" t="User Password" />
    <phrase i="301" t="Admin Password" t.VVX_1500="Administrator Password" />
    <phrase i="302" t="User pswrd changed." t.VVX_1500="User password changed." />
    <phrase i="303" t="Admin pswrd changed." t.VVX_1500="Administrator password changed." />
    <phrase i="304" t="Sorry, please try again." />
    <phrase i="305" t="Old Password" />
    <phrase i="306" t="New Password" />
    <phrase i="307" t="Confirm New" />
    <phrase i="308" t="Password too short." t.VVX_1500="Sorry, password too short." />
    <phrase i="309" t="PrevPg" t.VVX_1500="Previous Page" />
    <phrase i="310" t="Ascii" />
    <phrase i="311" t="Latin" />
    <phrase i="312" t="Cyrillic" />
    <phrase i="313" t="Unicode" />
    <phrase i="314" t="Minimum length is" />
    <phrase i="315" t="1/A/a" />
    <phrase i="316" t="Resources full." />
    <phrase i="317" t="Encoding" t.IP_330="Encode" />
    <phrase i="318" t="LAN Speed" />
    <phrase i="319" t="PC Speed" />
    <phrase i="320" t="Unknown " />
    <phrase i="321" t="Flash settings reset." />
    <phrase i="322" t="LAN Mode " />
    <phrase i="323" t="PC Mode " />
    <phrase i="324" t="SNTP" />
    <phrase i="325" t="GMT Offset" />
    <phrase i="326" t="Daylight Savings" />
    <phrase i="327" t="On" />
    <phrase i="328" t="Off" />
    <phrase i="329" t="CPU Load" />
    <phrase i="330" t="Faster" />
    <phrase i="331" t="Slower" />
    <phrase i="332" t="Load" />
    <phrase i="333" t="Interval" />
    <phrase i="334" t="Directory is too big." />
    <phrase i="335" t="No such field." />
    <phrase i="336" t="End of directory." />
    <phrase i="337" t="This contact was deleted." />
    <phrase i="338" t="Line used remotely" />
    <phrase i="339" t="Network Load" />
    <phrase i="340" t="Bytes Per Second" />
    <phrase i="341" t="Packets Per Second" />
    <phrase i="342" t="DSP Load" />
    <phrase i="343" t="Host Load" />
    <phrase i="344" t="Mode" />
    <phrase i="345" t="Diagnostics" />
    <phrase i="346" t="Audio Diagnostics" />
    <phrase i="347" t="Keypad Diagnostics" />
    <phrase i="348" t="Display Diagnostics" t.VVX_1500="Display Diagnostics" />
    <phrase i="349" t="Speaker" />
    <phrase i="350" t="Handset" />
    <phrase i="351" t="Pass" />
    <phrase i="352" t="Fail" />
    <phrase i="353" t="Test complete" />
    <phrase i="354" t="Exit: Press key twice." />
    <phrase i="355" t="Verify: press key" t.VVX_1500="Verify: press a key" />
    <phrase i="356" t="Record" />
    <phrase i="357" t="Stop" />
    <phrase i="358" t="Invalid Key" />
    <phrase i="359" t="Hookswitch" />
    <phrase i="360" t="Stopped" />
    <phrase i="361" t="Playing" />
    <phrase i="362" t="Recording" />
    <phrase i="363" t="Duplicate IP" />
    <phrase i="364" t="Reboot" />
    <phrase i="365" t="detected from" />
    <phrase i="366" t="Sun" />
    <phrase i="367" t="Mon" />
    <phrase i="368" t="Tue" />
    <phrase i="369" t="Wed" />
    <phrase i="370" t="Thu" />
    <phrase i="371" t="Fri" />
    <phrase i="372" t="Sat" />
    <phrase i="373" t="Jan" />
    <phrase i="374" t="Feb" />
    <phrase i="375" t="Mar" />
    <phrase i="376" t="Apr" />
    <phrase i="377" t="May" />
    <phrase i="378" t="Jun" />
    <phrase i="379" t="Jul" />
    <phrase i="380" t="Aug" />
    <phrase i="381" t="Sep" />
    <phrase i="382" t="Oct" />
    <phrase i="383" t="Nov" />
    <phrase i="384" t="Dec" />
    <phrase i="385" t="Memory Usage" />
    <phrase i="386" t="Call Active" />
    <phrase i="387" t="Silence" />
    <phrase i="388" t="Server unavailable." />
    <phrase i="389" t="Clock Order" />
    <phrase i="390" t="Date above time" />
    <phrase i="391" t="Time above date" />
    <phrase i="392" t="Date before time" />
    <phrase i="393" t="Time before date" />
    <phrase i="394" t="Katakana" />
    <phrase i="395" t="Call Progress Tones" />
    <phrase i="396" t="Dnd" />
    <phrase i="397" t="Chk in/out" t.IP_330="In/Out" />
    <phrase i="398" t="Agt avail" t.IP_330="Avail" />
    <phrase i="399" t="Change" />
    <phrase i="400" t="1-&gt;Aa" />
    <phrase i="401" t="A-&gt;a1" />
    <phrase i="402" t="a-&gt;1A" />
    <phrase i="403" t="Display Name" t.IP_330="DsplyName" />
    <phrase i="404" t="Lines" />
    <phrase i="405" t="Label" />
    <phrase i="406" t="Start Keypad Logging" />
    <phrase i="407" t="Url calling is disabled" t.IP_330="Url call is disabled" />
    <phrase i="408" t="Please lift handset" />
    <phrase i="409" t="Listen Mode" />
    <phrase i="410" t="Park" />
    <phrase i="411" t="Rtrieve" t.VVX_1500="Retrieve" />
    <phrase i="412" t="Group" />
    <phrase i="413" t="Directd" t.VVX_1500="Directed" />
    <phrase i="414" t="Home" />
    <phrase i="415" t="Refresh" />
    <phrase i="416" t="Last call return" />
    <phrase i="417" t="LCR" />
    <phrase i="418" t="Features" />
    <phrase i="419" t="Blind" />
    <phrase i="420" t="Headset" />
    <phrase i="421" t="ACD Agent Availability" />
    <phrase i="422" t="ACD Login/Logout" />
    <phrase i="423" t="Login" />
    <phrase i="424" t="Logout" />
    <phrase i="425" t="Available" />
    <phrase i="426" t="Unavailable" />
    <phrase i="427" t="User ID" />
    <phrase i="428" t="Password" />
    <phrase i="429" t="Pickup" />
    <phrase i="430" t="Blind transfer to" />
    <phrase i="431" t="Avail." t.VVX_1500="Available" />
    <phrase i="432" t="Unavail." t.VVX_1500="Unavailable" />
    <phrase i="433" t="SIP Configuration" />
    <phrase i="434" t="Address" />
    <phrase i="435" t="Line Type" />
    <phrase i="436" t="Third Party Name" />
    <phrase i="437" t="Private" />
    <phrase i="438" t="Shared" />
    <phrase i="439" t="Port" />
    <phrase i="440" t="Transport" />
    <phrase i="441" t="Register" />
    <phrase i="442" t="Out Proxy" t.VVX_1500="SIP Outbound Proxy" />
    <phrase i="443" t="Out Port" t.VVX_1500="SIP Outbound Port" />
    <phrase i="444" t="RFC2543 Hold" t.IP_330="RFC2543Hold" />
    <phrase i="445" t="Yes" />
    <phrase i="446" t="No" />
    <phrase i="447" t="UDP Only" />
    <phrase i="448" t="TCP Preferred" />
    <phrase i="449" t="Naptr" />
    <phrase i="450" t="Auth User ID" t.VVX_1500="Authentication User ID" />
    <phrase i="451" t="Auth Password" t.VVX_1500="Authentication Password" />
    <phrase i="452" t="Restart Phone" />
    <phrase i="453" t="Are you sure?" />
    <phrase i="454" t="VLAN Discovery" t.IP_330="VLAN Disc." />
    <phrase i="455" t="Fixed" />
    <phrase i="456" t="VLAN ID Opt" t.VVX_1500="VLAN ID Option" />
    <phrase i="457" t="Select" />
    <phrase i="458" t="Reset Local Security Key" />
    <phrase i="459" t="Message Select" />
    <phrase i="460" t="HTTP" />
    <phrase i="461" t="HTTPS" />
    <phrase i="462" t="FTPS" />
    <phrase i="463" t="Install Custom CA Cert" t.VVX_1500="Install Custom CA Certificate" />
    <phrase i="464" t="Download Custom CA Cert" t.VVX_1500="Download Custom CA Certificate" />
    <phrase i="465" t="Accept" />
    <phrase i="466" t="Configure CA Certs" t.VVX_1500="Configure CA Certificates" />
    <phrase i="467" t="MD5 Fingerprint" />
    <phrase i="468" t="Custom Certificate" />
    <phrase i="469" t="Default Cert List" t.VVX_1500="Default Certificate List" />
    <phrase i="470" t="All Certificates" />
    <phrase i="471" t="Prov. Method" t.VVX_1500="Provisioning Method" />
    <phrase i="472" t="Prov. String" t.VVX_1500="Provisioning String" />
    <phrase i="473" t="Default" />
    <phrase i="474" t="SAS-VP" />
    <phrase i="475" t="Download Failed" />
    <phrase i="476" t="Server" />
    <phrase i="477" t="Application" />
    <phrase i="478" t="Packet Statistics" />
    <phrase i="479" t="Regional Preferences" />
    <phrase i="480" t="User Settings" />
    <phrase i="481" t="Admin Settings" t.VVX_1500="Administration Settings" />
    <phrase i="482" t="Format File System" />
    <phrase i="483" t="TCP/IP Parameters" />
    <phrase i="484" t="Platform" />
    <phrase i="485" t="Network" />
    <phrase i="486" t="Phone" />
    <phrase i="487" t="Main" />
    <phrase i="488" t="Components" />
    <phrase i="489" t="Copyright" />
    <phrase i="490" t="Configuration" />
    <phrase i="491" t="Ethernet" />
    <phrase i="492" t="Basic" />
    <phrase i="493" t="Advanced" />
    <phrase i="494" t="Preferences" />
    <phrase i="495" t="Sound Effects" />
    <phrase i="496" t="SSL Security" />
    <phrase i="497" t="Reset to Defaults" />
    <phrase i="498" t="Reset Local Configuration" t.IP_330="Reset Local Config" t.VVX_1500="Reset Local Configuration" />
    <phrase i="499" t="Reset Device Settings" t.IP_330="Reset Dev. Settings" />
    <phrase i="500" t="Overall" />
    <phrase i="501" t="Test Hardware" />
    <phrase i="502" t="Graphs" />
    <phrase i="503" t="CA Certificates" />
    <phrase i="504" t="Time and Date" />
    <phrase i="505" t="TFTP" />
    <phrase i="506" t="Invalid" />
    <phrase i="507" t="Calls Per Line Key" t.IP_330="Calls/LnKey" />
    <phrase i="508" t="Num Line Keys" t.IP_330="No. Line Keys" />
    <phrase i="509" t="Wideband Handset" />
    <phrase i="510" t="TLS" />
    <phrase i="511" t="Add Buddy" />
    <phrase i="512" t="File Tx Tries" />
    <phrase i="513" t="Retry Wait" />
    <phrase i="514" t="Allow" />
    <phrase i="515" t="Privacy" />
    <phrase i="516" t="Privacy List" />
    <phrase i="517" t="Buddy Privacy" />
    <phrase i="518" t="Add Privacy" />
    <phrase i="519" t="Edit Privacy" />
    <phrase i="520" t="Access" />
    <phrase i="521" t="EM Power" />
    <phrase i="522" t="Saved certificate." />
    <phrase i="523" t="Failed to save certificate." />
    <phrase i="524" t="Processing request..." />
    <phrase i="525" t="&gt;&gt;" />
    <phrase i="526" t="CLink Mode" />
    <phrase i="527" t="Client" />
    <phrase i="528" t="Ethernet Menu" />
    <phrase i="529" t="LAN Port Mode" />
    <phrase i="530" t="PC Port Mode" />
    <phrase i="531" t="Auto" />
    <phrase i="532" t="10HD" />
    <phrase i="533" t="10FD" />
    <phrase i="534" t="100HD" />
    <phrase i="535" t="100FD" />
    <phrase i="536" t="Video" />
    <phrase i="537" t="Phone" />
    <phrase i="538" t="Off Hook Mode" />
    <phrase i="539" t="Add Video" />
    <phrase i="540" t="Please Select" />
    <phrase i="541" t="Backlight Intensity" />
    <phrase i="542" t="Off" />
    <phrase i="543" t="Low" />
    <phrase i="544" t="Medium" />
    <phrase i="545" t="High" />
    <phrase i="546" t="Calls Per Line" />
    <phrase i="547" t="Speaker Volume" />
    <phrase i="548" t="Ringer Volume" />
    <phrase i="549" t="Manage" />
    <phrase i="550" t="Manage Conference" />
    <phrase i="551" t="Mute" />
    <phrase i="552" t="UnMute" />
    <phrase i="553" t="Remove" />
    <phrase i="554" t="MediaFlow" />
    <phrase i="555" t="Participant Info" />
    <phrase i="556" t="Backlight On Intensity" />
    <phrase i="557" t="Backlight Idle Intensity" />
    <phrase i="558" t="2.5mm Mode" />
    <phrase i="559" t="Any (Default)" />
    <phrase i="560" t="Mobile Phone" />
    <phrase i="561" t="PC Data Link" />
    <phrase i="562" t="Video Calls" />
    <phrase i="563" t="Phone Calls" />
    <phrase i="564" t="SIP Only" />
    <phrase i="565" t="POTS Only" />
    <phrase i="566" t="Auto (HDX Call Pref.)" t.VVX_1500="Auto (HDX Call Preference)" />
    <phrase i="567" t="Call Type Order" />
    <phrase i="568" t="Content" />
    <phrase i="569" t="Callers" />
    <phrase i="570" t="Dir" />
    <phrase i="571" t="Ignore" />
    <phrase i="572" t="Call from:" />
    <phrase i="573" t="Volume" />
    <phrase i="574" t="Ringer" />
    <phrase i="575" t="Hands-free" />
    <phrase i="576" t="Normal" />
    <phrase i="577" t="&lt;New Entry&gt;" />
    <phrase i="578" t="Save Directory" />
    <phrase i="579" t="Confirmation" />
    <phrase i="580" t="Service unavailable" t.IP_330="Service unavail." />
    <phrase i="581" t="DND" t.VVX_1500="Do Not Disturb" />
    <phrase i="582" t="Connecting to" />
    <phrase i="583" t="Incoming call:" />
    <phrase i="584" t="DSP State" />
    <phrase i="585" t="Unit 0" />
    <phrase i="586" t="Unit 1" />
    <phrase i="587" t="Unit 2" />
    <phrase i="588" t="Msgs" t.VVX_1500="Messages" />
    <phrase i="589" t="Add Phone" />
    <phrase i="590" t="Enter more digits" />
    <phrase i="591" t="Address incomplete" />
    <phrase i="592" t="Servers Status" />
    <phrase i="593" t="Registering" />
    <phrase i="594" t="Unregistering" />
    <phrase i="595" t="Never register" />
    <phrase i="596" t="Delete directory entry" />
    <phrase i="597" t="Conference in another" />
    <phrase i="598" t="Video or Phone Call?" />
    <phrase i="599" t="Entry not found" />
    <phrase i="600" t="By last name" />
    <phrase i="601" t="By first name" />
    <phrase i="602" t="Network" />
    <phrase i="603" t="Dial-up" />
    <phrase i="604" t="Cable/DSL" />
    <phrase i="605" t="LAN" />
    <phrase i="606" t="Conference in progress." />
    <phrase i="607" t="Impossible" />
    <phrase i="608" t="Syslog Menu" />
    <phrase i="609" t="Facility" />
    <phrase i="610" t="Render Level" t.IP_330="RenderLvl" />
    <phrase i="611" t="UDP" />
    <phrase i="612" t="TCP" />
    <phrase i="613" t="None" />
    <phrase i="614" t="Enter password" />
    <phrase i="615" t="Treble EQ" />
    <phrase i="616" t="Bass EQ" />
    <phrase i="617" t="Aux Audio In" />
    <phrase i="618" t="Aux Audio Out" />
    <phrase i="619" t="Automatic Gain Control" />
    <phrase i="620" t="Noise Suppression" />
    <phrase i="621" t="URL" />
    <phrase i="622" t="Send Only" />
    <phrase i="623" t="Send Receive" />
    <phrase i="624" t="Receive Only" />
    <phrase i="625" t="Inactive" />
    <phrase i="626" t="TCP Only" />
    <phrase i="627" t="Wireless Mic" />
    <phrase i="628" t="Other Input" />
    <phrase i="629" t="Record Out" />
    <phrase i="630" t="External Speaker" />
    <phrase i="631" t="Bass and Treble" />
    <phrase i="632" t="Auxiliary Audio" />
    <phrase i="633" t="Local Transducers" />
    <phrase i="634" t="Audio" />
    <phrase i="635" t="Local Transducers Selection" />
    <phrase i="636" t="Microphone" />
    <phrase i="637" t="Speaker" />
    <phrase i="638" t="Conference" />
    <phrase i="639" t="Prepend MAC" t.IP_330="PrpndMAC" />
    <phrase i="640" t="Hands-free Volume" />
    <phrase i="641" t="Headset Volume" />
    <phrase i="642" t="Handset Volume" />
    <phrase i="643" t="Call Pickup" />
    <phrase i="644" t="Directed Pickup" />
    <phrase i="645" t="Group Pickup" />
    <phrase i="646" t="Press any key to exit test" />
    <phrase i="647" t="Test aborted" />
    <phrase i="648" t="Tag SN to UA" t.IP_330="Tag SN" />
    <phrase i="649" t="1000HD" />
    <phrase i="650" t="1000FD" />
    <phrase i="651" t="Network Diagnostics" />
    <phrase i="652" t="LAN Port Diagnostics" />
    <phrase i="653" t="PC Port Diagnostics" />
    <phrase i="654" t="Gigabit Ethernet Diagnostics" />
    <phrase i="655" t="Normal Mode" />
    <phrase i="656" t="Transmit Waveform" />
    <phrase i="657" t="Master Tx Jitter" />
    <phrase i="658" t="Slave Tx Jitter" />
    <phrase i="659" t="Transmit Distortion" />
    <phrase i="660" t="Active Mic Indication" />
    <phrase i="661" t="Mobile Audio Disabled" />
    <phrase i="662" t="Mobile Audio Enabled" />
    <phrase i="663" t="Audio call" />
    <phrase i="664" t="Video call" />
    <phrase i="665" t="Audio/Video call" />
    <phrase i="666" t="Any call" />
    <phrase i="667" t="Forwarding Type Select" t.IP_330="Forward" />
    <phrase i="668" t="Always" />
    <phrase i="669" t="No Answer" />
    <phrase i="670" t="Forward After Rings" />
    <phrase i="671" t="Call Forward No Answer" t.IP_330="No Answer" />
    <phrase i="672" t="Call Forward Busy" t.IP_330="Busy" />
    <phrase i="673" t="Call Forward Always" t.IP_330="Always" />
    <phrase i="674" t="VLAN Filtering" />
    <phrase i="675" t="Storm Filtering" />
    <phrase i="676" t="SIP Web Content" />
    <phrase i="677" t="Passive" />
    <phrase i="678" t="Daisy-chaining Error:" />
    <phrase i="679" t="Multiple Ethernet cables" />
    <phrase i="680" t="Connect only one Ethernet cable" />
    <phrase i="681" t="Version Conflict" />
    <phrase i="682" t="Contact system administrator." />
    <phrase i="683" t="View Contact" />
    <phrase i="684" t="View" />
    <phrase i="685" t="Maximum Intensity" />
    <phrase i="686" t="Test Automation" />
    <phrase i="687" t="Test Automation Key Entry" t.IP_330="Test Auto Key Entry" />
    <phrase i="688" t="Test Automation Enabled" />
    <phrase i="689" t="Test Automation Disabled" />
    <phrase i="690" t="Storage media attached" />
    <phrase i="691" t="Storage media removed" />
    <phrase i="692" t="Removable Storage Media" />
    <phrase i="693" t="Browse Recordings" />
    <phrase i="694" t="Storage Media Properties" />
    <phrase i="695" t="Total" />
    <phrase i="696" t="Used" />
    <phrase i="697" t="Free" />
    <phrase i="698" t="No storage media attached." />
    <phrase i="699" t="No active call present." />
    <phrase i="700" t="Playback last recorded" />
    <phrase i="701" t="Start" />
    <phrase i="702" t="Pause" />
    <phrase i="703" t="Rename" />
    <phrase i="704" t="Deleted" />
    <phrase i="705" t="File Info" t.VVX_1500="File Information" />
    <phrase i="706" t="No wav files found." />
    <phrase i="707" t="USB Filename" />
    <phrase i="708" t="Rename File" />
    <phrase i="709" t="Filename cannot be empty" />
    <phrase i="710" t="File already exists" />
    <phrase i="711" t="Save As" />.
    <phrase i="712" t="Special characters not allowed" />
    <phrase i="713" t="Could not start recording." />
    <phrase i="714" t="Resource unavailable." />
    <phrase i="715" t="Replay" />
    <phrase i="716" t="Storage media is full." />
    <phrase i="717" t="Recording cancelled." />
    <phrase i="718" t="Recording stopped." />
    <phrase i="719" t="Far Mute" />
    <phrase i="720" t="Open" />
    <phrase i="721" t="Storage media removed unsafely." />
    <phrase i="722" t="Paused" />
    <phrase i="723" t="Finished" />
    <phrase i="724" t="*R*" t.VVX_1500="R" />
    <phrase i="725" t="*P*" t.VVX_1500="P" />
    <phrase i="726" t="hr" />
    <phrase i="727" t="min" />
    <phrase i="728" t="sec" />
    <phrase i="729" t="Full" />
    <phrase i="730" t="Corporate Directory" t.IP_330="Corp Dir" />
    <phrase i="731" t="Corporate Directory" />
    <phrase i="732" t="Directory Server not initialized" t.IP330="Dir Srvr no init"  />
    <phrase i="733" t="Corporate Directory Status" t.IP_330="CD Status" />
    <phrase i="734" t="Retain Search" />
    <phrase i="735" t="Handsfree mode disabled" t.IP_330="Handsfree disabled" />
    <phrase i="736" t="Phone Settings" />
    <phrase i="737" t="Handsfree Mode" />
    <phrase i="738" t="Unsupported USB device attached." />
    <phrase i="739" t="Unsupported USB device removed." />
    <phrase i="740" t="Headset attached." />
    <phrase i="741" t="Headset removed." />
    <phrase i="742" t="Headset" />
    <phrase i="743" t="Headset Settings" />
    <phrase i="744" t="Analog Headset Mode" />
    <phrase i="745" t="Analog Headset" />
    <phrase i="746" t="Regular Mode" />
    <phrase i="747" t="Jabra Mode" />
    <phrase i="748" t="Unsupported .wav file format" />
    <phrase i="749" t="Barge In" t.IP_330="BargeIn" />
    <phrase i="750" t="Recording in progress" />
    <phrase i="751" t="Action aborted" />
    <phrase i="752" t="Filtered" t.IP_330="Filt" />
    <phrase i="753" t="Playback cancelled." />
    <phrase i="754" t="File in use" />
    <phrase i="755" t="Background" />
    <phrase i="756" t="Preview" />
    <phrase i="757" t="Default Background 1" />
    <phrase i="758" t="Device not ready. Try again." />
    <phrase i="759" t="Default Background 2" />
    <phrase i="760" t="Default Background 3" />
    <phrase i="761" t="Default Background 4" />
    <phrase i="762" t="File not found" t.VVX_1500="Selected background image unavailable." />
    <phrase i="763" t="Lighten" />
    <phrase i="764" t="Darken" />
    <phrase i="765" t="Operation not allowed" />
    <phrase i="766" t="Deletion in progress" />
    <phrase i="767" t="Insufficient memory to proceed." />
    <phrase i="768" t="Available recording time" />
    <phrase i="769" t="Device ID" />
    <phrase i="770" t="Directory Server not responding" t.IP_330="CDSrvr no rspn" />
    <phrase i="771" t="Searching..." />
    <phrase i="772" t="Label Colour" />
    <phrase i="773" t="Label" />
    <phrase i="774" t="Reset" />
    <phrase i="775" t="Undo" />
    <phrase i="776" t="No entries found." t.IP_330="No entries found" />
    <phrase i="777" t="Verifying USB device." t.IP_330="Verify USB Dev" />
    <phrase i="778" t="Please wait up to one minute..." />
    <phrase i="779" t="Cannot save this colour." />
    <phrase i="780" t="Text might be unreadable." />
    <phrase i="781" t="Restarting Phone" />
    <phrase i="782" t="Reboot Phone" />
    <phrase i="783" t="Default Background 5" />
    <phrase i="784" t="Speed dial index is invalid." t.IP_330="Invalid speed dial index." />
    <phrase i="785" t="Start Video" />
    <phrase i="786" t="Stop Video" />
    <phrase i="787" t="Full Screen" />
    <phrase i="788" t="PIP" />
    <phrase i="789" t="Fetch" />
    <phrase i="790" t="VolUp" />
    <phrase i="791" t="VolDwn" />
    <phrase i="792" t="Contact required." t.VVX_1500="There must be a contact value." />
    <phrase i="793" t="Duplicate contact value." t.VVX_1500="Contact value already exists." />
    <phrase i="794" t="Enter name" />
    <phrase i="795" t="Swap" />
    <phrase i="796" t="Plantronics Mode" />
    <phrase i="797" t="Duplicate speed dial." t.VVX_1500="Speed dial index already exists." />
    <phrase i="798" t="Local Camera" />
    <phrase i="799" t="Attendant Calls" />
    <phrase i="800" t="Picture Frame" />
    <phrase i="801" t="Camera Settings" />
    <phrase i="802" t="ABC" />
    <phrase i="803" t="123" />
    <phrase i="804" t="(ABC) Enter number" />
    <phrase i="805" t="(123) Enter number" />
    <phrase i="806" t="Invalid config" t.VVX_1500="Invalid Configuration" />
    <phrase i="807" t="Login error" />
    <phrase i="808" t="Transferring" />
    <phrase i="809" t="Target Frame Rate" />
    <phrase i="810" t="Brightness Level" />
    <phrase i="811" t="Saturation Level" />
    <phrase i="812" t="Contrast Level" />
    <phrase i="813" t="Sharpness Level" />
    <phrase i="814" t="Flicker Avoidance" />
    <phrase i="815" t="Menu" />
    <phrase i="816" t="Video Settings" />
    <phrase i="817" t="Auto Start Video Tx" />
    <phrase i="818" t="Video Screen Mode (Window)" />
    <phrase i="819" t="Master" />
    <phrase i="820" t="Slave" />
    <phrase i="821" t="1000BT LAN Clock" />
    <phrase i="822" t="1000BT PC Clock" />
    <phrase i="823" t="Call Type" />
    <phrase i="824" t="Audio" />
    <phrase i="825" t="Video" />
    <phrase i="826" t="Conference Phone SIP" />
    <phrase i="827" t="HDX Preference" />
    <phrase i="828" t="Voice Call Type" />
    <phrase i="829" t="Echo Cancellation" />
    <phrase i="830" t="Echo Cancellation Mode" />
    <phrase i="831" t="Go to" />
    <phrase i="832" t="Video Screen Mode (Full Screen)" />
    <phrase i="833" t="Picture Frame" />
    <phrase i="834" t="Screen Saver" />
    <phrase i="835" t="Folder" />
    <phrase i="836" t="Time Per Image (sec)" />
    <phrase i="837" t="Wait Time (min)" />
    <phrase i="838" t="Screen Saver Type" />
    <phrase i="839" t="No pictures found." />
    <phrase i="840" t="Background image changed." />
    <phrase i="841" t="Video Tx / Rx" />
    <phrase i="842" t="Audio Tx / Rx" />
    <phrase i="843" t="Media Codec" />
    <phrase i="844" t="Tx / Rx Video Format" />
    <phrase i="845" t="Tx / Rx Video Frame Rate" />
    <phrase i="846" t="Tx / Rx Video Bit Rate (kbps)" />
    <phrase i="847" t="Tx / Rx Video Update Requests" />
    <phrase i="848" t="Media Packets" />
    <phrase i="849" t="USB Hub attached." />
    <phrase i="850" t="USB Hub removed." />
    <phrase i="851" t="USB Mouse attached." />
    <phrase i="852" t="USB Mouse removed." />
    <phrase i="853" t="USB Keyboard attached." />
    <phrase i="854" t="USB Keyboard removed." />
    <phrase i="855" t="Video Capable" />
    <phrase i="856" t="Active Video" />
    <phrase i="857" t="Video Statistics" />
    <phrase i="858" t="Audio Statistics" />
    <phrase i="859" t="Screen Clean" />
    <phrase i="860" t="Touch screen is disabled." />
    <phrase i="861" t="Press any key to exit." />
    <phrase i="862" t="Local File" />
    <phrase i="863" t="Application Launch Pad" />
    <phrase i="864" t="Audio Tx Codec" />
    <phrase i="865" t="Audio Rx Codec" />
    <phrase i="866" t="Video Tx Codec" />
    <phrase i="867" t="Video Rx Codec" />
    <phrase i="868" t="Blank Screen" />
    <phrase i="869" t="Auto Video Full Screen" />
    <phrase i="870" t="Select Video" />
    <phrase i="871" t="QSetup" t.VVX_1500="Quick Setup" />
    <phrase i="872" t="Quick Setup" />
    <phrase i="873" t="Unsupported background file format." />
    <phrase i="874" t="Remove the phone from the network" />
    <phrase i="875" t="before running Ethernet Diagnostics." />
    <phrase i="876" t="Press [0-4] for network tests." />
    <phrase i="877" t="Mode: Normal Mode" />
    <phrase i="878" t="Unsupported mode." />
    <phrase i="879" t="Auxiliary output active." />
    <phrase i="880" t="Auxiliary output inactive." />
    <phrase i="881" t="ACD" />
    <phrase i="882" t="SignIn" />
    <phrase i="883" t="SignOut" />
    <phrase i="884" t="ASignIn" t.IP_330="ASnIn" />
    <phrase i="885" t="ASignOut" t.IP_330="ASnOut" />
    <phrase i="886" t="ACD SignIn/SignOut" />
    <phrase i="887" t="ACD Agent State" />
    <phrase i="888" t="Initial ACD State" />
    <phrase i="889" t="Agent SignIn" />
    <phrase i="890" t="Agent SignOut" />
    <phrase i="891" t="Wrap-Up" />
    <phrase i="892" t="Agent State" />
    <phrase i="893" t="No server configured." />
    <phrase i="894" t="Packet Jitter (ms)" />
    <phrase i="895" t="Maximum Jitter (ms)" />
    <phrase i="896" t="HDX Extension" />
    <phrase i="897" t="Enter HDX Extension:" />
    <phrase i="898" t="50 Hz" />
    <phrase i="899" t="60 Hz" />
    <phrase i="900" t="Select Environment" />
    <phrase i="901" t="Video Call Settings" />
    <phrase i="902" t="Video Screen Mode" />
    <phrase i="903" t="Local Camera View" />
    <phrase i="904" t="Local Camera View (Normal)" />
    <phrase i="905" t="Local Camera View (Full Screen)" />
    <phrase i="906" t="Local Camera View Mode (Full Screen)" />
    <phrase i="907" t="Crop" />
    <phrase i="908" t="Side-by-side" />
    <phrase i="909" t="Video can only be active\nwith one party at a time." />
    <phrase i="910" t="Power Saving" />
    <phrase i="911" t="Timeouts" />
    <phrase i="912" t="Office Hours" />
    <phrase i="913" t="User Detection" />
    <phrase i="914" t="Start Hour" />
    <phrase i="915" t="Office Hours Idle Timeout" />
    <phrase i="916" t="Off Hours Idle Timeout" />
    <phrase i="917" t="User Input Idle Timeout" />
    <phrase i="918" t="Office Hours Sensitivity" />
    <phrase i="919" t="Off Hours Sensitivity" />
    <phrase i="920" t="Off Hours Mode" />
    <phrase i="921" t="Enter More Chars..." t.IP_330="Enter More Chars..." t.VVX_1500="Too many results received. Enter more characters." />
    <phrase i="922" t="AdvFind" />
    <phrase i="923" t="Advanced Find" />
    <phrase i="924" t="End Entire Conference?" />
    <phrase i="925" t="" />
    <phrase i="926" t="" />
    <phrase i="927" t="" />
    <phrase i="928" t="" />
    <phrase i="929" t="" />
    <phrase i="930" t="" />
    <phrase i="931" t="" />
    <phrase i="932" t="" />
    <phrase i="933" t="" />
    <phrase i="934" t="" />
    <phrase i="935" t="" />
    <phrase i="936" t="" />
    <phrase i="937" t="" />
    <phrase i="938" t="Speakerphone" />
    <phrase i="939" t="" />
    <phrase i="940" t="" />
    <phrase i="941" t="" />
    <phrase i="942" t="" />
    <phrase i="943" t="" />
    <phrase i="944" t="" />
    <phrase i="945" t="" />
    <phrase i="946" t="" />
    <phrase i="947" t="" />
    <phrase i="948" t="" />
    <phrase i="949" t="" />
    <phrase i="950" t="" />
    <phrase i="951" t="" />
    <phrase i="952" t="" />
    <phrase i="953" t="" />
    <phrase i="954" t="" />
    <phrase i="955" t="" />
    <phrase i="956" t="" />
    <phrase i="957" t="" />
    <phrase i="958" t="" />
    <phrase i="959" t="Prioritize Background" />
    <phrase i="960" t="Select Background" />
    <phrase i="961" t="Background" />
    <phrase i="962" t="Line Configuration" />
    <phrase i="963" t="SIP Server Configuration" t.VVX_1500="Call Server Configuration" />
    <phrase i="964" t="OAI Alert" />
    <phrase i="965" t="OAI Call" />
    <phrase i="966" t="LLDP" />
    <phrase i="967" t="Location Info" />
    <phrase i="968" t="Screen Capture" />
    <phrase i="969" t="SK1" />
    <phrase i="970" t="SK2" />
    <phrase i="971" t="SK3" />
    <phrase i="972" t="SK4" />
    <phrase i="973" t="USB storage: %s left." />
    <phrase i="974" t="Installed" />
    <phrase i="975" t="Not Installed" />
    <phrase i="976" t="Invalid" />
    <phrase i="977" t="ACD line login needed." />
    <phrase i="978" t="Call Rate" />
    <phrase i="979" t="Select Call Rate" />
    <phrase i="980" t="Tx / Rx Call Rate (kbps)" />
    <phrase i="981" t="USB storage: full." />
    <phrase i="982" t="Protocol Configuration" />
    <phrase i="983" t="Select Protocol" />
    <phrase i="984" t="Protocol Type" />
    <phrase i="985" t="SIP" />
    <phrase i="986" t="H.323" />
    <phrase i="987" t="SIP + H.323" />
    <phrase i="988" t="Auto Gatekeeper Discovery" />
    <phrase i="989" t="User ID" />
    <phrase i="990" t="Line Keys" />
    <phrase i="991" t="Call Server" />
    <phrase i="992" t="Call Server List Empty" />
    <phrase i="993" t="Ringer Output" />
    <phrase i="994" t="Recording" />
    <phrase i="995" t="Recording Paused" />
    <phrase i="996" t="Licenses" />
    <phrase i="997" t="No Licenses Installed" />
    <phrase i="998" t="Diffie-Hellman Secret Key" />
    <phrase i="999" t="Unsupported Link" />
    <phrase i="1000" t="Secure Shell" />
    <phrase i="1001" t="SSH Connection" />
    <phrase i="1002" t="SSH Status" />
    <phrase i="1003" t="Gateway Port" />
    <phrase i="1004" t="Connected" />
    <phrase i="1005" t="Error Code" />
    <phrase i="1006" t="Use H.323" />
    <phrase i="1007" t="Use SIP" />
    <phrase i="1008" t="Use Auto" />
    <phrase i="1009" t="(SIP routing)" />
    <phrase i="1010" t="(H.323 routing)" />
    <phrase i="1011" t="(auto routing)" />
    <phrase i="1012" t="Please select Use SIP or Use H.323" />
    <phrase i="1013" t="Unspecified" />
    <phrase i="1014" t="Apps Continue" />
    <phrase i="1015" t="Apps Home" />
    <phrase i="1016" t="Recording (Hold)" />
    <phrase i="1017" t="Protocol Routing" />
    <phrase i="1018" t="Manual Protocol Routing" />
    <phrase i="1019" t="Soft Key Control" />
    <phrase i="1020" t="Preferred Protocol" />
    <phrase i="1021" t="Auto Answer" />
    <phrase i="1022" t="Auto Answer SIP Calls" />
    <phrase i="1023" t="Auto Answer H.323 Calls" />
    <phrase i="1024" t="Microphone Mute" />
    <phrase i="1025" t="Video Mute" />
    <phrase i="1026" t="Auto Routing Preference" />
    <phrase i="1027" t="Protocol" />
    <phrase i="1028" t="SIP Protocol" />
    <phrase i="1029" t="H.323 Protocol" />
    <phrase i="1030" t="Allow sharing with " />
    <phrase i="1031" t="Audible Ringer" />
    <phrase i="1032" t="Option 60 Format" />
    <phrase i="1033" t="RFC3925 Binary" />
    <phrase i="1034" t="ASCII String" />
    <phrase i="1035" t="" />
    <phrase i="1036" t="" />
    <phrase i="1037" t="" />
    <phrase i="1038" t="" />
    <phrase i="1039" t="" />
    <phrase i="1040" t="" />
    <phrase i="1041" t="" />
    <phrase i="1042" t="" />
    <phrase i="1043" t="" />
    <phrase i="1044" t="" />
    <phrase i="1045" t="" />
    <phrase i="1046" t="" />
    <phrase i="1047" t="" />
    <phrase i="1048" t="" />
    <phrase i="1049" t="" />
    <phrase i="1050" t="" />
    <phrase i="1051" t="" />
    <phrase i="1052" t="" />
    <phrase i="1053" t="" />
    <phrase i="1054" t="" />
    <phrase i="1055" t="" />
    <phrase i="1056" t="" />
    <phrase i="1057" t="" />
    <phrase i="1058" t="" />
    <phrase i="1059" t="" />
    <phrase i="1060" t="" />
    <phrase i="1061" t="" />
    <phrase i="1062" t="" />
    <phrase i="1063" t="" />
    <phrase i="1064" t="" />
    <phrase i="1065" t="" />
    <phrase i="1066" t="" />
    <phrase i="1067" t="" />
    <phrase i="1068" t="" />
    <phrase i="1069" t="" />
    <phrase i="1070" t="" />
    <phrase i="1071" t="" />
    <phrase i="1072" t="" />
    <phrase i="1073" t="" />
    <phrase i="1074" t="" />
    <phrase i="1075" t="" />
    <phrase i="1076" t="" />
    <phrase i="1077" t="" />
    <phrase i="1078" t="" />
    <phrase i="1079" t="" />
    <phrase i="1080" t="" />
    <phrase i="1081" t="" />
    <phrase i="1082" t="" />
    <phrase i="1083" t="" />
    <phrase i="1084" t="" />
    <phrase i="1085" t="" />
    <phrase i="1086" t="" />
    <phrase i="1087" t="" />
    <phrase i="1088" t="" />
    <phrase i="1089" t="" />
    <phrase i="1090" t="" />
    <phrase i="1091" t="" />
    <phrase i="1092" t="" />
    <phrase i="1093" t="" />
    <phrase i="1094" t="" />
    <phrase i="1095" t="" />
    <phrase i="1096" t="" />
    <phrase i="1097" t="" />
    <phrase i="1098" t="" />
    <phrase i="1099" t="" />
    <phrase i="1100" t="" />
    <phrase i="1101" t="" />
    <phrase i="1102" t="" />
    <phrase i="1103" t="" />
    <phrase i="1104" t="" />
    <phrase i="1105" t="" />
    <phrase i="1106" t="" />
    <phrase i="1107" t="" />
    <phrase i="1108" t="" />
    <phrase i="1109" t="" />
    <phrase i="1110" t="" />
    <phrase i="1111" t="" />
    <phrase i="1112" t="" />
    <phrase i="1113" t="" />
    <phrase i="1114" t="" />
    <phrase i="1115" t="" />
    <phrase i="1116" t="" />
    <phrase i="1117" t="Save and restart" />
    <phrase i="1118" t="" />
    <phrase i="1119" t="2.5 mm Mode" />
    <phrase i="1120" t="Cell Phone" />
    <phrase i="1121" t="PC Link" />
    <phrase i="1122" t="Prompt" />
    <phrase i="1123" t="Operational Mode" />
    <phrase i="1124" t="PSTN" />
    <phrase i="1125" t="Retained Message" />
    <phrase i="1126" t="" />
    <phrase i="1127" t="Touch Screen Diagnostics" />
    <phrase i="1128" t="Press any key to exit." />
    <phrase i="1129" t="Touch the display to test." />
    <phrase i="1130" t="CMA Directory" />
    <phrase i="1131" t="Groups" />
    <phrase i="1132" t="Add Contact" />
    <phrase i="1133" t="CMA Menu" />
    <phrase i="1134" t="CMA Mode" />
    <phrase i="1135" t="CMA Server" />
    <phrase i="1136" t="Login Credentials" />
    <phrase i="1137" t="User" />
    <phrase i="1138" t="Valid until" />
    <phrase i="1139" t="Expired" />
    <phrase i="1140" t="Reset Web Configuration" t.IP_330="Reset Web Config." />
    <phrase i="1141" t="TR-069 Enable" />
    <phrase i="1142" t="TR-069 URL" />
    <phrase i="1143" t="TR-069 SSL" />
    <phrase i="1144" t="TR-069 Inform Interval" />
    <phrase i="1145" t="TR-069 Username" />
    <phrase i="1146" t="TR-069 Password" />
    <phrase i="1147" t="Lock Phone" />
    <phrase i="1148" t="Lock" />
    <phrase i="1149" t="Unlock" />
    <phrase i="1150" t="The phone is locked." />
    <phrase i="1151" t="Authorized calls only." />
    <phrase i="1152" t="DND when locked" />
    <phrase i="1153" t="Allow ringing when locked" />
    <phrase i="1154" t="Unlock the phone?" />
    <phrase i="1155" t="Answer the call?" />
    <phrase i="1156" t="Place an Authorized Call" />
    <phrase i="1157" t="Unauthorized number" />
    <phrase i="1158" t="Phone number" />
    <phrase i="1159" t="SIP Address" />
    <phrase i="1160" t="Shutdown initiated" />
    <phrase i="1161" t="On-hook Dialing" />
    <phrase i="1162" t="Off-hook Dialing" />
    <phrase i="1163" t="Audio Mode" />
    <phrase i="1164" t="Country" />
    <phrase i="1165" t="Contact does not support presence. Save to local contact diectory?" />
    <phrase i="1166" t="Flash Timing" />
    <phrase i="1167" t="Caller ID" />
    <phrase i="1168" t="80" />
    <phrase i="1169" t="100" />
    <phrase i="1170" t="300" />
    <phrase i="1171" t="600" />
    <phrase i="1172" t="Removed" />
    <phrase i="1173" t="CallLog" />
    <phrase i="1174" t="Unable to lock the phone." />
    <phrase i="1175" t="PSTN Extension" />
    <phrase i="1176" t="Enter PSTN Extension:" />
    <phrase i="1177" t="Search in" />
    <phrase i="1178" t="Handset/Headset" />
    <phrase i="1179" t="You cannot add yourself to your buddies list." />
    <phrase i="1180" t="Dismiss" />
    <phrase i="1181" t="Snooze" />
    <phrase i="1182" t="%s will start in %d %s at %s" />
    <phrase i="1183" t="Calendar" />
    <phrase i="1184" t="minutes" />
    <phrase i="1185" t="seconds" />
    <phrase i="1186" t="minute" />
    <phrase i="1187" t="second" />
    <phrase i="1188" t="Keypad Lock" />
    <phrase i="1189" t="Keypad Unlock" />
    <phrase i="1190" t="Keypad locked." />
    <phrase i="1191" t="Lock the phone?" />
    <phrase i="1192" t="No groups found." />
    <phrase i="1193" t="Device Certificates" />
    <phrase i="1194" t="Polycom Cert" t.VVX_1500="Polycom Cert Configured" />
    <phrase i="1195" t="Cert Loaded" t.VVX_1500="Configured Cert Loaded" />
    <phrase i="1196" t="Polycom Present" t.VVX_1500="Device Cert Polycom Present" />
    <phrase i="1197" t="Custom Present" t.VVX_1500="Device Cert Custom Present" />
    <phrase i="1198" t="Custom Description" t.VVX_1500="Device Cert Custom Description" />
    <phrase i="1199" t="TR-069 Upgrades Managed" />
    <phrase i="1200" t="Device Cert" />
    <phrase i="1201" t="Playback in progress." />
    <phrase i="1202" t="Local contact directory is read-only." />
    <phrase i="1203" t="CMA authentication failed." />
    <phrase i="1204" t="CMA provisioning error." />
    <phrase i="1205" t="Remote keyboard and mouse" />
    <phrase i="1206" t="Is the phone to the left or to the right of your computer?" />
    <phrase i="1207" t="Left" />
    <phrase i="1208" t="Right" />
    <phrase i="1209" t="List" />
    <phrase i="1210" t="Enter Reason Code" />
    <phrase i="1211" t="Upload Configuration" />
    <phrase i="1212" t="TR-069" />
    <phrase i="1213" t="CMA" />
    <phrase i="1214" t="All Sources" />
    <phrase i="1215" t="Local" />
    <phrase i="1216" t="Web" />
    <phrase i="1217" t="Upload" />
    <phrase i="1218" t="Configuration Files" t.IP_330="Config. Files" />
    <phrase i="1219" t="Unavailable Reason Code" />
    <phrase i="1220" t="Agent Unavail." />
    <phrase i="1221" t="Configuration file warning" t.IP_330="Pre3.3.0 Config" />
    <phrase i="1222" t=" contains pre-3.3.0 parameters" />
    <phrase i="1223" t="none" />
    <phrase i="1224" t="Digest" />
    <phrase i="1225" t="Duplicate Parameters Found" t.IP_330="Duplicates Found" />
    <phrase i="1226" t="Errors Found" />
    <phrase i="1227" t="Parameters Accepted" />
    <phrase i="1228" t="Pre-3.3.0 Parameters Found." />
    <phrase i="1229" t="Found pre-3.3.0 parameters in:" t.IP_330="Pre-3.3.0 parameters in:" />
    <phrase i="1230" t="Query still pending, try later." />
    <phrase i="1231" t="CMA Directory not registered." />
    <phrase i="1232" t="CMA Presence not registered." />
    <phrase i="1233" t="Call Info" />
    <phrase i="1234" t="Update Configuration" />
    <phrase i="1235" t="Invalid login credentials." />
    <phrase i="1236" t="Could not retrieve address." />
    <phrase i="1237" t="Dial contact failed." />
    <phrase i="1238" t="Add contact failed." />
    <phrase i="1239" t="CMA Status" />
    <phrase i="1240" t="Presence Registration" />
    <phrase i="1241" t="Directory Registration" />
    <phrase i="1242" t="Provision Status" />
    <phrase i="1243" t="Server Hostname" />
    <phrase i="1244" t="Software Update Check" />
    <phrase i="1245" t="Profile Update Check" />
    <phrase i="1246" t="Heartbeat Report" />
    <phrase i="1247" t="Success" />
    <phrase i="1248" t="Failed" />
    <phrase i="1249" t="Invitations" />
    <phrase i="1250" t="Buddy Invitation Pending" />
    <phrase i="1251" t="Presence" />
    <phrase i="1252" t="Method of Accepting Invitations" />
    <phrase i="1253" t="Provisioning Polling Intervals" />
    <phrase i="1254" t="Automatic" />
    <phrase i="1255" t="Revalidate" />
    <phrase i="1256" t="Revalidation can lock the user's account if the credentials are not valid." />
    <phrase i="1257" t="Do you want to proceed?" />
    <phrase i="1258" t="Provisioning Error" t.IP_330="Config Error" />
    <phrase i="1259" t="Failed to update configuration." />
    <phrase i="1260" t="Update" />
    <phrase i="1261" t="Login Credentials have failed." />
    <phrase i="1262" t="Please update them if information is incorrect." />
    <phrase i="1263" t="Fwd" />
  </phrases>
  <textEntry>
    <Entry ID="0" key="=, $/~_?0" />
    <Entry ID="1" key="!|'^\@:1" />
    <Entry ID="2" key="abc2àâçæ" />
    <Entry ID="3" key="def3éèêë" />
    <Entry ID="4" key="ghi4îï" />
    <Entry ID="5" key="jkl5" />
    <Entry ID="6" key="mno6ñôö" />
    <Entry ID="7" key="pqrs7" />
    <Entry ID="8" key="tuv8û" />
    <Entry ID="9" key="wxyz9" />
    <Entry ID="*" key=".*#-&amp;%+;" />
    <Entry ID="#" key="#" />
  </textEntry>
</dictionary>
