﻿<?xml version="1.0" encoding="UTF-8" standalone="yes"?>
<dictionary>
	<phrases>
		<phrase i="0" t="Zurück"/>
		<phrase i="1" t="Wählen"/>
		<phrase i="2" t="Kontaktperson editieren"/>
		<phrase i="3" t="Bearbeiten"/>
		<phrase i="4" t="Aufwärts"/>
		<phrase i="5" t="Speichern"/>
		<phrase i="6" t="Mehr"/>
		<phrase i="7" t="Neu"/>
		<phrase i="8" t="OK"/>
		<phrase i="9" t="Ergänzen"/>
		<phrase i="10" t="Löschen"/>
		<phrase i="11" t="Info"/>
		<phrase i="12" t="Senden"/>
		<phrase i="13" t="Auswählen"/>
		<phrase i="14" t="Löschen"/>
		<phrase i="15" t="Importieren"/>
		<phrase i="16" t="Blockieren"/>
		<phrase i="17" t="Beobachten"/>
		<phrase i="18" t="Zulassen" t.IP_330="Zulassen"/>
		<phrase i="19" t="Mein Status" t.VVX_1500="Mein Status"/>
		<phrase i="20" t="Abspielen" t.IP_330="Abspielen"/>
		<phrase i="21" t="Fortsetzen"/>
		<phrase i="22" t="Abspielen"/>
		<phrase i="23" t="Beenden" t.IP_330="Beenden"/>
		<phrase i="24" t="Neuer Anruf" t.IP_330="Neuer Anruf"/>
		<phrase i="25" t="Wiederwahl"/>
		<phrase i="26" t="Beantworten"/>
		<phrase i="27" t="Name"/>
		<phrase i="28" t="Nummer"/>
		<phrase i="29" t="Warten"/>
		<phrase i="30" t="Konferenz" t.IP_330="Konferenz" t.VVX_1500="Konferenz"/>
		<phrase i="31" t="Weiterleiten" t.IP_330="Weiterleiten" t.VVX_1500="Weiterleiten"/>
		<phrase i="32" t="Ende"/>
		<phrase i="33" t="Vor"/>
		<phrase i="34" t="Vorig" t.VVX_1500="Vorig"/>
		<phrase i="35" t="Beantworten"/>
		<phrase i="36" t="Beenden"/>
		<phrase i="37" t="Abbrechen"/>
		<phrase i="38" t="a-&gt;A"/>
		<phrase i="39" t="A-&gt;a"/>
		<phrase i="40" t="-&gt;ABC"/>
		<phrase i="41" t="&lt;&lt;"/>
		<phrase i="42" t="Eingeben"/>
		<phrase i="43" t="Nächste Seite" t.VVX_1500="Nächste Seite"/>
		<phrase i="44" t="Aktualisieren"/>
		<phrase i="45" t="Sofortnachrichten"/>
		<phrase i="46" t="Keine Nachrichten"/>
		<phrase i="47" t="Nachricht senden an "/>
		<phrase i="48" t="Nachricht eingeben für "/>
		<phrase i="49" t="Mein Status"/>
		<phrase i="50" t="Einträge"/>
		<phrase i="51" t="Kontakteinträge"/>
		<phrase i="52" t="Dienst"/>
		<phrase i="53" t="Anwendungen"/>
		<phrase i="54" t="Schnellwahl"/>
		<phrase i="55" t="Schnellwahl-Info" t.VVX_1500="Schnellwahl-Info"/>
		<phrase i="56" t="Anrufliste"/>
		<phrase i="57" t="Kontaktperson editieren"/>
		<phrase i="58" t="Beobachtenliste"/>
		<phrase i="59" t="Beobachterliste"/>
		<phrase i="60" t="Blockierliste"/>
		<phrase i="61" t="Verpasste Anrufe"/>
		<phrase i="62" t="Empfangene Anrufe"/>
		<phrase i="63" t="Getätigte Anrufe"/>
		<phrase i="64" t="CDP-Kompatibilität" t.IP_330="CDP-Kompat."/>
		<phrase i="65" t="Applikationsinformation"/>
		<phrase i="66" t="Kompatible Codecs"/>
		<phrase i="67" t="Beobachtung hinzufügen"/>
		<phrase i="68" t="Netzwerkübersicht"/>
		<phrase i="69" t="Buddyliste"/>
		<phrase i="70" t="Buddystatus"/>
		<phrase i="71" t="Klingelzeichen"/>
		<phrase i="72" t="Status"/>
		<phrase i="73" t="Einstellung"/>
		<phrase i="74" t="Hauptmenü"/>
		<phrase i="75" t="Netzwerkstatistik"/>
		<phrase i="76" t="Medienstatistik"/>
		<phrase i="77" t="Firmware-Version"/>
		<phrase i="78" t="Kontrast"/>
		<phrase i="79" t="Netzkonfiguration"/>
		<phrase i="80" t="Anrufinformation"/>
		<phrase i="81" t="Information"/>
		<phrase i="82" t="Systeminformation"/>
		<phrase i="83" t="Aktiv"/>
		<phrase i="84" t="Inaktiv"/>
		<phrase i="85" t="Unbekannter Teilnehmer"/>
		<phrase i="86" t="Tag"/>
		<phrase i="87" t="Tage"/>
		<phrase i="88" t="Abfrage..."/>
		<phrase i="89" t="Verfehlte Anfrage"/>
		<phrase i="90" t="Englisch"/>
		<phrase i="91" t="Intern"/>
		<phrase i="92" t="Vollduplex"/>
		<phrase i="93" t="Halbduplex"/>
		<phrase i="94" t="Anzeigen"/>
		<phrase i="95" t="*** WARNUNG ***"/>
		<phrase i="96" t="Router"/>
		<phrase i="97" t="Ab"/>
		<phrase i="98" t="Verstrichene Zeit"/>
		<phrase i="99" t="PktRx"/>
		<phrase i="100" t="PktTx"/>
		<phrase i="101" t="PktMiss"/>
		<phrase i="102" t="LAN port"/>
		<phrase i="103" t="PC port"/>
		<phrase i="104" t="Kurznachricht" t.IP_330="Kurznachr."/>
		<phrase i="105" t="Ursprung angeben"/>
		<phrase i="106" t="Aktivieren"/>
		<phrase i="107" t="Jitter (ms)"/>
		<phrase i="108" t="MaxJitter (ms)"/>
		<phrase i="109" t="Latenz (ms)"/>
		<phrase i="110" t="App. Version"/>
		<phrase i="111" t="Boot rev."/>
		<phrase i="112" t="Klingel"/>
		<phrase i="113" t="Kein Eintrag"/>
		<phrase i="114" t="Verpasste Anrufe"/>
		<phrase i="115" t="Empfangene Anrufe"/>
		<phrase i="116" t="Getätigte Anrufe"/>
		<phrase i="117" t="Gelöscht"/>
		<phrase i="118" t="Nummer"/>
		<phrase i="119" t="PM"/>
		<phrase i="120" t="AM"/>
		<phrase i="121" t="Uhrzeit"/>
		<phrase i="122" t="Name"/>
		<phrase i="123" t="Dauer"/>
		<phrase i="124" t=" sagt: "/>
		<phrase i="125" t="Nachricht an "/>
		<phrase i="126" t="Nachricht erhalten."/>
		<phrase i="127" t="Ruf mich an."/>
		<phrase i="128" t="Ruf mich später an."/>
		<phrase i="129" t="Kann jetzt nicht plaudern."/>
		<phrase i="130" t="Gehen wir Mittag essen?"/>
		<phrase i="131" t="Eingeführt"/>
		<phrase i="132" t="Einfuhr verfehlt"/>
		<phrase i="133" t="Sprache"/>
		<phrase i="134" t="Nummer eingeben"/>
		<phrase i="135" t="URL eingeben"/>
		<phrase i="136" t="Trennen"/>
		<phrase i="137" t="Zusammenfügen"/>
		<phrase i="138" t="An"/>
		<phrase i="139" t="Von"/>
		<phrase i="140" t="Umleiten"/>
		<phrase i="141" t="Für"/>
		<phrase i="142" t="Warten"/>
		<phrase i="143" t="Im Haltestand"/>
		<phrase i="144" t=" neue Nachricht"/>
		<phrase i="145" t=" neue Nachrichten"/>
		<phrase i="146" t="Anrufe"/>
		<phrase i="147" t="Netzwerkverbindung unterbrochen"/>
		<phrase i="148" t="Rekonfigurierung des Netzwerks" t.IP_330="Rekonfigurierung" t.VVX_1500="Rekonfigurierung"/>
		<phrase i="149" t=" neuer verpasster Anruf"/>
		<phrase i="150" t=" neue verpasste Anrufe"/>
		<phrase i="151" t="Reboot getätigt"/>
		<phrase i="152" t="Anruf im Haltestand"/>
		<phrase i="153" t="Beendet"/>
		<phrase i="154" t="Online"/>
		<phrase i="155" t="Beschäftigt"/>
		<phrase i="156" t="Bin gleich zurück"/>
		<phrase i="157" t="Abwesend"/>
		<phrase i="158" t="Am Apparat"/>
		<phrase i="159" t="Beim Mittagessen"/>
		<phrase i="160" t="In einer Versammlung"/>
		<phrase i="161" t="Als offline anzeigen"/>
		<phrase i="162" t="Nicht stören"/>
		<phrase i="163" t="Timeout"/>
		<phrase i="164" t="Boot-Server"/>
		<phrase i="165" t="BootSrv Opt"/>
		<phrase i="166" t="BootSrv Art"/>
		<phrase i="167" t="Serverart" t.IP_330="Serverart"/>
		<phrase i="168" t="Serveradresse" t.IP_330="ServerAdr."/>
		<phrase i="169" t="Servernutzer" t.IP_330="ServerNutz."/>
		<phrase i="170" t="Serverpasswort" t.IP_330="ServerPwt."/>
		<phrase i="171" t="DHCP-Client" t.IP_330="DHCP-Client"/>
		<phrase i="172" t="DHCP-Menü"/>
		<phrase i="173" t="Tel-IP-Adr" t.VVX_1500="Telefon-IP-Adresse"/>
		<phrase i="174" t="Subnetzmaske" t.IP_330="Subn.-Maske"/>
		<phrase i="175" t="IP-Gateway"/>
		<phrase i="176" t="Servermenü" t.IP_330="Servermenü"/>
		<phrase i="177" t="SNTP-Adresse" t.IP_330="SNTP-Adresse"/>
		<phrase i="178" t="GMT-Verschiebung"/>
		<phrase i="179" t="DNS-Server"/>
		<phrase i="180" t="Alt. DNS-Server"/>
		<phrase i="181" t="DNS-Domäne"/>
		<phrase i="182" t="VLAN-ID"/>
		<phrase i="183" t=" Konfig speichern"/>
		<phrase i="184" t=" Beenden ohne Speichern"/>
		<phrase i="185" t=" Setup fortsetzen"/>
		<phrase i="186" t="DHCP"/>
		<phrase i="187" t="MAC"/>
		<phrase i="188" t="IP"/>
		<phrase i="189" t="DNS"/>
		<phrase i="190" t="Boot-Server"/>
		<phrase i="191" t="Alt. DNS"/>
		<phrase i="192" t="Option 66"/>
		<phrase i="193" t="Benutzerdefiniert"/>
		<phrase i="194" t="Statisch"/>
		<phrase i="195" t="IP-Adresse"/>
		<phrase i="196" t="Zeichenkette"/>
		<phrase i="197" t="FTP"/>
		<phrase i="198" t="Trivial FTP"/>
		<phrase i="199" t="Aktiviert"/>
		<phrase i="200" t="Deaktiviert"/>
		<phrase i="201" t="Maske"/>
		<phrase i="202" t="**-**"/>
		<phrase i="203" t="Domäne"/>
		<phrase i="204" t="VLan-ID"/>
		<phrase i="205" t="Server"/>
		<phrase i="206" t="App. Version"/>
		<phrase i="207" t="Datei"/>
		<phrase i="208" t="Konfig"/>
		<phrase i="209" t="Bootrom"/>
		<phrase i="210" t="Hw P/N"/>
		<phrase i="211" t="TxCodec"/>
		<phrase i="212" t="RxCodec"/>
		<phrase i="213" t="Sprache geändert."/>
		<phrase i="214" t="Sprache nicht geändert."/>
		<phrase i="215" t="Bitte warten..."/>
		<phrase i="216" t="Leitungswahl"/>
		<phrase i="217" t="Leitung"/>
		<phrase i="218" t="Suchen"/>
		<phrase i="219" t="Sortieren"/>
		<phrase i="220" t="Verzeichnissuche"/>
		<phrase i="221" t="Verzeichnissortierung"/>
		<phrase i="222" t="Vorname"/>
		<phrase i="223" t="Nachname"/>
		<phrase i="224" t="Systemstatus"/>
		<phrase i="225" t="Allgemein"/>
		<phrase i="226" t="Kontaktpersonenverzeichnis"/>
		<phrase i="227" t="Kontaktierend"/>
		<phrase i="228" t="Custom+Opt. 66"/>
		<phrase i="229" t="Anschlussinformationen"/>
		<phrase i="230" t="Angemeldet"/>
		<phrase i="231" t="Nicht angemeldet"/>
		<phrase i="232" t="Authentisierung"/>
		<phrase i="233" t="Anmeldung: Benutzername"/>
		<phrase i="234" t="Anmeldung: Passwort"/>
		<phrase i="235" t="Video"/>
		<phrase i="236" t="Nachrichten"/>
		<phrase i="237" t="Nachrichten-Center"/>
		<phrase i="238" t="Im Konferenzgespräch"/>
		<phrase i="239" t="Dringend"/>
		<phrase i="240" t="Dringend"/>
		<phrase i="241" t="Neu"/>
		<phrase i="242" t="Neu"/>
		<phrase i="243" t="Alt"/>
		<phrase i="244" t="Alt"/>
		<phrase i="245" t="Verbinden" t.IP_330="Verb."/>
		<phrase i="246" t="Verzeichnis ergänzen"/>
		<phrase i="247" t="Kontaktperson editieren"/>
		<phrase i="248" t="Kurzwahlliste"/>
		<phrase i="249" t="Anrufumleitung"/>
		<phrase i="250" t="Abweisen"/>
		<phrase i="251" t="Umleiten" t.IP_330="Uml."/>
		<phrase i="252" t="Dieser Anruf"/>
		<phrase i="253" t="Anwendereinstellungen rückstellen"/>
		<phrase i="254" t="Kontakt umleiten"/>
		<phrase i="255" t="Automatisch Abweisen"/>
		<phrase i="256" t="Automatisch umleiten"/>
		<phrase i="257" t="Gespeichert"/>
		<phrase i="258" t="Fehler"/>
		<phrase i="259" t="Kontaktperson bereits eingegeben&gt;."/>
		<phrase i="260" t="Abschalten"/>
		<phrase i="261" t="Buddy beobachten"/>
		<phrase i="262" t="Buddy sperren"/>
		<phrase i="263" t="Bitte nochmal versuchen."/>
		<phrase i="264" t="Uhr"/>
		<phrase i="265" t="Datum"/>
		<phrase i="266" t="Format"/>
		<phrase i="267" t="Sonntag"/>
		<phrase i="268" t="Montag"/>
		<phrase i="269" t="Dienstag"/>
		<phrase i="270" t="Mittwoch"/>
		<phrase i="271" t="Donnerstag"/>
		<phrase i="272" t="Freitag"/>
		<phrase i="273" t="Samstag"/>
		<phrase i="274" t="Januar"/>
		<phrase i="275" t="Februar"/>
		<phrase i="276" t="März"/>
		<phrase i="277" t="April"/>
		<phrase i="278" t="Mai"/>
		<phrase i="279" t="Juni"/>
		<phrase i="280" t="Juli"/>
		<phrase i="281" t="August"/>
		<phrase i="282" t="September"/>
		<phrase i="283" t="Oktober"/>
		<phrase i="284" t="November"/>
		<phrase i="285" t="Dezember"/>
		<phrase i="286" t="Uhrzeit"/>
		<phrase i="287" t="Gesamteinstellung"/>
		<phrase i="288" t="Gesamtlöschung"/>
		<phrase i="289" t="Kopfhörereinstellung"/>
		<phrase i="290" t="Automatischer Kopfhörermodus"/>
		<phrase i="291" t="Fehler beim Einführung."/>
		<phrase i="292" t="Aktueller Anruf, Befehl abgebrochen." t.VVX_1500="Aktueller Anruf, Befehl abgebr."/>
		<phrase i="293" t="Bitte Kontaktperson eingeben."/>
		<phrase i="294" t="Umleiten an"/>
		<phrase i="295" t="Konferenz mit"/>
		<phrase i="296" t="Eingeben"/>
		<phrase i="297" t="Passwort ändern"/>
		<phrase i="298" t="Benutzerpasswort ändern" t.VVX_1500="Benutzerpasswort ändern"/>
		<phrase i="299" t="Administratorpasswort ändern" t.VVX_1500="Administratorpasswort ändern"/>
		<phrase i="300" t="Benutzerpasswort"/>
		<phrase i="301" t="Administratorpasswort" t.VVX_1500="Administratorpasswort"/>
		<phrase i="302" t="Benutzerpasswort  geändert." t.VVX_1500="Benutzerpasswort geändert."/>
		<phrase i="303" t="Administratorpasswort  geändert." t.VVX_1500="Administratorpasswort geändert."/>
		<phrase i="304" t="Bitte nochmal versuchen."/>
		<phrase i="305" t="Altes Passwort"/>
		<phrase i="306" t="Neues Passwort"/>
		<phrase i="307" t="Passwort bestätigen"/>
		<phrase i="308" t="Passwort ist zu kurz." t.VVX_1500="Passwort zu kurz."/>
		<phrase i="309" t="Vorige Seite" t.VVX_1500="Vorige Seite"/>
		<phrase i="310" t="ASCII"/>
		<phrase i="311" t="Römisch"/>
		<phrase i="312" t="Kyrillisch"/>
		<phrase i="313" t="Unicode"/>
		<phrase i="314" t="Minimum Länge ist"/>
		<phrase i="315" t="1/A/a"/>
		<phrase i="316" t="Anruf nicht möglich."/>
		<phrase i="317" t="Kodierung" t.IP_330="Kodieren"/>
		<phrase i="318" t="Netzwerkgeschwindigkeit"/>
		<phrase i="319" t="PC Geschwindigkeit"/>
		<phrase i="320" t="Unbekannt "/>
		<phrase i="321" t="Einstellungen rückgestellt."/>
		<phrase i="322" t="LAN Mode "/>
		<phrase i="323" t="Pcmodus "/>
		<phrase i="324" t="SNTP"/>
		<phrase i="325" t="GMT-Verschiebung"/>
		<phrase i="326" t="Sommerzeit"/>
		<phrase i="327" t="Aktiv"/>
		<phrase i="328" t="weg von"/>
		<phrase i="329" t="CPULast"/>
		<phrase i="330" t="Schneller"/>
		<phrase i="331" t="Langsamer"/>
		<phrase i="332" t="Last"/>
		<phrase i="333" t="Zeitabstand"/>
		<phrase i="334" t="Verzeichnis ist zu groß."/>
		<phrase i="335" t="Feld nicht vorhanden."/>
		<phrase i="336" t="Verzeichnisende."/>
		<phrase i="337" t="Kontaktperson gelöscht."/>
		<phrase i="338" t="Leitung in Gebrauch"/>
		<phrase i="339" t="Netzwerklast"/>
		<phrase i="340" t="Bytes pro Sekunde"/>
		<phrase i="341" t="Datenpakete pro Sekunde"/>
		<phrase i="342" t="Signalprozessorauslastung"/>
		<phrase i="343" t="Hostauslastung"/>
		<phrase i="344" t="Modus"/>
		<phrase i="345" t="Diagnose"/>
		<phrase i="346" t="Audiodiagnose"/>
		<phrase i="347" t="Tastenfelddiagnose"/>
		<phrase i="348" t="Displaydiagnose" t.VVX_1500="Displaydiagnose"/>
		<phrase i="349" t="Lautsprecher"/>
		<phrase i="350" t="Handapparat"/>
		<phrase i="351" t="Bestanden"/>
		<phrase i="352" t="Nicht bestanden"/>
		<phrase i="353" t="Test vollständig"/>
		<phrase i="354" t="Zweimal drücken zum Beenden"/>
		<phrase i="355" t="Taste drücken zum Prüfen" t.VVX_1500="Taste drücken zum Prüfen"/>
		<phrase i="356" t="Aufnehmen"/>
		<phrase i="357" t="Ende"/>
		<phrase i="358" t="Ungültige Taste"/>
		<phrase i="359" t="Gabelschalter"/>
		<phrase i="360" t="Beendet"/>
		<phrase i="361" t="Abspiel"/>
		<phrase i="362" t="Aufnahme"/>
		<phrase i="363" t="Doppelte IP Adresse"/>
		<phrase i="364" t="Neustart"/>
		<phrase i="365" t="Entdeckt von"/>
		<phrase i="366" t="So."/>
		<phrase i="367" t="Mo."/>
		<phrase i="368" t="Di."/>
		<phrase i="369" t="Mi."/>
		<phrase i="370" t="Do."/>
		<phrase i="371" t="Fr."/>
		<phrase i="372" t="Sa."/>
		<phrase i="373" t="Jan."/>
		<phrase i="374" t="Feb."/>
		<phrase i="375" t="März"/>
		<phrase i="376" t="Apr."/>
		<phrase i="377" t="Mai"/>
		<phrase i="378" t="Juni"/>
		<phrase i="379" t="Juli"/>
		<phrase i="380" t="Aug."/>
		<phrase i="381" t="Sept."/>
		<phrase i="382" t="Okt."/>
		<phrase i="383" t="Nov."/>
		<phrase i="384" t="Dez."/>
		<phrase i="385" t="Speicherverwendung"/>
		<phrase i="386" t="Anruf aktiv"/>
		<phrase i="387" t="Klingel aus"/>
		<phrase i="388" t="Server nicht verfügbar"/>
		<phrase i="389" t="Zeitfolge"/>
		<phrase i="390" t="Datum über Zeit"/>
		<phrase i="391" t="Zeit über Datum"/>
		<phrase i="392" t="Datum vor Zeit"/>
		<phrase i="393" t="Zeit vor Datum"/>
		<phrase i="394" t="Katakana"/>
		<phrase i="395" t="Tonsignale"/>
		<phrase i="396" t="Nst"/>
		<phrase i="397" t="Ein/Aus" t.IP_330="Ein/Aus"/>
		<phrase i="398" t="Verfgb" t.IP_330="Verfgb."/>
		<phrase i="399" t="Ändern"/>
		<phrase i="400" t="1-&gt;Aa"/>
		<phrase i="401" t="A-&gt;a1"/>
		<phrase i="402" t="a-&gt;1A"/>
		<phrase i="403" t="Name anzeigen" t.IP_330="Name anz."/>
		<phrase i="404" t="Anschlüsse"/>
		<phrase i="405" t="Beschriftung"/>
		<phrase i="406" t="Tastatur Logging"/>
		<phrase i="407" t="Url-Anrufen ist deaktiviert" t.IP_330="Url-Anruf ist deaktiviert"/>
		<phrase i="408" t="Bitte Hörer abnehmen"/>
		<phrase i="409" t="Hörmodus"/>
		<phrase i="410" t="Anruf halten"/>
		<phrase i="411" t="Heranholen" t.VVX_1500="Heranholen"/>
		<phrase i="412" t="Gruppe"/>
		<phrase i="413" t="Übernehmen" t.VVX_1500="Übernehmen"/>
		<phrase i="414" t="Home"/>
		<phrase i="415" t="Auffrischen"/>
		<phrase i="416" t="Letzte Nummer abfragen"/>
		<phrase i="417" t="LNA"/>
		<phrase i="418" t="Leistungsmerkmale"/>
		<phrase i="419" t="Blind"/>
		<phrase i="420" t="Kopfhörer"/>
		<phrase i="421" t="Verfügbarkeit ACD-Agent"/>
		<phrase i="422" t="ACD-Login/-Logout"/>
		<phrase i="423" t="Login"/>
		<phrase i="424" t="Logout"/>
		<phrase i="425" t="Verfügbar"/>
		<phrase i="426" t="Nicht verfügbar"/>
		<phrase i="427" t="Benutzer-ID"/>
		<phrase i="428" t="Passwort"/>
		<phrase i="429" t="Pickup"/>
		<phrase i="430" t="Blindtransfer an"/>
		<phrase i="431" t="Verfügb." t.VVX_1500="Verfügbar"/>
		<phrase i="432" t="Nicht verfügb." t.VVX_1500="Nicht verfügbar"/>
		<phrase i="433" t="SIP-Konfiguration"/>
		<phrase i="434" t="Adresse"/>
		<phrase i="435" t="Leitungsart"/>
		<phrase i="436" t="Name der Drittpartei"/>
		<phrase i="437" t="Privat"/>
		<phrase i="438" t="Mehrfach genutzt"/>
		<phrase i="439" t="Port"/>
		<phrase i="440" t="Netzwerktransport"/>
		<phrase i="441" t="Registrieren"/>
		<phrase i="442" t="Proxy für ausgehende Verbindungen" t.VVX_1500="SIP-Ausg.-Proxy"/>
		<phrase i="443" t="Port für ausgehende Verbindungen" t.VVX_1500="SIP-Ausg.-Port"/>
		<phrase i="444" t="RFC2543 Halten" t.IP_330="RFC2543 Halten"/>
		<phrase i="445" t="Ja"/>
		<phrase i="446" t="Nein"/>
		<phrase i="447" t="Nur UDP"/>
		<phrase i="448" t="TCP bevorzugt"/>
		<phrase i="449" t="Naptr"/>
		<phrase i="450" t="Auth Nutzer-ID" t.VVX_1500="Authentifizierungsnutzer-ID"/>
		<phrase i="451" t="Auth Passwort" t.VVX_1500="Authentifizierungspasswort"/>
		<phrase i="452" t="Telefon neu starten"/>
		<phrase i="453" t="Sind Sie sicher?"/>
		<phrase i="454" t="VLAN Discovery-Modus" t.IP_330="VLAN Disc.-Mod."/>
		<phrase i="455" t="Fest"/>
		<phrase i="456" t="VLAN ID-Opt" t.VVX_1500="VLAN ID-Option"/>
		<phrase i="457" t="Auswählen"/>
		<phrase i="458" t="Lokalen Sicherheitsschlüssel zurücksetzen"/>
		<phrase i="459" t="Nachrichtenauswahl"/>
		<phrase i="460" t="HTTP"/>
		<phrase i="461" t="HTTPS"/>
		<phrase i="462" t="FTPS"/>
		<phrase i="463" t="Benutzerdef. CA-Zert. installieren" t.VVX_1500="Inst. benutzerdef. CA-Zert."/>
		<phrase i="464" t="Benutzerdef. CA-Zert. herunterladen" t.VVX_1500="Benutzerdef. CA-Zert. herunterladen"/>
		<phrase i="465" t="Annehmen"/>
		<phrase i="466" t="CA-Zertifikate konfigurieren" t.VVX_1500="CA-Zertifikate konfigurieren"/>
		<phrase i="467" t="MD5-Fingerprint"/>
		<phrase i="468" t="Benutzerdefiniertes Zertifikat"/>
		<phrase i="469" t="Standardmäßige Zertifikatliste" t.VVX_1500="Standardmäßige Zertifikatliste"/>
		<phrase i="470" t="Alle Zertifikate"/>
		<phrase i="471" t="Prov.-Methode" t.VVX_1500="Bereitstellungsmethode"/>
		<phrase i="472" t="Prov.-String" t.VVX_1500="Bereitstellungszeichenfolge"/>
		<phrase i="473" t="Standardeinstellung"/>
		<phrase i="474" t="SAS-VP"/>
		<phrase i="475" t="Download fehlgeschlagen"/>
		<phrase i="476" t="Server"/>
		<phrase i="477" t="Anwendung"/>
		<phrase i="478" t="Paketstatistik"/>
		<phrase i="479" t="Regionale Präferenzen"/>
		<phrase i="480" t="Benutzereinstellungen"/>
		<phrase i="481" t="Admin Einstellungen" t.VVX_1500="Administrationseinstellungen"/>
		<phrase i="482" t="Format Dateisystem"/>
		<phrase i="483" t="TCP-/IP-Parameter"/>
		<phrase i="484" t="Plattform"/>
		<phrase i="485" t="Netzwerk"/>
		<phrase i="486" t="Telefon"/>
		<phrase i="487" t="Hauptprogramm"/>
		<phrase i="488" t="Bestandteile"/>
		<phrase i="489" t="Copyright"/>
		<phrase i="490" t="Konfiguration"/>
		<phrase i="491" t="Ethernet"/>
		<phrase i="492" t="Allgemein"/>
		<phrase i="493" t="Erweitert"/>
		<phrase i="494" t="Präferenzen"/>
		<phrase i="495" t="Toneffekte"/>
		<phrase i="496" t="SSL Sicherheit"/>
		<phrase i="497" t="Standardeinstellung wiederherstellen"/>
		<phrase i="498" t="Lokale Konfiguration zurücksetzen" t.IP_330="Reset lok. Konf." t.VVX_1500="Lokale Konfiguration zurücksetzen"/>
		<phrase i="499" t="Geräteinstellungen zurücksetzen" t.IP_330="Reset Ger.-Einst."/>
		<phrase i="500" t="Gesamt"/>
		<phrase i="501" t="Hardware testen"/>
		<phrase i="502" t="Schaubilder"/>
		<phrase i="503" t="Zertifikate der Zertifizierungsstelle"/>
		<phrase i="504" t="Zeit/Datum"/>
		<phrase i="505" t="TFTP"/>
		<phrase i="506" t="Ungültig"/>
		<phrase i="507" t="Gespräche pro Leitungstaste" t.IP_330="Gespr/Leit-Tast"/>
		<phrase i="508" t="Anzahl Leitungstasten" t.IP_330="Anz. Leit-Tast."/>
		<phrase i="509" t="Breitband-Hörer"/>
		<phrase i="510" t="TLS"/>
		<phrase i="511" t="Buddy hinzufügen"/>
		<phrase i="512" t="Anzahl der Datenübertragungsversuche"/>
		<phrase i="513" t="Erneut versuchen nach"/>
		<phrase i="514" t="Zulassen"/>
		<phrase i="515" t="Öffentlichkeitsstatus"/>
		<phrase i="516" t="Liste Öffentlichkeitsstatus"/>
		<phrase i="517" t="Buddy Privacy"/>
		<phrase i="518" t="In Liste Öffentlichkeitsstatus aufnehmen"/>
		<phrase i="519" t="Öffentlichkeitsstatus bearbeiten"/>
		<phrase i="520" t="Zugriff"/>
		<phrase i="521" t="EM-Stromzufuhr"/>
		<phrase i="522" t="Zertifikat wurde gespeichert."/>
		<phrase i="523" t="Zertifikat wurde nicht gespeichert."/>
		<phrase i="524" t="Abfrage verarbeiten"/>
		<phrase i="525" t="&gt;&gt;"/>
		<phrase i="526" t="CLink-Modus"/>
		<phrase i="527" t="Client"/>
		<phrase i="528" t="Ethernet-Menü"/>
		<phrase i="529" t="LAN-Anschl."/>
		<phrase i="530" t="PC-Anschl."/>
		<phrase i="531" t="Auto"/>
		<phrase i="532" t="10HD"/>
		<phrase i="533" t="10FD"/>
		<phrase i="534" t="100HD"/>
		<phrase i="535" t="100FD"/>
		<phrase i="536" t="Video"/>
		<phrase i="537" t="Telefon"/>
		<phrase i="538" t="Modus abgen."/>
		<phrase i="539" t="Video +"/>
		<phrase i="540" t="Bitte ausw."/>
		<phrase i="541" t="Intens. HG-Bel."/>
		<phrase i="542" t="weg von"/>
		<phrase i="543" t="Ger"/>
		<phrase i="544" t="Mittel"/>
		<phrase i="545" t="Aus"/>
		<phrase i="546" t="Anr / Leitung"/>
		<phrase i="547" t="Lautspr.-Ltst."/>
		<phrase i="548" t="Ruft.-Lautst."/>
		<phrase i="549" t="Verwlt"/>
		<phrase i="550" t="Konfrz verwalten"/>
		<phrase i="551" t="Stmm"/>
		<phrase i="552" t="St.aus"/>
		<phrase i="553" t="Lösch."/>
		<phrase i="554" t="MediaFlow"/>
		<phrase i="555" t="Teilnehmer-Info"/>
		<phrase i="556" t="Intens. HG-Bel. an"/>
		<phrase i="557" t="HG-Bel. Standby-Intensität"/>
		<phrase i="558" t="2,5mm-Mod."/>
		<phrase i="559" t="Alle (Stand.)"/>
		<phrase i="560" t="Mobiltelefon"/>
		<phrase i="561" t="PC-Datenverbindung"/>
		<phrase i="562" t="Videoanrufe"/>
		<phrase i="563" t="Tel.anrufe"/>
		<phrase i="564" t="Nur SIP"/>
		<phrase i="565" t="Nur POTS"/>
		<phrase i="566" t="Autom. (HDX-Anrufeinstell.)" t.VVX_1500="Automatisch (HDX-Anrufeinstellung)"/>
		<phrase i="567" t="Reihf. Anr.typ"/>
		<phrase i="568" t="Inhalt"/>
		<phrase i="569" t="Anrufer"/>
		<phrase i="570" t="Vrz"/>
		<phrase i="571" t="Ignor."/>
		<phrase i="572" t="Anruf von:"/>
		<phrase i="573" t="Lautst"/>
		<phrase i="574" t="Ruft."/>
		<phrase i="575" t="Lautspr"/>
		<phrase i="576" t="Normal"/>
		<phrase i="577" t="&lt;Eintr neu&gt;"/>
		<phrase i="578" t="Verz. speich."/>
		<phrase i="579" t="Bestätigung"/>
		<phrase i="580" t="Dienst nicht verf." t.IP_330="Dienst n. verf."/>
		<phrase i="581" t="DND" t.VVX_1500="Nicht stören"/>
		<phrase i="582" t="Verb hrst mit"/>
		<phrase i="583" t="Eing. Anruf:"/>
		<phrase i="584" t="DSP-Status"/>
		<phrase i="585" t="Unit 0"/>
		<phrase i="586" t="Unit 1"/>
		<phrase i="587" t="Unit 2"/>
		<phrase i="588" t="Nchr" t.VVX_1500="Nachrichten"/>
		<phrase i="589" t="Tel hinz."/>
		<phrase i="590" t="Mehr Ziff. einf."/>
		<phrase i="591" t="Adresse unvollst."/>
		<phrase i="592" t="Serverstatus"/>
		<phrase i="593" t="Anmeldung ..."/>
		<phrase i="594" t="Abmeldung ..."/>
		<phrase i="595" t="Nicht angem."/>
		<phrase i="596" t="Verz.eintr. löschen"/>
		<phrase i="597" t="Neuer Teiln. zu Konf."/>
		<phrase i="598" t="Vid.- od. Tel.anruf?"/>
		<phrase i="599" t="Eintr nicht gef"/>
		<phrase i="600" t="Nach Nachn."/>
		<phrase i="601" t="Nach Vorname"/>
		<phrase i="602" t="Netzwerk"/>
		<phrase i="603" t="Wählvbg"/>
		<phrase i="604" t="Kabel/DSL"/>
		<phrase i="605" t="LAN"/>
		<phrase i="606" t="Konferenz aktiv"/>
		<phrase i="607" t="Nicht mögl"/>
		<phrase i="608" t="Syslog-Menü"/>
		<phrase i="609" t="Option"/>
		<phrase i="610" t="Anzeigegrad" t.IP_330="Anzeigegrad"/>
		<phrase i="611" t="UDP"/>
		<phrase i="612" t="TCP"/>
		<phrase i="613" t="Kein"/>
		<phrase i="614" t="Kennw. eingeb."/>
		<phrase i="615" t="Höhenreg"/>
		<phrase i="616" t="Bassreg"/>
		<phrase i="617" t="Aux-Aud.eing"/>
		<phrase i="618" t="Aux-Audioausg"/>
		<phrase i="619" t="Autom. Verst.reg.(AGC)"/>
		<phrase i="620" t="Geräuschunterdr."/>
		<phrase i="621" t="URL"/>
		<phrase i="622" t="Nur send."/>
		<phrase i="623" t="Senden/Empf."/>
		<phrase i="624" t="Nur empfang."/>
		<phrase i="625" t="Inaktiv"/>
		<phrase i="626" t="Nur TCP"/>
		<phrase i="627" t="Funkmikrofon"/>
		<phrase i="628" t="And. Quell."/>
		<phrase i="629" t="Ausg. aufn"/>
		<phrase i="630" t="Ext. Lautspr."/>
		<phrase i="631" t="Bass und Höhen"/>
		<phrase i="632" t="Zus. Audio"/>
		<phrase i="633" t="Lokale Umwandler"/>
		<phrase i="634" t="Audio"/>
		<phrase i="635" t="Auswahl lokale Umwandler"/>
		<phrase i="636" t="Mikrofon"/>
		<phrase i="637" t="Lautsprecher"/>
		<phrase i="638" t="Konferenz"/>
		<phrase i="639" t="MAC voranst" t.IP_330="MAC voranst."/>
		<phrase i="640" t="Lautspr.-Ltst."/>
		<phrase i="641" t="Kopfhörerlautstärke"/>
		<phrase i="642" t="Hörerlautstärke"/>
		<phrase i="643" t="Anrufübernahme"/>
		<phrase i="644" t="Anrufübernahme/Durchwahl"/>
		<phrase i="645" t="Anrufübernahme/Gruppe"/>
		<phrase i="646" t="Drücken Sie eine Taste, um den Test zu beenden."/>
		<phrase i="647" t="Der Test wurde abgebrochen"/>
		<phrase i="648" t="Seriennummer mit Benutzer-Agent verknüpfen" t.IP_330="Ser.Nr. verkn."/>
		<phrase i="649" t="1000HD"/>
		<phrase i="650" t="1000FD"/>
		<phrase i="651" t="Netzwerkdiagnose"/>
		<phrase i="652" t="LAN-Anschluss-Diagnose"/>
		<phrase i="653" t="PC-Anschluss-Diagnose"/>
		<phrase i="654" t="Gigabit-Ethernet-Diagnose"/>
		<phrase i="655" t="Normal-Modus"/>
		<phrase i="656" t="Wellenform-Übertragung"/>
		<phrase i="657" t="Master-Jitter-Übertragung"/>
		<phrase i="658" t="Slave-Jitter-Übertragung"/>
		<phrase i="659" t="Verzerrungsübertragung"/>
		<phrase i="660" t="Aktivitätsanzeige Mikrofon"/>
		<phrase i="661" t="Mobil-Audio deaktiviert"/>
		<phrase i="662" t="Mobil-Audio aktiviert"/>
		<phrase i="663" t="Audioanruf"/>
		<phrase i="664" t="Videoanruf"/>
		<phrase i="665" t="Audio-/Videoanruf"/>
		<phrase i="666" t="Alle Anrufe"/>
		<phrase i="667" t="Umleitungstyp wählen" t.IP_330="Umleiten"/>
		<phrase i="668" t="Alle"/>
		<phrase i="669" t="Keine Antwort"/>
		<phrase i="670" t="Umleitung nach Klingeln"/>
		<phrase i="671" t="Anrufumleitung Unbeantwortete Anrufe" t.IP_330="Keine Antwort"/>
		<phrase i="672" t="Anrufumleitung Beschäftigt" t.IP_330="Besetzt"/>
		<phrase i="673" t="Anrufumleitung Alle Anrufe" t.IP_330="Alle"/>
		<phrase i="674" t="VLAN-Filterung"/>
		<phrase i="675" t="Broadcast-Storm-Filterung"/>
		<phrase i="676" t="SIP Web-Inhalte"/>
		<phrase i="677" t="Passiv"/>
		<phrase i="678" t="Daisy-Chain-Fehler:"/>
		<phrase i="679" t="Mehrer Ethernet-Kabel"/>
		<phrase i="680" t="Nur ein Ethernet-Kabel anschließen"/>
		<phrase i="681" t="Versionskonflikt"/>
		<phrase i="682" t="Systemadministrator kontaktieren"/>
		<phrase i="683" t="Kontakt anzeigen"/>
		<phrase i="684" t="Anzeigen"/>
		<phrase i="685" t="Maximale Intensität"/>
		<phrase i="686" t="Auto.-Einst. testen"/>
		<phrase i="687" t="Automatische Tasteneingabe testen" t.IP_330="Auto.-Tasten testen"/>
		<phrase i="688" t="Automatische Funktionen testen"/>
		<phrase i="689" t="Automatische Funktionen nicht testen"/>
		<phrase i="690" t="Speichermedium angeschlossen"/>
		<phrase i="691" t="Speichermedium entfernt"/>
		<phrase i="692" t="Speichermedium"/>
		<phrase i="693" t="Dateien durchsuchen"/>
		<phrase i="694" t="Eigenschaften Speichermedium"/>
		<phrase i="695" t="Gesamt"/>
		<phrase i="696" t="Belegt"/>
		<phrase i="697" t="Frei"/>
		<phrase i="698" t="Kein Speichermedium angeschlossen"/>
		<phrase i="699" t="Kein aktiver Anruf vorhanden"/>
		<phrase i="700" t="Zuletzt aufgenommene Wiedergabe"/>
		<phrase i="701" t="Start"/>
		<phrase i="702" t="Pause"/>
		<phrase i="703" t="Umbenennen"/>
		<phrase i="704" t="Gelöscht"/>
		<phrase i="705" t="Dateiinformationen" t.VVX_1500="Dateiinformationen"/>
		<phrase i="706" t="Keine WAV-Dateien gefunden."/>
		<phrase i="707" t="USB-Dateiname"/>
		<phrase i="708" t="Datei umbenennen"/>
		<phrase i="709" t="Dateiname darf nicht leer sein"/>
		<phrase i="710" t="Datei bereits vorhanden"/>
		<phrase i="711" t="Speichern unter"/>
		<phrase i="712" t="Sonderzeichen sind nicht erlaubt"/>
		<phrase i="713" t="Aufnahme konnte nicht gestartet werden"/>
		<phrase i="714" t="Quelle nicht verfügbar"/>
		<phrase i="715" t="Erneut abspielen"/>
		<phrase i="716" t="Speichermedium ist voll."/>
		<phrase i="717" t="Aufnahme abgebrochen"/>
		<phrase i="718" t="Aufnahme angehalten"/>
		<phrase i="719" t="Fernstummschaltung"/>
		<phrase i="720" t="Öffnen"/>
		<phrase i="721" t="Speichermedium wurde nicht sicher entf."/>
		<phrase i="722" t="Angehalten"/>
		<phrase i="723" t="Beendet"/>
		<phrase i="724" t="*R*" t.VVX_1500="R"/>
		<phrase i="725" t="*P*" t.VVX_1500="P"/>
		<phrase i="726" t="Std."/>
		<phrase i="727" t="Min."/>
		<phrase i="728" t="Sek."/>
		<phrase i="729" t="Voll"/>
		<phrase i="730" t="Firmenverzeichnis" t.IP_330="Firmenverz."/>
		<phrase i="731" t="Firmenverzeichnis"/>
		<phrase i="732" t="Verzeichnis-Server nicht initialisiert"/>
		<phrase i="733" t="Status des Firmenverzeichnisses" t.IP_330="Firm.-Verz. Sts"/>
		<phrase i="734" t="Suche beibehalten"/>
		<phrase i="735" t="Freisprechmodus deaktiviert" t.IP_330="Freispr. deakt."/>
		<phrase i="736" t="Telefoneinstellungen"/>
		<phrase i="737" t="Freisprechmodus"/>
		<phrase i="738" t="Nicht unterst. USB-Gerät angeschlossen."/>
		<phrase i="739" t="Nicht unterstütztes USB-Gerät  entfernt."/>
		<phrase i="740" t="Kopfhörer angeschlossen"/>
		<phrase i="741" t="Kopfhörer wurde entfernt"/>
		<phrase i="742" t="Kopfhörer"/>
		<phrase i="743" t="Kopfhörer-Einstellungen"/>
		<phrase i="744" t="Analoger Kopfhörermodus"/>
		<phrase i="745" t="Analoger Kopfhörer"/>
		<phrase i="746" t="Regulärer Modus"/>
		<phrase i="747" t="Jabramodus"/>
		<phrase i="748" t="Nicht unterstütztes WAV-Dateiformat"/>
		<phrase i="749" t="Barge-In" t.IP_330="BargeIn"/>
		<phrase i="750" t="Aufnahme läuft"/>
		<phrase i="751" t="Aktion wurde abgebrochen"/>
		<phrase i="752" t="Gefiltert" t.IP_330="Gefilt."/>
		<phrase i="753" t="Wiedergabe abgebrochen"/>
		<phrase i="754" t="Datei wird verwendet"/>
		<phrase i="755" t="Hintergrund"/>
		<phrase i="756" t="Vorschau"/>
		<phrase i="757" t="Standard-Hintergrund 1"/>
		<phrase i="758" t="Gerät nicht bereit. Vorgang wiederholen."/>
		<phrase i="759" t="Standard-Hintergrund 2"/>
		<phrase i="760" t="Standard-Hintergrund 3"/>
		<phrase i="761" t="Standard-Hintergrund 4"/>
		<phrase i="762" t="Datei wurde nicht gefunden" t.VVX_1500="Ausgew. Hintergrundbild nicht verfügbar."/>
		<phrase i="763" t="Heller"/>
		<phrase i="764" t="Dunkler"/>
		<phrase i="765" t="Vorgang nicht zulässig"/>
		<phrase i="766" t="Löschen wird ausgeführt"/>
		<phrase i="767" t="Nicht genügend Speicher zum Fortfahren"/>
		<phrase i="768" t="Verfügbare Aufnahmezeit"/>
		<phrase i="769" t="Geräte-ID"/>
		<phrase i="770" t="Verzeichnis-Server antwortet nicht" t.IP_330="CDSrvr keine Antw"/>
		<phrase i="771" t="Suche wird ausgeführt..."/>
		<phrase i="772" t="Beschriftungsfarbe"/>
		<phrase i="773" t="Beschriftung"/>
		<phrase i="774" t="Zurücksetzen"/>
		<phrase i="775" t="Rückgängig"/>
		<phrase i="776" t="Keine Einträge gefunden" t.IP_330="Keine Einträge"/>
		<phrase i="777" t="USB-Gerät wird überprüft" t.IP_330="USB-Ger. überpr."/>
		<phrase i="778" t="Warten Sie bis zu einer Minute..."/>
		<phrase i="779" t="Farbe kann nicht gespeichert werden"/>
		<phrase i="780" t="Text möglicherweise unlesbar"/>
		<phrase i="781" t="Telefon wird neu gestartet"/>
		<phrase i="782" t="Neustart des Telefons"/>
		<phrase i="783" t="Standard-Hintergrund 5"/>
		<phrase i="784" t="Die Kurzwahlliste ist ungültig." t.IP_330="Kurzwahlliste ungültig."/>
		<phrase i="785" t="Video starten"/>
		<phrase i="786" t="Video beenden"/>
		<phrase i="787" t="Vollbild"/>
		<phrase i="788" t="PIP"/>
		<phrase i="789" t="Abrufen"/>
		<phrase i="790" t="Lauter"/>
		<phrase i="791" t="Leiser"/>
		<phrase i="792" t="Kontaktinfo erforderlich." t.VVX_1500="Kontaktinfo erforderlich"/>
		<phrase i="793" t="Kontaktinfo bereits vorhanden." t.VVX_1500="Kontaktinfo vorhanden"/>
		<phrase i="794" t="Namen eingeben"/>
		<phrase i="795" t="Wechseln"/>
		<phrase i="796" t="Plantronics-Modus"/>
		<phrase i="797" t="Kurzwahlliste bereits vorhanden." t.VVX_1500="Kurzwahlliste bereits vorhanden."/>
		<phrase i="798" t="Lokale Kamera"/>
		<phrase i="799" t="Teilnehmeranrufe"/>
		<phrase i="800" t="Bildrahmen"/>
		<phrase i="801" t="Kameraeinstellungen"/>
		<phrase i="802" t="ABC"/>
		<phrase i="803" t="123"/>
		<phrase i="804" t="Nummer eingeben (A,B,C)"/>
		<phrase i="805" t="Nummer eingeben (1,2,3)"/>
		<phrase i="806" t="Ungültige Konfiguration" t.VVX_1500="Ungültige Konfiguration"/>
		<phrase i="807" t="Login-Fehler"/>
		<phrase i="808" t="Umleitung erfolgt"/>
		<phrase i="809" t="Zielbildwiederholungsrate"/>
		<phrase i="810" t="Helligkeitsstufe"/>
		<phrase i="811" t="Sättigungsstufe"/>
		<phrase i="812" t="Kontraststufe"/>
		<phrase i="813" t="Schärfestufe"/>
		<phrase i="814" t="Aufhebung von Flimmereffekten"/>
		<phrase i="815" t="Menü"/>
		<phrase i="816" t="Videoeinstellungen"/>
		<phrase i="817" t="Videoübertragung automatisch starten"/>
		<phrase i="818" t="Videobildschirmmodus (Fenster)"/>
		<phrase i="819" t="Master"/>
		<phrase i="820" t="Slave"/>
		<phrase i="821" t="1000BT LAN-Uhr"/>
		<phrase i="822" t="1000BT PC-Uhr"/>
		<phrase i="823" t="Anruftyp"/>
		<phrase i="824" t="Audio"/>
		<phrase i="825" t="Video"/>
		<phrase i="826" t="Konferenztelefon-SIP"/>
		<phrase i="827" t="HDX-Präferenz"/>
		<phrase i="828" t="Sprachanruftyp"/>
		<phrase i="829" t="Echokompensierung"/>
		<phrase i="830" t="Echokompensierungsmodus"/>
		<phrase i="831" t="Wechseln"/>
		<phrase i="832" t="Videobildschirmmodus (Vollbild)"/>
		<phrase i="833" t="Bildrahmen"/>
		<phrase i="834" t="Bildschirmschoner"/>
		<phrase i="835" t="Ordner"/>
		<phrase i="836" t="Zeit pro Bild (Sek.)"/>
		<phrase i="837" t="Wartezeit (Min.)"/>
		<phrase i="838" t="Bildschirmschonertyp"/>
		<phrase i="839" t="Es wurden keine Bilder gefunden."/>
		<phrase i="840" t="Das Hintergrundbild wurde geändert."/>
		<phrase i="841" t="Videoübertragung/-empfang"/>
		<phrase i="842" t="Audioübertragung/-empfang"/>
		<phrase i="843" t="Mediencodec"/>
		<phrase i="844" t="Videoübertr.-/Videoempf.form."/>
		<phrase i="845" t="Videoüb.-/Vid.em.bildwdh.rate"/>
		<phrase i="846" t="Videoüb.-/Vid.em.bitr. (kbps)"/>
		<phrase i="847" t="Videoüb.-/Vid.em.aktual.anfr."/>
		<phrase i="848" t="Medienpakete"/>
		<phrase i="849" t="USB-Hub wurde angeschlossen."/>
		<phrase i="850" t="USB-Hub wurde entfernt."/>
		<phrase i="851" t="USB-Maus wurde angeschlossen."/>
		<phrase i="852" t="USB-Maus wurde entfernt."/>
		<phrase i="853" t="USB-Tastatur wurde angeschlossen."/>
		<phrase i="854" t="USB-Tastatur wurde entfernt."/>
		<phrase i="855" t="Videounterstützung"/>
		<phrase i="856" t="Aktives Video"/>
		<phrase i="857" t="Videostatistik"/>
		<phrase i="858" t="Audiostatistik"/>
		<phrase i="859" t="Bildschirmbereinigung"/>
		<phrase i="860" t="Berührungsbildschirm wurde deaktiviert."/>
		<phrase i="861" t="Taste drücken zum Beenden."/>
		<phrase i="862" t="Lokale Datei"/>
		<phrase i="863" t="Anwendungsstartfeld"/>
		<phrase i="864" t="Audioübertragungscodec"/>
		<phrase i="865" t="Audioempfangscodec"/>
		<phrase i="866" t="Videoübertragungscodec"/>
		<phrase i="867" t="Videoempfangscodec"/>
		<phrase i="868" t="Leerer Bildschirm"/>
		<phrase i="869" t="Automatisches Vollbildvideo"/>
		<phrase i="870" t="Video auswählen"/>
		<phrase i="871" t="S-Einrichtung" t.VVX_1500="Schnelleinrichtung"/>
		<phrase i="872" t="Schnelleinrichtung"/>
		<phrase i="873" t="Nicht unterst. Hintergr.dateiformat."/>
		<phrase i="874" t="Nehmen Sie das Telefon aus dem Netzwerk,"/>
		<phrase i="875" t="bevor Sie die Ethernet-Diagn. ausführen."/>
		<phrase i="876" t="Drücken Sie für Netzwerktests [0-4]."/>
		<phrase i="877" t="Modus: Normal-Modus"/>
		<phrase i="878" t="Nicht unterstützter Modus."/>
		<phrase i="879" t="Zusätzlicher Ausgang aktiv."/>
		<phrase i="880" t="Zusätzlicher Ausgang inaktiv."/>
		<phrase i="881" t="ACD"/>
		<phrase i="882" t="Anmeldung"/>
		<phrase i="883" t="Abmeldung"/>
		<phrase i="884" t="AAnmeldung" t.IP_330="AAnmld."/>
		<phrase i="885" t="AAbmeldung" t.IP_330="AAbmld."/>
		<phrase i="886" t="ACD-Anmeldung/-Abmeldung"/>
		<phrase i="887" t="ACD-Agentstatus"/>
		<phrase i="888" t="ACD-Anfangsstatus"/>
		<phrase i="889" t="Agent-Anmeldung"/>
		<phrase i="890" t="Agent-Abmeldung"/>
		<phrase i="891" t="Nachbereitung"/>
		<phrase i="892" t="Agentstatus"/>
		<phrase i="893" t="Kein Server eingestellt."/>
		<phrase i="894" t="Paket-Jitter (ms)"/>
		<phrase i="895" t="Maximaler Jitter (ms)"/>
		<phrase i="896" t="HDX-Nebenanschluss"/>
		<phrase i="897" t="HDX-Nebenanschluss eingeben:"/>
		<phrase i="898" t="50 Hz"/>
		<phrase i="899" t="60 Hz"/>
		<phrase i="900" t="Umgebung auswählen"/>
		<phrase i="901" t="Videoanrufeinstellungen"/>
		<phrase i="902" t="Videobildschirmmodus"/>
		<phrase i="903" t="Lokale Kamera-Ansicht"/>
		<phrase i="904" t="Lokale Kamera-Ansicht (Normal)"/>
		<phrase i="905" t="Lokale Kamera-Ansicht (Vollbild)"/>
		<phrase i="906" t="Lokaler Kamera-Ansichtsmodus (Vollbild)"/>
		<phrase i="907" t="Zuschneiden"/>
		<phrase i="908" t="Gleichzeitig"/>
		<phrase i="909" t="Video ist nur für je eine\nPartei aktiv."/>
		<phrase i="910" t="Energiesparmodus"/>
		<phrase i="911" t="Timeouts"/>
		<phrase i="912" t="Bürozeiten"/>
		<phrase i="913" t="Benutzererkennung"/>
		<phrase i="914" t="Startzeit"/>
		<phrase i="915" t="Timeout für Leerlauf während Bürozeiten"/>
		<phrase i="916" t="Timeout für Leerlauf außerh. Bürozeiten"/>
		<phrase i="917" t="Timeour für Leerlauf nach Verwendung"/>
		<phrase i="918" t="Empfindlichkeit während Bürozeiten"/>
		<phrase i="919" t="Empfindlichkeit außerh. d. Bürozeiten"/>
		<phrase i="920" t="Modus außerhalb der Bürozeiten"/>
		<phrase i="921" t="Mehr Zeichen angeben" t.IP_330="Mehr Zeich. ang." t.VVX_1500="Zu viele Ergebnisse. Mehr Zeichen angeben."/>
		<phrase i="922" t="Erweit. Suche"/>
		<phrase i="923" t="Erweiterte Suche"/>
		<phrase i="924" t="Gesamte Konferenz beenden?"/>
		<phrase i="925" t=""/>
		<phrase i="926" t=""/>
		<phrase i="927" t=""/>
		<phrase i="928" t=""/>
		<phrase i="929" t=""/>
		<phrase i="930" t=""/>
		<phrase i="931" t=""/>
		<phrase i="932" t=""/>
		<phrase i="933" t=""/>
		<phrase i="934" t=""/>
		<phrase i="935" t=""/>
		<phrase i="936" t=""/>
		<phrase i="937" t=""/>
		<phrase i="938" t="Speakerphone"/>
		<phrase i="939" t=""/>
		<phrase i="940" t=""/>
		<phrase i="941" t=""/>
		<phrase i="942" t=""/>
		<phrase i="943" t=""/>
		<phrase i="944" t=""/>
		<phrase i="945" t=""/>
		<phrase i="946" t=""/>
		<phrase i="947" t=""/>
		<phrase i="948" t=""/>
		<phrase i="949" t=""/>
		<phrase i="950" t=""/>
		<phrase i="951" t=""/>
		<phrase i="952" t=""/>
		<phrase i="953" t=""/>
		<phrase i="954" t=""/>
		<phrase i="955" t=""/>
		<phrase i="956" t=""/>
		<phrase i="957" t=""/>
		<phrase i="958" t=""/>
		<phrase i="959" t="Hintergrund hervorheben"/>
		<phrase i="960" t="Hintergrund auswählen"/>
		<phrase i="961" t="Hintergrund"/>
		<phrase i="962" t="Leitungskonfiguration"/>
		<phrase i="963" t="SIP-Serverkonfiguration" t.VVX_1500="SIP-Serverkonfiguration"/>
		<phrase i="964" t="OAI Alert"/>
		<phrase i="965" t="OAI Call"/>
		<phrase i="966" t="Link Layer Discovery-Protokoll"/>
		<phrase i="967" t="Ortsinformation"/>
		<phrase i="968" t="Bildschirmdruck"/>
		<phrase i="969" t="SK1"/>
		<phrase i="970" t="SK2"/>
		<phrase i="971" t="SK3"/>
		<phrase i="972" t="SK4"/>
		<phrase i="973" t="USB-Speicher: %s verbleiben."/>
		<phrase i="974" t="Installiert"/>
		<phrase i="975" t="Nicht installiert"/>
		<phrase i="976" t="Ungültig"/>
		<phrase i="977" t="Anmeldung bei ACD-Leitung notwendig"/>
		<phrase i="978" t="Anrufrate"/>
		<phrase i="979" t="Anrufrate auswählen"/>
		<phrase i="980" t="Vid.übertr./-empf.-Rate (kbps)"/>
		<phrase i="981" t="USB-Speicher: voll"/>
		<phrase i="982" t="Protokollkonfiguration"/>
		<phrase i="983" t="Protokoll auswählen"/>
		<phrase i="984" t="Protokolltyp"/>
		<phrase i="985" t="SIP"/>
		<phrase i="986" t="H.323"/>
		<phrase i="987" t="SIP + H.323"/>
		<phrase i="988" t="Automatische Gatekeepersuche"/>
		<phrase i="989" t="Benutzer-ID"/>
		<phrase i="990" t="Leitungstasten"/>
		<phrase i="991" t="Anrufserver"/>
		<phrase i="992" t="Anrufserverliste ist leer."/>
		<phrase i="993" t="Klingeltonlautstärke"/>
		<phrase i="994" t="Aufnahme"/>
		<phrase i="995" t="Aufnahme angehalten"/>
		<phrase i="996" t="Lizenzen"/>
		<phrase i="997" t="Keine Lizenzen installiert"/>
		<phrase i="998" t="Diffie-Hellman Secret Key"/>
		<phrase i="999" t="Nicht unterstützter Link"/>
		<phrase i="1000" t="Secure-Shell (sichere Verbindung)"/>
		<phrase i="1001" t="SSH-Verbindung"/>
		<phrase i="1002" t="SSH-Status"/>
		<phrase i="1003" t="Gateway-Port"/>
		<phrase i="1004" t="Verbunden"/>
		<phrase i="1005" t="Fehlercode"/>
		<phrase i="1006" t="H.323 verwenden"/>
		<phrase i="1007" t="SIP verwenden"/>
		<phrase i="1008" t="Auto verwenden"/>
		<phrase i="1009" t="(SIP-Routing)"/>
		<phrase i="1010" t="(H.323-Routing)"/>
		<phrase i="1011" t="(Automatisches Routing)"/>
		<phrase i="1012" t="SIP verwenden o. H.323 verwenden ausw."/>
		<phrase i="1013" t="Nicht angegeben"/>
		<phrase i="1014" t="Anwendungen Weiter"/>
		<phrase i="1015" t="Anwendungen Start"/>
		<phrase i="1016" t="Aufnahme (Halten)"/>
		<phrase i="1017" t="Protokoll-Routing"/>
		<phrase i="1018" t="Manuelles Protokoll-Routing"/>
		<phrase i="1019" t="Display-Tasten-Steuerung"/>
		<phrase i="1020" t="Bevorzugtes Protokoll"/>
		<phrase i="1021" t="Automatisch beantworten"/>
		<phrase i="1022" t="SIP-Anrufe automatisch beantworten"/>
		<phrase i="1023" t="H.323-Anrufe automatisch beantworten"/>
		<phrase i="1024" t="Mikrofon stumm"/>
		<phrase i="1025" t="Video stumm"/>
		<phrase i="1026" t="Automatische Routingeinstellung"/>
		<phrase i="1027" t="Protokoll"/>
		<phrase i="1028" t="SIP-Protokoll"/>
		<phrase i="1029" t="H.323-Protokoll"/>
		<phrase i="1030" t="Freigabe erlauben für "/>
		<phrase i="1031" t="Hörbarer Rufton"/>
		<phrase i="1032" t="Option-60-Format"/>
		<phrase i="1033" t="RFC3925-Binary"/>
		<phrase i="1034" t="ASCII-String"/>
		<phrase i="1035" t=""/>
		<phrase i="1036" t=""/>
		<phrase i="1037" t=""/>
		<phrase i="1038" t=""/>
		<phrase i="1039" t=""/>
		<phrase i="1040" t=""/>
		<phrase i="1041" t=""/>
		<phrase i="1042" t=""/>
		<phrase i="1043" t=""/>
		<phrase i="1044" t=""/>
		<phrase i="1045" t=""/>
		<phrase i="1046" t=""/>
		<phrase i="1047" t=""/>
		<phrase i="1048" t=""/>
		<phrase i="1049" t=""/>
		<phrase i="1050" t=""/>
		<phrase i="1051" t=""/>
		<phrase i="1052" t=""/>
		<phrase i="1053" t=""/>
		<phrase i="1054" t=""/>
		<phrase i="1055" t=""/>
		<phrase i="1056" t=""/>
		<phrase i="1057" t=""/>
		<phrase i="1058" t=""/>
		<phrase i="1059" t=""/>
		<phrase i="1060" t=""/>
		<phrase i="1061" t=""/>
		<phrase i="1062" t=""/>
		<phrase i="1063" t=""/>
		<phrase i="1064" t=""/>
		<phrase i="1065" t=""/>
		<phrase i="1066" t=""/>
		<phrase i="1067" t=""/>
		<phrase i="1068" t=""/>
		<phrase i="1069" t=""/>
		<phrase i="1070" t=""/>
		<phrase i="1071" t=""/>
		<phrase i="1072" t=""/>
		<phrase i="1073" t=""/>
		<phrase i="1074" t=""/>
		<phrase i="1075" t=""/>
		<phrase i="1076" t=""/>
		<phrase i="1077" t=""/>
		<phrase i="1078" t=""/>
		<phrase i="1079" t=""/>
		<phrase i="1080" t=""/>
		<phrase i="1081" t=""/>
		<phrase i="1082" t=""/>
		<phrase i="1083" t=""/>
		<phrase i="1084" t=""/>
		<phrase i="1085" t=""/>
		<phrase i="1086" t=""/>
		<phrase i="1087" t=""/>
		<phrase i="1088" t=""/>
		<phrase i="1089" t=""/>
		<phrase i="1090" t=""/>
		<phrase i="1091" t=""/>
		<phrase i="1092" t=""/>
		<phrase i="1093" t=""/>
		<phrase i="1094" t=""/>
		<phrase i="1095" t=""/>
		<phrase i="1096" t=""/>
		<phrase i="1097" t=""/>
		<phrase i="1098" t=""/>
		<phrase i="1099" t=""/>
		<phrase i="1100" t=""/>
		<phrase i="1101" t=""/>
		<phrase i="1102" t=""/>
		<phrase i="1103" t=""/>
		<phrase i="1104" t=""/>
		<phrase i="1105" t=""/>
		<phrase i="1106" t=""/>
		<phrase i="1107" t=""/>
		<phrase i="1108" t=""/>
		<phrase i="1109" t=""/>
		<phrase i="1110" t=""/>
		<phrase i="1111" t=""/>
		<phrase i="1112" t=""/>
		<phrase i="1113" t=""/>
		<phrase i="1114" t=""/>
		<phrase i="1115" t=""/>
		<phrase i="1116" t=""/>
		<phrase i="1117" t="Speichern und Neustart"/>
		<phrase i="1118" t=""/>
		<phrase i="1119" t="2.5 mm Mode"/>
		<phrase i="1120" t="Cell Phone"/>
		<phrase i="1121" t="PC Link"/>
		<phrase i="1122" t="Prompt"/>
		<phrase i="1123" t="Operational Mode"/>
		<phrase i="1124" t="PSTN"/>
		<phrase i="1125" t="Retained Message"/>
		<phrase i="1126" t=""/>
		<phrase i="1127" t="Touchscreen-Diagnose"/>
		<phrase i="1128" t="Taste drücken zum Beenden."/>
		<phrase i="1129" t="Display zum Testen berühren."/>
		<phrase i="1130" t="CMA-Verzeichnis"/>
		<phrase i="1131" t="Gruppen"/>
		<phrase i="1132" t="Kontakt hinzufügen"/>
		<phrase i="1133" t="CMA-Menü"/>
		<phrase i="1134" t="CMA-Modus"/>
		<phrase i="1135" t="CMA-Server"/>
		<phrase i="1136" t="Anmeldedaten"/>
		<phrase i="1137" t="Benutzer"/>
		<phrase i="1138" t="Gültig bis"/>
		<phrase i="1139" t="Abgelaufen"/>
		<phrase i="1140" t="Web-Konfiguration zurücksetzen" t.IP_330="Reset Web-Konf."/>
		<phrase i="1141" t="TR-069 Enable"/>
		<phrase i="1142" t="TR-069 URL"/>
		<phrase i="1143" t="TR-069 SSL"/>
		<phrase i="1144" t="TR-069 Inform Interval"/>
		<phrase i="1145" t="TR-069 Username"/>
		<phrase i="1146" t="TR-069 Password"/>
		<phrase i="1147" t="Telefon sperren"/>
		<phrase i="1148" t="Sperren"/>
		<phrase i="1149" t="Entsperren"/>
		<phrase i="1150" t="Das Telefon ist gesperrt."/>
		<phrase i="1151" t="Nur Notruf möglich."/>
		<phrase i="1152" t="Nicht stören (DND) wenn gesperrt."/>
		<phrase i="1153" t="Klingeln erlauben wenn gesperrt."/>
		<phrase i="1154" t="Telefonsperre aufheben?"/>
		<phrase i="1155" t="Anruf annehmen?"/>
		<phrase i="1156" t="Notruf ausführen"/>
		<phrase i="1157" t="Ungültige Nummer"/>
		<phrase i="1158" t="Telefonnummer"/>
		<phrase i="1159" t="SIP-Adresse"/>
		<phrase i="1160" t="Shutdown initiated"/>
		<phrase i="1161" t="On-hook Dialing"/>
		<phrase i="1162" t="Off-hook Dialing"/>
		<phrase i="1163" t="Audiomodus"/>
		<phrase i="1164" t="Country"/>
		<phrase i="1165" t="Buddy-Kontakt unmögl. Im Tel.buch spch.?"/>
		<phrase i="1166" t="Flash Timing"/>
		<phrase i="1167" t="Caller ID"/>
		<phrase i="1168" t="80"/>
		<phrase i="1169" t="100"/>
		<phrase i="1170" t="300"/>
		<phrase i="1171" t="600"/>
		<phrase i="1172" t="Removed"/>
		<phrase i="1173" t="Anrufliste"/>
		<phrase i="1174" t="Telefon kann nicht gesperrt werden."/>
		<phrase i="1175" t="PSTN Extension"/>
		<phrase i="1176" t="Enter PSTN Extension:"/>
		<phrase i="1177" t="Suche in"/>
		<phrase i="1178" t="Telefon/Headset"/>
		<phrase i="1179" t="Selbst Hinzuf. auf Buddyliste unmöglich."/>
		<phrase i="1180" t="Dismiss"/>
		<phrase i="1181" t="Snooze"/>
		<phrase i="1182" t="%s will start in %d %s at %s"/>
		<phrase i="1183" t="Calendar"/>
		<phrase i="1184" t="minutes"/>
		<phrase i="1185" t="seconds"/>
		<phrase i="1186" t="minute"/>
		<phrase i="1187" t="second"/>
		<phrase i="1188" t="Keypad Lock"/>
		<phrase i="1189" t="Keypad Unlock"/>
		<phrase i="1190" t="Keypad locked."/>
		<phrase i="1191" t="Lock the phone?"/>
		<phrase i="1192" t="Gruppen nicht gefunden."/>
		<phrase i="1193" t="Gerätezertifikate"/>
		<phrase i="1194" t="Polycom-Zert." t.VVX_1500="Polycom Zert. konfiguriert"/>
		<phrase i="1195" t="Zertifikat geladen" t.VVX_1500="Konfiguriertes Zert. geladen"/>
		<phrase i="1196" t="Polycom vorhanden" t.VVX_1500="Polycom-Gerätezertif. vorhanden"/>
		<phrase i="1197" t="Anderes Zert. vorhanden" t.VVX_1500="Anderes Gerätezertif. vorhanden"/>
		<phrase i="1198" t="Anderes Zert.: Beschreibung" t.VVX_1500="Anderes Gerätezertif.: Beschreibung"/>
		<phrase i="1199" t="TR-069 Upgrades Managed"/>
		<phrase i="1200" t="Gerätezertifikat"/>
		<phrase i="1201" t="Wiedergabe aktiv"/>
		<phrase i="1202" t="Lokaler Ordner ist schreibgeschützt."/>
		<phrase i="1203" t="CMA-Authentifizieung fehlgeschl."/>
		<phrase i="1204" t="Fehler bei der CMA-Bereitstellung."/>
		<phrase i="1205" t="Remote-Tastatur und Maus"/>
		<phrase i="1206" t="Befindet sich das Telefon rechts oder links neben Ihrem Computer?"/>
		<phrase i="1207" t="Links"/>
		<phrase i="1208" t="Rechts"/>
		<phrase i="1209" t="Liste"/>
		<phrase i="1210" t="Grundcode eingeben"/>
		<phrase i="1211" t="Konfiguration hochladen"/>
		<phrase i="1212" t="TR-069"/>
		<phrase i="1213" t="CMA"/>
		<phrase i="1214" t="Alle Quellen"/>
		<phrase i="1215" t="Lokal"/>
		<phrase i="1216" t="Web"/>
		<phrase i="1217" t="Hochladen"/>
		<phrase i="1218" t="Konfigurationsdateien" t.IP_330="Konfig.-Dateien"/>
		<phrase i="1219" t="Grundcode nicht verfügbar"/>
		<phrase i="1220" t="Agent nicht verfügb."/>
		<phrase i="1221" t="Konfigurationsdatei-Warnung" t.IP_330="Pre3.3.0-Konfig."/>
		<phrase i="1222" t=" enthält Parameter aus einer Version vor 3.3.0"/>
		<phrase i="1223" t="kein"/>
		<phrase i="1224" t="Zusammenfassung"/>
		<phrase i="1225" t="Doppelte Parameter gefunden" t.IP_330="Doppelte gefunden"/>
		<phrase i="1226" t="Fehler gefunden"/>
		<phrase i="1227" t="Parameter akzeptiert"/>
		<phrase i="1228" t="Parameter vor 3.3.0 gefunden."/>
		<phrase i="1229" t="Parameter vor 3.3.0 gefunden in:" t.IP_330="Parameter vor 3.3.0 in:"/>
		<phrase i="1230" t="Abfrage steht noch aus, bitte später erneut versuchen."/>
		<phrase i="1231" t="CMA-Verzeichnis nicht registriert."/>
		<phrase i="1232" t="CMA-Anwesenheit nicht registriert."/>
		<phrase i="1233" t="Anruf-Info"/>
		<phrase i="1234" t="Konfiguration aktualisieren"/>
		<phrase i="1235" t="Ungültige Anmeldedaten."/>
		<phrase i="1236" t="Adresse konnte nicht abgerufen werden."/>
		<phrase i="1237" t="Wählen des Kontakts fehlgeschlagen."/>
		<phrase i="1238" t="Hinzufügen des Kontakts fehlgeschlagen."/>
		<phrase i="1239" t="CMA-Status"/>
		<phrase i="1240" t="Anwesenheitsregistrierung"/>
		<phrase i="1241" t="Verzeichnisregistrierung"/>
		<phrase i="1242" t="Bereitstellungsstatus"/>
		<phrase i="1243" t="Server-Hostname"/>
		<phrase i="1244" t="Software-Aktualisierungsprüfung"/>
		<phrase i="1245" t="Profilaktualisierungsprüfung"/>
		<phrase i="1246" t="Heartbeat-Bericht"/>
		<phrase i="1247" t="Erfolgreich"/>
		<phrase i="1248" t="Fehlerhaft"/>
		<phrase i="1249" t="Einladungen"/>
		<phrase i="1250" t="Buddy-Einladung ausstehend"/>
		<phrase i="1251" t="Buddyliste"/>
		<phrase i="1252" t="Einladungs-Akzeptiermethode"/>
		<phrase i="1253" t="Bereitstellungs-Abfrageintervalle"/>
		<phrase i="1254" t="Automatisch"/>
		<phrase i="1255" t="Erneut validieren"/>
		<phrase i="1256" t="Bei ungültigen Anmeldedaten kann das Benutzerkonto bei der erneuten Validierung gesperrt werden."/>
		<phrase i="1257" t="Möchten Sie fortfahren?"/>
		<phrase i="1258" t="Bereitstellungsfehler" t.IP_330="Konfig.-Fehler"/>
		<phrase i="1259" t="Die Konfiguration wurde nicht aktualisiert."/>
                <phrase i="1260" t="" />
                <phrase i="1261" t="" />
                <phrase i="1262" t="" />
                <phrase i="1263" t="Uml" />
	</phrases>
	<textEntry>
		<Entry ID="0" key="=, $/~_?0"/>
		<Entry ID="1" key="!|'^\@:1"/>
		<Entry ID="2" key="abc2äà"/>
		<Entry ID="3" key="def3é"/>
		<Entry ID="4" key="ghi4"/>
		<Entry ID="5" key="jkl5"/>
		<Entry ID="6" key="mno6ö"/>
		<Entry ID="7" key="pqrs7ß"/>
		<Entry ID="8" key="tuv8ü"/>
		<Entry ID="9" key="wxyz9"/>
		<Entry ID="*" key=".*#-&amp;%+;"/>
		<Entry ID="#"/>
	</textEntry>
</dictionary>
