﻿<?xml version="1.0" encoding="UTF-8" standalone="yes"?>
<dictionary>
	<phrases>
		<phrase i="0" t="Indietro"/>
		<phrase i="1" t="Comporre"/>
		<phrase i="2" t="Edit il contatto"/>
		<phrase i="3" t="Edit"/>
		<phrase i="4" t="Sopra"/>
		<phrase i="5" t="Salva"/>
		<phrase i="6" t="Ulteriori scelte"/>
		<phrase i="7" t="Nuovo"/>
		<phrase i="8" t="Ok"/>
		<phrase i="9" t="Aggiungi"/>
		<phrase i="10" t="Rimuove"/>
		<phrase i="11" t="Invia"/>
		<phrase i="12" t="Invia"/>
		<phrase i="13" t="Seleziona"/>
		<phrase i="14" t="Cancella"/>
		<phrase i="15" t="Importa"/>
		<phrase i="16" t="Blocca"/>
		<phrase i="17" t="Guarda"/>
		<phrase i="18" t="Sblocca" t.IP_330="Sblocca"/>
		<phrase i="19" t="Stato pers." t.VVX_1500="My Status"/>
		<phrase i="20" t="Colleghi" t.IP_330="Collega"/>
		<phrase i="21" t="Riprendi"/>
		<phrase i="22" t="Riproduci"/>
		<phrase i="23" t="Fine chiamata" t.IP_330="Fine chiamata"/>
		<phrase i="24" t="Nuova chiamata" t.IP_330="Nuova chiamata"/>
		<phrase i="25" t="Ricomponi"/>
		<phrase i="26" t="Rispondi"/>
		<phrase i="27" t="Nome"/>
		<phrase i="28" t="Numero"/>
		<phrase i="29" t="Attesa"/>
		<phrase i="30" t="Conferenza" t.IP_330="Confer." t.VVX_1500="Conferenza"/>
		<phrase i="31" t="Trasferim" t.IP_330="Trasferim." t.VVX_1500="Trasferimento"/>
		<phrase i="32" t="Fine"/>
		<phrase i="33" t="Prossimo"/>
		<phrase i="34" t="Prec" t.VVX_1500="Precedente"/>
		<phrase i="35" t="Risposta"/>
		<phrase i="36" t="Uscita"/>
		<phrase i="37" t="Cancella"/>
		<phrase i="38" t="a-&gt;A"/>
		<phrase i="39" t="A-&gt;a"/>
		<phrase i="40" t="-&gt;ABC"/>
		<phrase i="41" t="&lt;&lt;"/>
		<phrase i="42" t="Sottometti"/>
		<phrase i="43" t="Pag. seguente" t.VVX_1500="Pagina seguente"/>
		<phrase i="44" t="Aggiornamento"/>
		<phrase i="45" t="Messaggi istantanei"/>
		<phrase i="46" t="Nessun messaggio"/>
		<phrase i="47" t="Invia il messaggio a "/>
		<phrase i="48" t="Inserire messaggio per "/>
		<phrase i="49" t="Il mio stato"/>
		<phrase i="50" t="Rubrica"/>
		<phrase i="51" t="Rubrica"/>
		<phrase i="52" t="Servizio"/>
		<phrase i="53" t="Applicazioni"/>
		<phrase i="54" t="Accesso Veloce"/>
		<phrase i="55" t="Informazioni sull'accesso veloce" t.VVX_1500="Informazioni sull'accesso veloce"/>
		<phrase i="56" t="Elenchi delle chiamate"/>
		<phrase i="57" t="Edit il contatto"/>
		<phrase i="58" t="Lista utenti osservati"/>
		<phrase i="59" t="Lista osservatori"/>
		<phrase i="60" t="Lista bloccata"/>
		<phrase i="61" t="Chiamate perse"/>
		<phrase i="62" t="Chiamate ricevute"/>
		<phrase i="63" t="Chiamate assegnate"/>
		<phrase i="64" t="Compatibilità CDP" t.IP_330="Compat. CDP"/>
		<phrase i="65" t="Informazione dell'applicaz"/>
		<phrase i="66" t="Codec Supportati"/>
		<phrase i="67" t="Aggiungi alla lista osservanti"/>
		<phrase i="68" t="Sommario rete"/>
		<phrase i="69" t="Lista colleghi"/>
		<phrase i="70" t="Stato dei colleghi"/>
		<phrase i="71" t="Tipo di suono"/>
		<phrase i="72" t="Stato"/>
		<phrase i="73" t="Installazioni"/>
		<phrase i="74" t="Menu principale"/>
		<phrase i="75" t="Statistiche di Network"/>
		<phrase i="76" t="Statistiche media"/>
		<phrase i="77" t="Versione Firmware"/>
		<phrase i="78" t="Contrasto"/>
		<phrase i="79" t="Configurazione Network"/>
		<phrase i="80" t="Chiama le informazioni"/>
		<phrase i="81" t="Informazioni"/>
		<phrase i="82" t="Informazione di sistema"/>
		<phrase i="83" t="Attivo"/>
		<phrase i="84" t="Inattivo"/>
		<phrase i="85" t="Parte sconosciuta"/>
		<phrase i="86" t="giorno"/>
		<phrase i="87" t="giorni"/>
		<phrase i="88" t="Richiedere..."/>
		<phrase i="89" t="Richiesta errata."/>
		<phrase i="90" t="Inglese"/>
		<phrase i="91" t="Interno"/>
		<phrase i="92" t="Duplex-bidirezionale"/>
		<phrase i="93" t="Duplex-unidirezionale"/>
		<phrase i="94" t="Vista"/>
		<phrase i="95" t="*** AVVERTENZA ***"/>
		<phrase i="96" t="Instradatore"/>
		<phrase i="97" t="Fuori servizio"/>
		<phrase i="98" t="Tempo trascorso"/>
		<phrase i="99" t="Pacchetti ricevuti"/>
		<phrase i="100" t="Pacchetti trasmessi"/>
		<phrase i="101" t="Pacchetti mancati"/>
		<phrase i="102" t="Porta LAN"/>
		<phrase i="103" t="Porta PC"/>
		<phrase i="104" t="Messaggio istantaneo" t.IP_330="MI"/>
		<phrase i="105" t="Specificare l'origine"/>
		<phrase i="106" t="Attivato"/>
		<phrase i="107" t="Jitter (ms)"/>
		<phrase i="108" t="MaxJitter (ms)"/>
		<phrase i="109" t="Latenza (ms)"/>
		<phrase i="110" t="Revis. Applicaz."/>
		<phrase i="111" t="Revis. Avvio."/>
		<phrase i="112" t="Suono"/>
		<phrase i="113" t="Nessuna registrazione"/>
		<phrase i="114" t="Lista delle chiamate non pervenuta"/>
		<phrase i="115" t="Ricevuta la lista delle chiamate"/>
		<phrase i="116" t="Collocata la lista delle chiamate"/>
		<phrase i="117" t="Cancellato"/>
		<phrase i="118" t="Contatto"/>
		<phrase i="119" t="PM"/>
		<phrase i="120" t="AM"/>
		<phrase i="121" t="Ora"/>
		<phrase i="122" t="Nome"/>
		<phrase i="123" t="Durata"/>
		<phrase i="124" t=" dice: "/>
		<phrase i="125" t="Messaggio per "/>
		<phrase i="126" t="Ho ricevuto il tuo messaggio."/>
		<phrase i="127" t="Chiamami."/>
		<phrase i="128" t="Chiamare dopo."/>
		<phrase i="129" t="Non posso chattare ora."/>
		<phrase i="130" t="Vai a pranzo?"/>
		<phrase i="131" t="Importato"/>
		<phrase i="132" t="Importo guasto"/>
		<phrase i="133" t="Lingua"/>
		<phrase i="134" t="Digitare un numero"/>
		<phrase i="135" t="Entrare in URL"/>
		<phrase i="136" t="Dividi"/>
		<phrase i="137" t="Unisci"/>
		<phrase i="138" t="A"/>
		<phrase i="139" t="Da"/>
		<phrase i="140" t="Inoltra" t.IP_330="Ino."/>
		<phrase i="141" t="Per"/>
		<phrase i="142" t="Attesa"/>
		<phrase i="143" t="In attesa"/>
		<phrase i="144" t=" nuovo messaggio"/>
		<phrase i="145" t=" nuovi messaggi"/>
		<phrase i="146" t="Chiamata"/>
		<phrase i="147" t="Link del network fuori servizio"/>
		<phrase i="148" t="Riconfigurazione network" t.IP_330="Riconfigurazione" t.VVX_1500="Riconfigurazione"/>
		<phrase i="149" t=" nuova chiamata persa"/>
		<phrase i="150" t=" nuove chiamate perse"/>
		<phrase i="151" t="Iniziato il riavvio"/>
		<phrase i="152" t="Chiamata in attesa"/>
		<phrase i="153" t="Disconnesso"/>
		<phrase i="154" t="Online"/>
		<phrase i="155" t="Occupato"/>
		<phrase i="156" t="Ritorno subito"/>
		<phrase i="157" t="Via"/>
		<phrase i="158" t="Al telefono"/>
		<phrase i="159" t="A pranzo"/>
		<phrase i="160" t="In riunione"/>
		<phrase i="161" t="Offline"/>
		<phrase i="162" t="Non disturbare"/>
		<phrase i="163" t="Fuori tempo"/>
		<phrase i="164" t="Server di boot"/>
		<phrase i="165" t="Opz. server di boot"/>
		<phrase i="166" t="Tipo server di boot"/>
		<phrase i="167" t="Tipo di server" t.IP_330="Tipo server"/>
		<phrase i="168" t="Indirizzo di server" t.IP_330="Indir.server"/>
		<phrase i="169" t="Utente di server" t.IP_330="Utente server"/>
		<phrase i="170" t="Password di server" t.IP_330="Pwd server"/>
		<phrase i="171" t="Client DHCP" t.IP_330="Client DHCP"/>
		<phrase i="172" t="Menu DHCP"/>
		<phrase i="173" t="Indirizzo IP Tel" t.VVX_1500="Indirizzo IP del telefono"/>
		<phrase i="174" t="Subnet Mask" t.IP_330="Subnet Mask"/>
		<phrase i="175" t="Gateway IP"/>
		<phrase i="176" t="Menu del server" t.IP_330="Menu server"/>
		<phrase i="177" t="Indirizzo SNTP" t.IP_330="Indir.SNTP"/>
		<phrase i="178" t="Scostamento GMT"/>
		<phrase i="179" t="Server DNS"/>
		<phrase i="180" t="Server alt. DNS"/>
		<phrase i="181" t="Dominio DNS"/>
		<phrase i="182" t="ID VLAN"/>
		<phrase i="183" t=" Salva configurazione"/>
		<phrase i="184" t=" Esci senza salvare"/>
		<phrase i="185" t=" Riprendi impostazione"/>
		<phrase i="186" t="DHCP"/>
		<phrase i="187" t="MAC"/>
		<phrase i="188" t="IP"/>
		<phrase i="189" t="DNS"/>
		<phrase i="190" t="Avvio del server"/>
		<phrase i="191" t="DNS Alternativo"/>
		<phrase i="192" t="Opzione 66"/>
		<phrase i="193" t="Personalizzato"/>
		<phrase i="194" t="Statico"/>
		<phrase i="195" t="Indirizzo IP"/>
		<phrase i="196" t="Stringa"/>
		<phrase i="197" t="FTP"/>
		<phrase i="198" t="Trivial FTP"/>
		<phrase i="199" t="Attivato"/>
		<phrase i="200" t="Disattivato"/>
		<phrase i="201" t="Maschera"/>
		<phrase i="202" t="Instradatore"/>
		<phrase i="203" t="Dominio"/>
		<phrase i="204" t="Id VLAN"/>
		<phrase i="205" t="Server"/>
		<phrase i="206" t="Rif. Applicaz."/>
		<phrase i="207" t="File"/>
		<phrase i="208" t="Configuraz."/>
		<phrase i="209" t="Rom di avvio"/>
		<phrase i="210" t="N di parte di hardware"/>
		<phrase i="211" t="Trasmettitore Codec"/>
		<phrase i="212" t="Ricevitore Codec"/>
		<phrase i="213" t="Lingua cambiata."/>
		<phrase i="214" t="Errore nel cambio di lingua."/>
		<phrase i="215" t="Attendere prego..."/>
		<phrase i="216" t="Seleziona la linea"/>
		<phrase i="217" t="Linea"/>
		<phrase i="218" t="Cerca"/>
		<phrase i="219" t="Scegli"/>
		<phrase i="220" t="Cerca l'elenco"/>
		<phrase i="221" t="Scegli l'elenco"/>
		<phrase i="222" t="Nome"/>
		<phrase i="223" t="Cognome"/>
		<phrase i="224" t="Stato del sistema"/>
		<phrase i="225" t="Generale"/>
		<phrase i="226" t="Lista dei contatti"/>
		<phrase i="227" t="Contattare..."/>
		<phrase i="228" t="Su ordinaz.+Opz. 66"/>
		<phrase i="229" t="Informazioni sulla linea"/>
		<phrase i="230" t="Registrato"/>
		<phrase i="231" t="Non registrato"/>
		<phrase i="232" t="Autentificazione"/>
		<phrase i="233" t="Registrazione utente"/>
		<phrase i="234" t="Registrazione password"/>
		<phrase i="235" t="Video"/>
		<phrase i="236" t="Messaggi"/>
		<phrase i="237" t="Centro messaggi"/>
		<phrase i="238" t="In conferenza"/>
		<phrase i="239" t="Urgente"/>
		<phrase i="240" t="Urgenti"/>
		<phrase i="241" t="Nuovo"/>
		<phrase i="242" t="Nuovi"/>
		<phrase i="243" t="Vecchio"/>
		<phrase i="244" t="Vecchi"/>
		<phrase i="245" t="Connesso" t.IP_330="Connetti"/>
		<phrase i="246" t="Aggiungi elenchi"/>
		<phrase i="247" t="Edit il contatto"/>
		<phrase i="248" t="Indice Speed Dial"/>
		<phrase i="249" t="Deviazione della chiamata"/>
		<phrase i="250" t="Respinto"/>
		<phrase i="251" t="Deviazione" t.IP_330="Deviaz."/>
		<phrase i="252" t="Questa chiamata"/>
		<phrase i="253" t="Riavviare le posizioni dell'utente"/>
		<phrase i="254" t="Deviazione del contatto"/>
		<phrase i="255" t="Auto scarto"/>
		<phrase i="256" t="Auto deviazione"/>
		<phrase i="257" t="Salvato"/>
		<phrase i="258" t="Errore"/>
		<phrase i="259" t="Il contatto già esiste."/>
		<phrase i="260" t="Disabilitare"/>
		<phrase i="261" t="Osserva la chiamata"/>
		<phrase i="262" t="Blocca la chiamata"/>
		<phrase i="263" t="Siete pregato di riprovare."/>
		<phrase i="264" t="Orologio"/>
		<phrase i="265" t="Data"/>
		<phrase i="266" t="Formato"/>
		<phrase i="267" t="Domenica"/>
		<phrase i="268" t="Lunedì"/>
		<phrase i="269" t="Martedì"/>
		<phrase i="270" t="Mercoledì"/>
		<phrase i="271" t="Giovedì"/>
		<phrase i="272" t="Venerdì"/>
		<phrase i="273" t="Sabato"/>
		<phrase i="274" t="Gennaio"/>
		<phrase i="275" t="Febbraio"/>
		<phrase i="276" t="Marzo"/>
		<phrase i="277" t="Aprile"/>
		<phrase i="278" t="Maggio"/>
		<phrase i="279" t="Giugno"/>
		<phrase i="280" t="Luglio"/>
		<phrase i="281" t="Agosto"/>
		<phrase i="282" t="Settembre"/>
		<phrase i="283" t="Ottobre"/>
		<phrase i="284" t="Novembre"/>
		<phrase i="285" t="Dicembre"/>
		<phrase i="286" t="Ora"/>
		<phrase i="287" t="Programma tutto"/>
		<phrase i="288" t="Rimuovi tutto"/>
		<phrase i="289" t="Installazione della cuffia"/>
		<phrase i="290" t="Rilevazione automatica del modo della cuffia"/>
		<phrase i="291" t="Errore durante l'importo."/>
		<phrase i="292" t="Azione bloccata da chiamata attiva." t.VVX_1500="Chiamata attiva. Azione interrotta."/>
		<phrase i="293" t="Siete pregato di digitare il contatto."/>
		<phrase i="294" t="Trasferire a"/>
		<phrase i="295" t="Conferenza per"/>
		<phrase i="296" t="Entra"/>
		<phrase i="297" t="Cambia la parola d'ordine"/>
		<phrase i="298" t="Cambia la parola d'ordine dell'utente" t.VVX_1500="Cambia la parola d'ordine dell'utente"/>
		<phrase i="299" t="Cambia la parola d'ordine dell'amministr." t.VVX_1500="Cambia la parola d'ordine dell'ammin."/>
		<phrase i="300" t="Parola d'ordine dell'utente"/>
		<phrase i="301" t="Password amministratore" t.VVX_1500="Parola d'ordine dell'amministratore"/>
		<phrase i="302" t="Codice dell'utente cambiato." t.VVX_1500="Parola d'ordine dell'utente cambiata"/>
		<phrase i="303" t="Codice dell'Ammin. cambiato." t.VVX_1500="Parola d'ordine dell'amministr. cambiata"/>
		<phrase i="304" t="Spiacente, siete pregato di provare di nuovo."/>
		<phrase i="305" t="Vecchia parola d'ordine"/>
		<phrase i="306" t="Nuova parola d'ordine"/>
		<phrase i="307" t="Conferma la parola d'ordine"/>
		<phrase i="308" t="Password troppo corta." t.VVX_1500="Password troppo corta."/>
		<phrase i="309" t="Pag. Prec." t.VVX_1500="Pagina precedente"/>
		<phrase i="310" t="ASCII"/>
		<phrase i="311" t="Latino"/>
		<phrase i="312" t="Cirillico"/>
		<phrase i="313" t="Unicode"/>
		<phrase i="314" t="La lunghezza minima è"/>
		<phrase i="315" t="1/A/a"/>
		<phrase i="316" t="Risorse della chiamata non disponibili."/>
		<phrase i="317" t="Codificare" t.IP_330="Codifica"/>
		<phrase i="318" t="Velocità LAN"/>
		<phrase i="319" t="Velocità PC"/>
		<phrase i="320" t="Sconosciuto "/>
		<phrase i="321" t="Reset per Assestamenti Flash."/>
		<phrase i="322" t="Modo LAN "/>
		<phrase i="323" t="Modo PC "/>
		<phrase i="324" t="SNTP"/>
		<phrase i="325" t="GMT"/>
		<phrase i="326" t="Orario legale"/>
		<phrase i="327" t="Acceso"/>
		<phrase i="328" t="Spento"/>
		<phrase i="329" t="Carico CPU"/>
		<phrase i="330" t="Più veloce"/>
		<phrase i="331" t="Più lento"/>
		<phrase i="332" t="Caricamento"/>
		<phrase i="333" t="Intervallo"/>
		<phrase i="334" t="La lista è troppo lunga."/>
		<phrase i="335" t="Tipo di campo inesistente."/>
		<phrase i="336" t="Fine della lista."/>
		<phrase i="337" t="Questo contatto è stato cancellato."/>
		<phrase i="338" t="La linea è in uso in luogo remoto"/>
		<phrase i="339" t="Carico del Network"/>
		<phrase i="340" t="Byte al secondo"/>
		<phrase i="341" t="Packet al secondo"/>
		<phrase i="342" t="Utilizzazione DSP"/>
		<phrase i="343" t="Utilizzazione CPU"/>
		<phrase i="344" t="Modo"/>
		<phrase i="345" t="Diagnostica"/>
		<phrase i="346" t="Diagnostica audio"/>
		<phrase i="347" t="Diagnostica tastiera"/>
		<phrase i="348" t="Diagnostica del visualizzatore" t.VVX_1500="Diagnostica display"/>
		<phrase i="349" t="Altoparlante"/>
		<phrase i="350" t="Microtelefono"/>
		<phrase i="351" t="Approvato"/>
		<phrase i="352" t="Non approvato"/>
		<phrase i="353" t="Test completo"/>
		<phrase i="354" t="Per uscire: premere due volte il tasto."/>
		<phrase i="355" t="Per verificare la funzione premere il tasto" t.VVX_1500="Verifica: premere un tasto"/>
		<phrase i="356" t="Registra"/>
		<phrase i="357" t="Stop"/>
		<phrase i="358" t="Tasto non valido"/>
		<phrase i="359" t="Gancio commutatore"/>
		<phrase i="360" t="Stop"/>
		<phrase i="361" t="In funzione"/>
		<phrase i="362" t="Registrazione"/>
		<phrase i="363" t="Doppio indirizzo IP"/>
		<phrase i="364" t="Ricaricare"/>
		<phrase i="365" t="Riportato da"/>
		<phrase i="366" t="dom"/>
		<phrase i="367" t="lun"/>
		<phrase i="368" t="mar"/>
		<phrase i="369" t="mer"/>
		<phrase i="370" t="gio"/>
		<phrase i="371" t="ven"/>
		<phrase i="372" t="sab"/>
		<phrase i="373" t="gen"/>
		<phrase i="374" t="feb"/>
		<phrase i="375" t="mar"/>
		<phrase i="376" t="apr"/>
		<phrase i="377" t="mag"/>
		<phrase i="378" t="giu"/>
		<phrase i="379" t="lug"/>
		<phrase i="380" t="ago"/>
		<phrase i="381" t="set"/>
		<phrase i="382" t="ott"/>
		<phrase i="383" t="nov"/>
		<phrase i="384" t="dic"/>
		<phrase i="385" t="Uso memoria"/>
		<phrase i="386" t="Chiamata attiva"/>
		<phrase i="387" t="Non disturbare"/>
		<phrase i="388" t="Server non disponibile"/>
		<phrase i="389" t="Sistemazione orologio"/>
		<phrase i="390" t="Data sopra l'ora"/>
		<phrase i="391" t="Ora sopra la data"/>
		<phrase i="392" t="Data prima dell'ora"/>
		<phrase i="393" t="Ora prima della data"/>
		<phrase i="394" t="Alfabeto Katakana"/>
		<phrase i="395" t="Toni progressivi della chiamata"/>
		<phrase i="396" t="Non dist."/>
		<phrase i="397" t="In/Out" t.IP_330="In/Out"/>
		<phrase i="398" t="Disp." t.IP_330="Dispon."/>
		<phrase i="399" t="Cambio"/>
		<phrase i="400" t="1-&gt;Aa"/>
		<phrase i="401" t="A-&gt;a1"/>
		<phrase i="402" t="a-&gt;1A"/>
		<phrase i="403" t="Visualizza nome" t.IP_330="Visual. nome"/>
		<phrase i="404" t="Linee"/>
		<phrase i="405" t="Etichetta"/>
		<phrase i="406" t="Inizia registrazione tastiera"/>
		<phrase i="407" t="Chiamata URL disattivata" t.IP_330="Chiamata URL disattivata"/>
		<phrase i="408" t="Sollevare il ricevitore"/>
		<phrase i="409" t="Modalità ascolto"/>
		<phrase i="410" t="Attesa"/>
		<phrase i="411" t="Recupera" t.VVX_1500="Recupera"/>
		<phrase i="412" t="Gruppo"/>
		<phrase i="413" t="Selezionato" t.VVX_1500="Selezionato"/>
		<phrase i="414" t="Home"/>
		<phrase i="415" t="Ripristino"/>
		<phrase i="416" t="Ripetizione ultima chiamata"/>
		<phrase i="417" t="RUC"/>
		<phrase i="418" t="Caratteristiche"/>
		<phrase i="419" t="Inoltro cieco"/>
		<phrase i="420" t="Auricolare"/>
		<phrase i="421" t="Disponibilità agente ACD"/>
		<phrase i="422" t="Entra/Esci ACD"/>
		<phrase i="423" t="Entra"/>
		<phrase i="424" t="Esci"/>
		<phrase i="425" t="Disponibile"/>
		<phrase i="426" t="Non disponibile"/>
		<phrase i="427" t="ID utente"/>
		<phrase i="428" t="Password"/>
		<phrase i="429" t="Risponditore"/>
		<phrase i="430" t="Inoltro cieco a"/>
		<phrase i="431" t="Disp." t.VVX_1500="Disponibile"/>
		<phrase i="432" t="Non disp." t.VVX_1500="Non disponibile"/>
		<phrase i="433" t="Configurazione SIP"/>
		<phrase i="434" t="Indirizzo"/>
		<phrase i="435" t="Tipo di linea"/>
		<phrase i="436" t="Nome terza persona"/>
		<phrase i="437" t="Privato"/>
		<phrase i="438" t="Condiviso"/>
		<phrase i="439" t="Porta"/>
		<phrase i="440" t="Trasporto"/>
		<phrase i="441" t="Registra"/>
		<phrase i="442" t="Proxy uscita" t.VVX_1500="Proxy in uscita SIP"/>
		<phrase i="443" t="Porta uscita" t.VVX_1500="Porta in uscita SIP"/>
		<phrase i="444" t="Attesa RFC2543" t.IP_330="Attesa RFC2543"/>
		<phrase i="445" t="Sì"/>
		<phrase i="446" t="No"/>
		<phrase i="447" t="Solo UDP"/>
		<phrase i="448" t="Preferenza TCP"/>
		<phrase i="449" t="Naptr"/>
		<phrase i="450" t="Autorizzazione ID utente" t.VVX_1500="ID utente autenticazione"/>
		<phrase i="451" t="Autorizzazione password" t.VVX_1500="Password autenticazione"/>
		<phrase i="452" t="Azzera telefono"/>
		<phrase i="453" t="Sei sicuro?"/>
		<phrase i="454" t="Rilevamento LAN virtuale" t.IP_330="Rilevam.VLAN"/>
		<phrase i="455" t="Fisso"/>
		<phrase i="456" t="Opz. ID LAN virtuale" t.VVX_1500="Opzione ID VLAN"/>
		<phrase i="457" t="Seleziona"/>
		<phrase i="458" t="Azzera chiave di sicurezza locale"/>
		<phrase i="459" t="Seleziona messaggio"/>
		<phrase i="460" t="Protocollo HTTP"/>
		<phrase i="461" t="Protocollo HTTPS"/>
		<phrase i="462" t="Protocollo FTPS"/>
		<phrase i="463" t="Installa certificato personalizzato CA" t.VVX_1500="Installa certificato personalizzato CA"/>
		<phrase i="464" t="Scarica certificato personalizzato CA" t.VVX_1500="Scarica certificato personalizzato CA"/>
		<phrase i="465" t="Accetta"/>
		<phrase i="466" t="Configura certificati CA" t.VVX_1500="Configura certificati CA"/>
		<phrase i="467" t="Impronte digitali MD5"/>
		<phrase i="468" t="Personalizza certificato"/>
		<phrase i="469" t="Lista cert. predeterminata" t.VVX_1500="Lista certificati predeterminata"/>
		<phrase i="470" t="Tutti i certificati"/>
		<phrase i="471" t="Metodo Prov." t.VVX_1500="Metodo provisioning"/>
		<phrase i="472" t="Stringa Prov." t.VVX_1500="Stringa provisioning"/>
		<phrase i="473" t="Predeterminato"/>
		<phrase i="474" t="SAS-VP"/>
		<phrase i="475" t="Scaricamento non riuscito"/>
		<phrase i="476" t="Server"/>
		<phrase i="477" t="Applicazione"/>
		<phrase i="478" t="Statistica pacchetto"/>
		<phrase i="479" t="Preferenze regionali"/>
		<phrase i="480" t="Impostazioni dell'utente"/>
		<phrase i="481" t="Impostazioni dell'amministratore" t.VVX_1500="Impostazioni di amministrazione"/>
		<phrase i="482" t="Sistema formato file"/>
		<phrase i="483" t="Parametri TCP/IP"/>
		<phrase i="484" t="Piattaforma"/>
		<phrase i="485" t="Rete"/>
		<phrase i="486" t="Telefono"/>
		<phrase i="487" t="Principale"/>
		<phrase i="488" t="Componenti"/>
		<phrase i="489" t="Diritti d'autore"/>
		<phrase i="490" t="Configurazione"/>
		<phrase i="491" t="Ethernet"/>
		<phrase i="492" t="Configurazione di base"/>
		<phrase i="493" t="Superiore"/>
		<phrase i="494" t="Preferenze"/>
		<phrase i="495" t="Effetti sonori"/>
		<phrase i="496" t="Sicurezza SSL"/>
		<phrase i="497" t="Ripristina su valori predefiniti"/>
		<phrase i="498" t="Ripristina configurazione locale" t.IP_330="Ripr.config.locale" t.VVX_1500="Ripristina configurazione locale"/>
		<phrase i="499" t="Ripristina impostazioni del dispositivo" t.IP_330="Ripr.impost.disp."/>
		<phrase i="500" t="Completo"/>
		<phrase i="501" t="Verifica hardware"/>
		<phrase i="502" t="Grafici"/>
		<phrase i="503" t="Certificati CA"/>
		<phrase i="504" t="Ora e data"/>
		<phrase i="505" t="TFTP"/>
		<phrase i="506" t="Non valido"/>
		<phrase i="507" t="Chiamate per linea chiave" t.IP_330="Ch./lin.chiave"/>
		<phrase i="508" t="Numero di linee chiave" t.IP_330="N.linee chiave"/>
		<phrase i="509" t="Ricevitore a banda larga"/>
		<phrase i="510" t="TLS"/>
		<phrase i="511" t="Aggiungi collega"/>
		<phrase i="512" t="Tentativi di trasferimento file"/>
		<phrase i="513" t="Attesa prima di riprovare"/>
		<phrase i="514" t="Consenti"/>
		<phrase i="515" t="Privacy"/>
		<phrase i="516" t="Elenco privacy"/>
		<phrase i="517" t="Buddy Privacy"/>
		<phrase i="518" t="Aggiungi privacy"/>
		<phrase i="519" t="Modifica privacy"/>
		<phrase i="520" t="Accesso"/>
		<phrase i="521" t="Alimentazione EM"/>
		<phrase i="522" t="Certificato salvato."/>
		<phrase i="523" t="Impossibile salvare certificato."/>
		<phrase i="524" t="Elabor. richiesta"/>
		<phrase i="525" t="&gt;&gt;"/>
		<phrase i="526" t="Mod. CLink"/>
		<phrase i="527" t="Client"/>
		<phrase i="528" t="Menu Ethernet"/>
		<phrase i="529" t="Mod porta LAN"/>
		<phrase i="530" t="Mod porta PC"/>
		<phrase i="531" t="Auto"/>
		<phrase i="532" t="10HD"/>
		<phrase i="533" t="10FD"/>
		<phrase i="534" t="100HD"/>
		<phrase i="535" t="100FD"/>
		<phrase i="536" t="Video"/>
		<phrase i="537" t="Telefono"/>
		<phrase i="538" t="Mod. sgancio"/>
		<phrase i="539" t="Agg video"/>
		<phrase i="540" t="Selezionare"/>
		<phrase i="541" t="Intensità compens."/>
		<phrase i="542" t="Spento"/>
		<phrase i="543" t="Bas"/>
		<phrase i="544" t="Media"/>
		<phrase i="545" t="Alta"/>
		<phrase i="546" t="Chiamate/linea"/>
		<phrase i="547" t="Vol. altop."/>
		<phrase i="548" t="Vol. soneria"/>
		<phrase i="549" t="Gestire"/>
		<phrase i="550" t="Gestisci confer."/>
		<phrase i="551" t="Mute"/>
		<phrase i="552" t="No Mute"/>
		<phrase i="553" t="Elim."/>
		<phrase i="554" t="Flusso media"/>
		<phrase i="555" t="Info partecip."/>
		<phrase i="556" t="Int. compens. attivata"/>
		<phrase i="557" t="Int. compens. inattiv."/>
		<phrase i="558" t="Mod 2,5 mm"/>
		<phrase i="559" t="Quals. (pred)"/>
		<phrase i="560" t="Cellulare"/>
		<phrase i="561" t="Collegamento dati PC"/>
		<phrase i="562" t="Chiam video"/>
		<phrase i="563" t="Chiamate"/>
		<phrase i="564" t="Solo SIP"/>
		<phrase i="565" t="Solo POTS"/>
		<phrase i="566" t="Auto (pref. chiamata HDX)" t.VVX_1500="Auto (preferenza chiamata HDX)"/>
		<phrase i="567" t="Ord./tipo chiam"/>
		<phrase i="568" t="Conten"/>
		<phrase i="569" t="Chiamanti"/>
		<phrase i="570" t="Rub"/>
		<phrase i="571" t="Ignora"/>
		<phrase i="572" t="Chiam di:"/>
		<phrase i="573" t="Volume"/>
		<phrase i="574" t="Soneria"/>
		<phrase i="575" t="Altop."/>
		<phrase i="576" t="Norm."/>
		<phrase i="577" t="&lt;Nuovo&gt;"/>
		<phrase i="578" t="Salva Rubrica"/>
		<phrase i="579" t="Conferma"/>
		<phrase i="580" t="Servizio non disp." t.IP_330="Serv. non disp."/>
		<phrase i="581" t="ND" t.VVX_1500="Non Disturbare"/>
		<phrase i="582" t="Connessione a"/>
		<phrase i="583" t="Chiam in arr:"/>
		<phrase i="584" t="Stato DSP"/>
		<phrase i="585" t="Unità0"/>
		<phrase i="586" t="Unità1"/>
		<phrase i="587" t="Unità2"/>
		<phrase i="588" t="Msg" t.VVX_1500="Messaggi"/>
		<phrase i="589" t="Agg. tel."/>
		<phrase i="590" t="Immetti più num."/>
		<phrase i="591" t="Indirizzo incompl."/>
		<phrase i="592" t="Stato server"/>
		<phrase i="593" t="Registraz."/>
		<phrase i="594" t="Annull. registraz."/>
		<phrase i="595" t="Non reg. mai"/>
		<phrase i="596" t="Elimina voce Rubrica"/>
		<phrase i="597" t="Aggiungi a conf."/>
		<phrase i="598" t="Chiam o chiam video?"/>
		<phrase i="599" t="Voce non trov"/>
		<phrase i="600" t="Per cognome"/>
		<phrase i="601" t="Per nome"/>
		<phrase i="602" t="Rete"/>
		<phrase i="603" t="Conn rem"/>
		<phrase i="604" t="Cavo/DSL"/>
		<phrase i="605" t="LAN"/>
		<phrase i="606" t="Conferenza in corso."/>
		<phrase i="607" t="Impossibile"/>
		<phrase i="608" t="Menu Syslog"/>
		<phrase i="609" t="Modulo"/>
		<phrase i="610" t="Liv rendering" t.IP_330="Liv.rendering"/>
		<phrase i="611" t="UDP"/>
		<phrase i="612" t="TCP"/>
		<phrase i="613" t="Nessuno"/>
		<phrase i="614" t="Imm. password"/>
		<phrase i="615" t="Eq. alti"/>
		<phrase i="616" t="Eq. bassi"/>
		<phrase i="617" t="Ingr audio aus"/>
		<phrase i="618" t="Usc audio aus"/>
		<phrase i="619" t="Contr. autom. guadagno"/>
		<phrase i="620" t="Soppress. rumore"/>
		<phrase i="621" t="URL"/>
		<phrase i="622" t="Solo invio"/>
		<phrase i="623" t="Invio/ric."/>
		<phrase i="624" t="Solo ricez."/>
		<phrase i="625" t="Inattivo"/>
		<phrase i="626" t="Solo TCP"/>
		<phrase i="627" t="Mic wireless"/>
		<phrase i="628" t="Altro ingr."/>
		<phrase i="629" t="Uscita reg"/>
		<phrase i="630" t="Altoparlante est"/>
		<phrase i="631" t="Alti e bassi"/>
		<phrase i="632" t="Audio aus"/>
		<phrase i="633" t="Trasdut. locali"/>
		<phrase i="634" t="Audio"/>
		<phrase i="635" t="Selez. trasduttori locali"/>
		<phrase i="636" t="Microfono"/>
		<phrase i="637" t="Altop."/>
		<phrase i="638" t="Conferenza"/>
		<phrase i="639" t="Prima MAC" t.IP_330="Prima MAC"/>
		<phrase i="640" t="Vol. altop."/>
		<phrase i="641" t="Volume cuffie"/>
		<phrase i="642" t="Volume ricevitore"/>
		<phrase i="643" t="Accettazione chiamata"/>
		<phrase i="644" t="Accettazione indirizzata"/>
		<phrase i="645" t="Accettazione gruppo"/>
		<phrase i="646" t="Per uscire dal test premere un tasto qualsiasi"/>
		<phrase i="647" t="Test interrotto"/>
		<phrase i="648" t="Tag SN a UA" t.IP_330="Tag SN"/>
		<phrase i="649" t="1000HD"/>
		<phrase i="650" t="1000FD"/>
		<phrase i="651" t="Diagnostica di rete"/>
		<phrase i="652" t="Diagnostica porta LAN"/>
		<phrase i="653" t="Diagnostica porta PC"/>
		<phrase i="654" t="Diagnostica Ethernet Gigabit"/>
		<phrase i="655" t="Modalità normale"/>
		<phrase i="656" t="Forma d'onda di trasmissione"/>
		<phrase i="657" t="Instabilità tx principale"/>
		<phrase i="658" t="Instabilità tx secondaria"/>
		<phrase i="659" t="Distorsione di trasmissione"/>
		<phrase i="660" t="Indicazione microfono attivo"/>
		<phrase i="661" t="Audio mobile disabilitato"/>
		<phrase i="662" t="Audio mobile abilitato"/>
		<phrase i="663" t="Chiamata audio"/>
		<phrase i="664" t="Chiamata video"/>
		<phrase i="665" t="Chiamata audio/video"/>
		<phrase i="666" t="Qualsiasi chiamata"/>
		<phrase i="667" t="Selezione tipo di inoltro" t.IP_330="Inoltro"/>
		<phrase i="668" t="Sempre"/>
		<phrase i="669" t="Nessuna risposta"/>
		<phrase i="670" t="Inoltro dopo squillo"/>
		<phrase i="671" t="Inoltro chiamata in caso di mancata risposta." t.IP_330="No risposta"/>
		<phrase i="672" t="Inoltro chiamata in caso di linea occupata" t.IP_330="Occupato"/>
		<phrase i="673" t="Inoltro chiamata in qualsiasi caso" t.IP_330="Sempre"/>
		<phrase i="674" t="Filtraggio VLAN"/>
		<phrase i="675" t="Filtraggio Storm"/>
		<phrase i="676" t="Contenuto Web SIP"/>
		<phrase i="677" t="Passivo"/>
		<phrase i="678" t="Errore collegamento a margherita:"/>
		<phrase i="679" t="Cavi Ethernet multipli"/>
		<phrase i="680" t="Connettere un solo cavo Ethernet"/>
		<phrase i="681" t="Conflitto di versione"/>
		<phrase i="682" t="Contattare l'amministratore di sistema."/>
		<phrase i="683" t="Visualizza contatto"/>
		<phrase i="684" t="Visualizza"/>
		<phrase i="685" t="Intensità massima"/>
		<phrase i="686" t="Impostazioni automazione test"/>
		<phrase i="687" t="Immissione dati automazione test" t.IP_330="Dati autom.test"/>
		<phrase i="688" t="Automazione test attivata"/>
		<phrase i="689" t="Automazione test disattivata"/>
		<phrase i="690" t="Supporto di archiviazione collegato"/>
		<phrase i="691" t="Supporto di archiviazione rimosso"/>
		<phrase i="692" t="Supporto di archiviazione rimovibile"/>
		<phrase i="693" t="Sfoglia registrazioni"/>
		<phrase i="694" t="Proprietà supporto di archiviazione"/>
		<phrase i="695" t="Totale"/>
		<phrase i="696" t="Utilizzato"/>
		<phrase i="697" t="Libero"/>
		<phrase i="698" t="Nessun supporto archiviazione collegato."/>
		<phrase i="699" t="Nessuna chiamata attiva presente."/>
		<phrase i="700" t="Riproduci ultima chiamata registrata"/>
		<phrase i="701" t="Avvia"/>
		<phrase i="702" t="Pausa"/>
		<phrase i="703" t="Rinomina"/>
		<phrase i="704" t="Eliminati"/>
		<phrase i="705" t="Info file" t.VVX_1500="Informazioni file"/>
		<phrase i="706" t="Nessun file WAV trovato."/>
		<phrase i="707" t="Nome file USB"/>
		<phrase i="708" t="Rinomina file"/>
		<phrase i="709" t="Il nome file non può essere vuoto"/>
		<phrase i="710" t="File già esistente"/>
		<phrase i="711" t="Salva con nome"/>
		<phrase i="712" t="Caratteri speciali non consentiti"/>
		<phrase i="713" t="Impossibile avviare registrazione."/>
		<phrase i="714" t="Risorsa non disponibile."/>
		<phrase i="715" t="Riproduci di nuovo"/>
		<phrase i="716" t="Supporto di archiviazione pieno."/>
		<phrase i="717" t="Registrazione annullata."/>
		<phrase i="718" t="Registrazione arrestata."/>
		<phrase i="719" t="Disattiva audio estremità remota"/>
		<phrase i="720" t="Apri"/>
		<phrase i="721" t="Supporto archiv. rimosso in modo errato"/>
		<phrase i="722" t="In pausa"/>
		<phrase i="723" t="Terminata"/>
		<phrase i="724" t="*R*" t.VVX_1500="R"/>
		<phrase i="725" t="*P*" t.VVX_1500="P"/>
		<phrase i="726" t="h"/>
		<phrase i="727" t="min"/>
		<phrase i="728" t="sec"/>
		<phrase i="729" t="Piena"/>
		<phrase i="730" t="Rubrica Aziendale" t.IP_330="Rub.Azien."/>
		<phrase i="731" t="Rubrica Aziendale"/>
		<phrase i="732" t="Server Rubrica non inizializzato"/>
		<phrase i="733" t="Stato rubrica aziendale" t.IP_330="Stato RA"/>
		<phrase i="734" t="Conserva risultati ricerca"/>
		<phrase i="735" t="Modalità viva voce disattivata" t.IP_330="Viva voce disatt."/>
		<phrase i="736" t="Impostazioni telefono"/>
		<phrase i="737" t="Modalità viva voce"/>
		<phrase i="738" t="Collegato disposit. USB non supportato."/>
		<phrase i="739" t="Rimosso disposit. USB non supportato."/>
		<phrase i="740" t="Cuffie collegate."/>
		<phrase i="741" t="Cuffie rimosse."/>
		<phrase i="742" t="Cuffie"/>
		<phrase i="743" t="Impostazioni cuffie"/>
		<phrase i="744" t="Modalità cuffie analogiche"/>
		<phrase i="745" t="Cuffie analogiche"/>
		<phrase i="746" t="Modalità regolare"/>
		<phrase i="747" t="Modalità Jabra"/>
		<phrase i="748" t="Formato file WAV non supportato"/>
		<phrase i="749" t="Interrompi chiamata" t.IP_330="Interr.ch."/>
		<phrase i="750" t="Registrazione in corso"/>
		<phrase i="751" t="Azione interrotta"/>
		<phrase i="752" t="Filtraggio eseguito" t.IP_330="Filtr."/>
		<phrase i="753" t="Riproduzione annullata."/>
		<phrase i="754" t="File in uso"/>
		<phrase i="755" t="Sfondo"/>
		<phrase i="756" t="Anteprima"/>
		<phrase i="757" t="Sfondo predefinito 1"/>
		<phrase i="758" t="Dispositivo non pronto. Riprovare."/>
		<phrase i="759" t="Sfondo predefinito 2"/>
		<phrase i="760" t="Sfondo predefinito 3"/>
		<phrase i="761" t="Sfondo predefinito 4"/>
		<phrase i="762" t="Impossibile trovare il file" t.VVX_1500="Immag. sfondo selezionata non disponib."/>
		<phrase i="763" t="Aumenta luminosità"/>
		<phrase i="764" t="Riduci luminosità"/>
		<phrase i="765" t="Operazione non consentita"/>
		<phrase i="766" t="Eliminazione in corso"/>
		<phrase i="767" t="Memoria insufficiente per continuare."/>
		<phrase i="768" t="Tempo di registrazione disponibile"/>
		<phrase i="769" t="ID dispositivo"/>
		<phrase i="770" t="Server Rubrica non risponde" t.IP_330="Server RA non risp."/>
		<phrase i="771" t="Ricerca in corso..."/>
		<phrase i="772" t="Colore etichetta"/>
		<phrase i="773" t="Etichetta"/>
		<phrase i="774" t="Reimposta"/>
		<phrase i="775" t="Annulla"/>
		<phrase i="776" t="Nessuna voce trovata." t.IP_330="Nessuna voce"/>
		<phrase i="777" t="Verifica dispositivo USB." t.IP_330="Ver. dis. USB"/>
		<phrase i="778" t="Attendere fino a un minuto..."/>
		<phrase i="779" t="Impossibile salvare il colore."/>
		<phrase i="780" t="Il testo potrebbe non essere leggibile."/>
		<phrase i="781" t="Riavvio telefono in corso"/>
		<phrase i="782" t="Riavvia telefono"/>
		<phrase i="783" t="Sfondo predefinito 5"/>
		<phrase i="784" t="Indice Speed Dial non valido." t.IP_330="Ind. speed dial non val."/>
		<phrase i="785" t="Avvia video"/>
		<phrase i="786" t="Arresta video"/>
		<phrase i="787" t="Schermo intero"/>
		<phrase i="788" t="PIP"/>
		<phrase i="789" t="Recupera"/>
		<phrase i="790" t="Vol. su"/>
		<phrase i="791" t="Vol. giù"/>
		<phrase i="792" t="Valore di contatto richiesto." t.VVX_1500="Deve essere presente un valore di contatto."/>
		<phrase i="793" t="Valore di contatto duplicato." t.VVX_1500="Il valore di contatto esiste già."/>
		<phrase i="794" t="Inserire un nome"/>
		<phrase i="795" t="Scambia"/>
		<phrase i="796" t="Modalità Plantronics"/>
		<phrase i="797" t="Num. abbreviata duplicata." t.VVX_1500="L'indice num.abbreviata esiste già."/>
		<phrase i="798" t="Telecamera locale"/>
		<phrase i="799" t="Chiamate connesse"/>
		<phrase i="800" t="Cornice immagine"/>
		<phrase i="801" t="Impostazioni telecamera"/>
		<phrase i="802" t="ABC"/>
		<phrase i="803" t="123"/>
		<phrase i="804" t="(ABC) Digitare un numero"/>
		<phrase i="805" t="(123) Digitare un numero"/>
		<phrase i="806" t="Config. non valida" t.VVX_1500="Configurazione non valida"/>
		<phrase i="807" t="Errore di accesso"/>
		<phrase i="808" t="Trasferimento"/>
		<phrase i="809" t="Frequenza fotogramma target"/>
		<phrase i="810" t="Livello luminosità"/>
		<phrase i="811" t="Livello saturazione"/>
		<phrase i="812" t="Livello contrasto"/>
		<phrase i="813" t="Livello nitidezza"/>
		<phrase i="814" t="Annullamento tremolio"/>
		<phrase i="815" t="Menu"/>
		<phrase i="816" t="Impostazioni video"/>
		<phrase i="817" t="Trasmissione video avvio autom."/>
		<phrase i="818" t="Modalità schermo video (finestra)"/>
		<phrase i="819" t="Master"/>
		<phrase i="820" t="Slave"/>
		<phrase i="821" t="Clock 1000BT LAN"/>
		<phrase i="822" t="Clock 1000BT PC"/>
		<phrase i="823" t="Tipo di chiamata"/>
		<phrase i="824" t="Audio"/>
		<phrase i="825" t="Video"/>
		<phrase i="826" t="SIP telefono conferenze"/>
		<phrase i="827" t="Preferenza HDX"/>
		<phrase i="828" t="Tipo di chiamata vocale"/>
		<phrase i="829" t="Annullamento eco"/>
		<phrase i="830" t="Modalità annullamento eco"/>
		<phrase i="831" t="Accedere a"/>
		<phrase i="832" t="Modalità schermo video (schermo intero)"/>
		<phrase i="833" t="Cornice immagine"/>
		<phrase i="834" t="Salvaschermo"/>
		<phrase i="835" t="Cartella"/>
		<phrase i="836" t="Durata per immagine (sec)"/>
		<phrase i="837" t="Tempo di attesa (min)"/>
		<phrase i="838" t="Tipo di salvaschermo"/>
		<phrase i="839" t="Nessuna immagine trovata."/>
		<phrase i="840" t="Immagine di sfondo cambiata."/>
		<phrase i="841" t="Trasmiss./ricez. video"/>
		<phrase i="842" t="Trasmiss./ricez. audio"/>
		<phrase i="843" t="Codec media"/>
		<phrase i="844" t="Formato video trasmiss./ricez."/>
		<phrase i="845" t="Freq. fotogr. video tr./ricez."/>
		<phrase i="846" t="Vel. bit video tr./ric. (kbps)"/>
		<phrase i="847" t="Aggiorna richieste trasm./ric."/>
		<phrase i="848" t="Pacchetti media"/>
		<phrase i="849" t="Hub USB collegato."/>
		<phrase i="850" t="Hub USB rimosso."/>
		<phrase i="851" t="Mouse USB collegato."/>
		<phrase i="852" t="Mouse USB rimosso."/>
		<phrase i="853" t="Tastiera USB collegata."/>
		<phrase i="854" t="Tastiera USB rimossa."/>
		<phrase i="855" t="Compatibile con video"/>
		<phrase i="856" t="Video attivo"/>
		<phrase i="857" t="Statistiche video"/>
		<phrase i="858" t="Statistiche audio"/>
		<phrase i="859" t="Pulizia schermo"/>
		<phrase i="860" t="Schermo tattile disattivato."/>
		<phrase i="861" t="Premere qualsiasi tasto per uscire."/>
		<phrase i="862" t="File locale"/>
		<phrase i="863" t="Pannello di avvio applicazioni"/>
		<phrase i="864" t="Codec trasmiss. audio"/>
		<phrase i="865" t="Codec ricez. audio"/>
		<phrase i="866" t="Codec trasmiss. video"/>
		<phrase i="867" t="Codec ricez. video"/>
		<phrase i="868" t="Schermo nero"/>
		<phrase i="869" t="Schermo intero video autom."/>
		<phrase i="870" t="Seleziona video"/>
		<phrase i="871" t="Config. rapida" t.VVX_1500="Configurazione rapida"/>
		<phrase i="872" t="Configurazione rapida"/>
		<phrase i="873" t="Formato file sfondo non supportato."/>
		<phrase i="874" t="Rimuovere il telefono dalla rete prima"/>
		<phrase i="875" t="di eseguire la diagnostica Ethernet."/>
		<phrase i="876" t="Premere [0-4] per i test di rete."/>
		<phrase i="877" t="Modalità: Modalità normale"/>
		<phrase i="878" t="Modalità non supportata."/>
		<phrase i="879" t="Uscita ausiliaria attiva."/>
		<phrase i="880" t="Uscita ausiliaria non attiva."/>
		<phrase i="881" t="ACD"/>
		<phrase i="882" t="Accedi"/>
		<phrase i="883" t="Esci"/>
		<phrase i="884" t="Accesso ag." t.IP_330="Acc.ag."/>
		<phrase i="885" t="Uscita ag." t.IP_330="Usc.ag."/>
		<phrase i="886" t="Accesso/uscita ACD"/>
		<phrase i="887" t="Stato agente ACD"/>
		<phrase i="888" t="Stato ACD iniziale"/>
		<phrase i="889" t="Accesso agente"/>
		<phrase i="890" t="Uscita agente"/>
		<phrase i="891" t="Wrap-up"/>
		<phrase i="892" t="Stato agente"/>
		<phrase i="893" t="Nessun server configurato."/>
		<phrase i="894" t="Jitter pacchetti (ms)"/>
		<phrase i="895" t="Jitter massimo (ms)"/>
		<phrase i="896" t="Interno HDX"/>
		<phrase i="897" t="Inserire num. interno HDX:"/>
		<phrase i="898" t="50 Hz"/>
		<phrase i="899" t="60 Hz"/>
		<phrase i="900" t="Seleziona ambiente"/>
		<phrase i="901" t="Impostazioni chiamate video"/>
		<phrase i="902" t="Modalità schermo video"/>
		<phrase i="903" t="Vista telecamera locale"/>
		<phrase i="904" t="Vista telecamera locale (normale)"/>
		<phrase i="905" t="Vista telecamera locale (schermo intero)"/>
		<phrase i="906" t="Modo vista telecam. locale (sch. intero)"/>
		<phrase i="907" t="Ritaglia"/>
		<phrase i="908" t="Affiancato"/>
		<phrase i="909" t="Video att.solo con\n1 part.alla volta."/>
		<phrase i="910" t="Risparmio energetico"/>
		<phrase i="911" t="Timeout"/>
		<phrase i="912" t="Orario d'ufficio"/>
		<phrase i="913" t="Rilevamento utente"/>
		<phrase i="914" t="Ora di inizio"/>
		<phrase i="915" t="Timeout inattività orario d'ufficio"/>
		<phrase i="916" t="Timeout inattiv. fuori orario d'ufficio"/>
		<phrase i="917" t="Timeout inattività input utente"/>
		<phrase i="918" t="Sensibilità orario d'ufficio"/>
		<phrase i="919" t="Sensibilità fuori orario d'ufficio"/>
		<phrase i="920" t="Modalità fuori orario d'ufficio"/>
		<phrase i="921" t="Inserire altri caratteri..." t.IP_330="Ins.altri car." t.VVX_1500="Troppi risultati ricevuti. Inserire altri caratteri."/>
		<phrase i="922" t="Ricerca avanzata"/>
		<phrase i="923" t="Ricerca avanzata"/>
		<phrase i="924" t="Terminare l'intera conferenza?"/>
		<phrase i="925" t=""/>
		<phrase i="926" t=""/>
		<phrase i="927" t=""/>
		<phrase i="928" t=""/>
		<phrase i="929" t=""/>
		<phrase i="930" t=""/>
		<phrase i="931" t=""/>
		<phrase i="932" t=""/>
		<phrase i="933" t=""/>
		<phrase i="934" t=""/>
		<phrase i="935" t=""/>
		<phrase i="936" t=""/>
		<phrase i="937" t=""/>
		<phrase i="938" t="Speakerphone"/>
		<phrase i="939" t=""/>
		<phrase i="940" t=""/>
		<phrase i="941" t=""/>
		<phrase i="942" t=""/>
		<phrase i="943" t=""/>
		<phrase i="944" t=""/>
		<phrase i="945" t=""/>
		<phrase i="946" t=""/>
		<phrase i="947" t=""/>
		<phrase i="948" t=""/>
		<phrase i="949" t=""/>
		<phrase i="950" t=""/>
		<phrase i="951" t=""/>
		<phrase i="952" t=""/>
		<phrase i="953" t=""/>
		<phrase i="954" t=""/>
		<phrase i="955" t=""/>
		<phrase i="956" t=""/>
		<phrase i="957" t=""/>
		<phrase i="958" t=""/>
		<phrase i="959" t="Priorità sfondo"/>
		<phrase i="960" t="Seleziona sfondo"/>
		<phrase i="961" t="Sfondo"/>
		<phrase i="962" t="Configurazione linea"/>
		<phrase i="963" t="Configurazione server SIP" t.VVX_1500="Configurazione server chiamata"/>
		<phrase i="964" t="OAI Alert"/>
		<phrase i="965" t="OAI Call"/>
		<phrase i="966" t="LLDP"/>
		<phrase i="967" t="Info sulla posizione"/>
		<phrase i="968" t="Acquisizione schermo"/>
		<phrase i="969" t="SK1"/>
		<phrase i="970" t="SK2"/>
		<phrase i="971" t="SK3"/>
		<phrase i="972" t="SK4"/>
		<phrase i="973" t="Memoria USB: %s rimasta."/>
		<phrase i="974" t="Installazione eseguita"/>
		<phrase i="975" t="Installazione non eseguita"/>
		<phrase i="976" t="Non valido"/>
		<phrase i="977" t="Accesso linea ACD richiesto."/>
		<phrase i="978" t="Velocità chiamata"/>
		<phrase i="979" t="Seleziona velocità chiamata"/>
		<phrase i="980" t="Vel. ch. video tr./ric. (kbps)"/>
		<phrase i="981" t="Memoria USB: piena."/>
		<phrase i="982" t="Configurazione protocollo"/>
		<phrase i="983" t="Seleziona protocollo"/>
		<phrase i="984" t="Tipo di protocollo"/>
		<phrase i="985" t="SIP"/>
		<phrase i="986" t="H.323"/>
		<phrase i="987" t="SIP + H.323"/>
		<phrase i="988" t="Rilevamento gatekeeper automatico"/>
		<phrase i="989" t="ID utente"/>
		<phrase i="990" t="Tasti linea"/>
		<phrase i="991" t="Server chiamata"/>
		<phrase i="992" t="Elenco server chiamata vuoto"/>
		<phrase i="993" t="Uscita suoneria"/>
		<phrase i="994" t="Registrazione"/>
		<phrase i="995" t="Registrazione sospesa"/>
		<phrase i="996" t="Licenze"/>
		<phrase i="997" t="Nessuna licenza installata"/>
		<phrase i="998" t="Diffie-Hellman Secret Key"/>
		<phrase i="999" t="Collegamento non supportato"/>
		<phrase i="1000" t="Shell sicura"/>
		<phrase i="1001" t="Connessione SSH"/>
		<phrase i="1002" t="Stato SSH"/>
		<phrase i="1003" t="Porta gateway"/>
		<phrase i="1004" t="Connessa"/>
		<phrase i="1005" t="Codice errore"/>
		<phrase i="1006" t="Usa H.323"/>
		<phrase i="1007" t="Usa SIP"/>
		<phrase i="1008" t="Usa Auto"/>
		<phrase i="1009" t="(rounting SIP)"/>
		<phrase i="1010" t="(routing H.323)"/>
		<phrase i="1011" t="(routing automatico)"/>
		<phrase i="1012" t="Selezionare Usa SIP o Usa H.323"/>
		<phrase i="1013" t="Non specificato"/>
		<phrase i="1014" t="Continua Applicazioni"/>
		<phrase i="1015" t="Home Applicazioni"/>
		<phrase i="1016" t="Recording (pausa)"/>
		<phrase i="1017" t="Routing protocolli"/>
		<phrase i="1018" t="Routing manuale protocolli"/>
		<phrase i="1019" t="Controllo pulsanti di scelta"/>
		<phrase i="1020" t="Protocollo preferito"/>
		<phrase i="1021" t="Risposta automatica"/>
		<phrase i="1022" t="Chiamate SIP con risposta automatica"/>
		<phrase i="1023" t="Chiamate H.323 con risposta automatica"/>
		<phrase i="1024" t="Disattiva microfono"/>
		<phrase i="1025" t="Disattiva video"/>
		<phrase i="1026" t="Preferenza routing automatico"/>
		<phrase i="1027" t="Protocollo"/>
		<phrase i="1028" t="Protocollo SIP"/>
		<phrase i="1029" t="Protocollo H.323"/>
		<phrase i="1030" t="Consenti condivisione con "/>
		<phrase i="1031" t="Suoneria udibile"/>
		<phrase i="1032" t="Formato opzione 60"/>
		<phrase i="1033" t="RFC3925 binario"/>
		<phrase i="1034" t="Stringa ASCII"/>
		<phrase i="1035" t=""/>
		<phrase i="1036" t=""/>
		<phrase i="1037" t=""/>
		<phrase i="1038" t=""/>
		<phrase i="1039" t=""/>
		<phrase i="1040" t=""/>
		<phrase i="1041" t=""/>
		<phrase i="1042" t=""/>
		<phrase i="1043" t=""/>
		<phrase i="1044" t=""/>
		<phrase i="1045" t=""/>
		<phrase i="1046" t=""/>
		<phrase i="1047" t=""/>
		<phrase i="1048" t=""/>
		<phrase i="1049" t=""/>
		<phrase i="1050" t=""/>
		<phrase i="1051" t=""/>
		<phrase i="1052" t=""/>
		<phrase i="1053" t=""/>
		<phrase i="1054" t=""/>
		<phrase i="1055" t=""/>
		<phrase i="1056" t=""/>
		<phrase i="1057" t=""/>
		<phrase i="1058" t=""/>
		<phrase i="1059" t=""/>
		<phrase i="1060" t=""/>
		<phrase i="1061" t=""/>
		<phrase i="1062" t=""/>
		<phrase i="1063" t=""/>
		<phrase i="1064" t=""/>
		<phrase i="1065" t=""/>
		<phrase i="1066" t=""/>
		<phrase i="1067" t=""/>
		<phrase i="1068" t=""/>
		<phrase i="1069" t=""/>
		<phrase i="1070" t=""/>
		<phrase i="1071" t=""/>
		<phrase i="1072" t=""/>
		<phrase i="1073" t=""/>
		<phrase i="1074" t=""/>
		<phrase i="1075" t=""/>
		<phrase i="1076" t=""/>
		<phrase i="1077" t=""/>
		<phrase i="1078" t=""/>
		<phrase i="1079" t=""/>
		<phrase i="1080" t=""/>
		<phrase i="1081" t=""/>
		<phrase i="1082" t=""/>
		<phrase i="1083" t=""/>
		<phrase i="1084" t=""/>
		<phrase i="1085" t=""/>
		<phrase i="1086" t=""/>
		<phrase i="1087" t=""/>
		<phrase i="1088" t=""/>
		<phrase i="1089" t=""/>
		<phrase i="1090" t=""/>
		<phrase i="1091" t=""/>
		<phrase i="1092" t=""/>
		<phrase i="1093" t=""/>
		<phrase i="1094" t=""/>
		<phrase i="1095" t=""/>
		<phrase i="1096" t=""/>
		<phrase i="1097" t=""/>
		<phrase i="1098" t=""/>
		<phrase i="1099" t=""/>
		<phrase i="1100" t=""/>
		<phrase i="1101" t=""/>
		<phrase i="1102" t=""/>
		<phrase i="1103" t=""/>
		<phrase i="1104" t=""/>
		<phrase i="1105" t=""/>
		<phrase i="1106" t=""/>
		<phrase i="1107" t=""/>
		<phrase i="1108" t=""/>
		<phrase i="1109" t=""/>
		<phrase i="1110" t=""/>
		<phrase i="1111" t=""/>
		<phrase i="1112" t=""/>
		<phrase i="1113" t=""/>
		<phrase i="1114" t=""/>
		<phrase i="1115" t=""/>
		<phrase i="1116" t=""/>
		<phrase i="1117" t="Salva e riavvia"/>
		<phrase i="1118" t=""/>
		<phrase i="1119" t="2.5 mm Mode"/>
		<phrase i="1120" t="Cell Phone"/>
		<phrase i="1121" t="PC Link"/>
		<phrase i="1122" t="Prompt"/>
		<phrase i="1123" t="Operational Mode"/>
		<phrase i="1124" t="PSTN"/>
		<phrase i="1125" t="Retained Message"/>
		<phrase i="1126" t=""/>
		<phrase i="1127" t="Diagnostica schermo tattile"/>
		<phrase i="1128" t="Premere qualsiasi tasto per uscire."/>
		<phrase i="1129" t="Toccare il display per eseguire test."/>
		<phrase i="1130" t="Rubrica CMA"/>
		<phrase i="1131" t="Gruppi"/>
		<phrase i="1132" t="Aggiungi contatto"/>
		<phrase i="1133" t="Menu CMA"/>
		<phrase i="1134" t="Modalità CMA"/>
		<phrase i="1135" t="Server CMA"/>
		<phrase i="1136" t="Credenziali di accesso"/>
		<phrase i="1137" t="Utente"/>
		<phrase i="1138" t="Fine validità"/>
		<phrase i="1139" t="Dati scaduti"/>
		<phrase i="1140" t="Ripristina configurazione Web" t.IP_330="Ripris.conf.Web"/>
		<phrase i="1141" t="TR-069 Enable"/>
		<phrase i="1142" t="TR-069 URL"/>
		<phrase i="1143" t="TR-069 SSL"/>
		<phrase i="1144" t="TR-069 Inform Interval"/>
		<phrase i="1145" t="TR-069 Username"/>
		<phrase i="1146" t="TR-069 Password"/>
		<phrase i="1147" t="Blocca telefono"/>
		<phrase i="1148" t="Blocca"/>
		<phrase i="1149" t="Sblocca"/>
		<phrase i="1150" t="Il telefono è bloccato."/>
		<phrase i="1151" t="Solo chiamate autorizzate."/>
		<phrase i="1152" t="ND con telefono bloccato"/>
		<phrase i="1153" t="Consenti suoneria con telefono bloccato"/>
		<phrase i="1154" t="Sbloccare il telefono?"/>
		<phrase i="1155" t="Rispondere alla chiamata?"/>
		<phrase i="1156" t="Effettua chiamata autorizzata"/>
		<phrase i="1157" t="Numero non autorizzato"/>
		<phrase i="1158" t="Numero di telefono"/>
		<phrase i="1159" t="Indirizzo SIP"/>
		<phrase i="1160" t="Shutdown initiated"/>
		<phrase i="1161" t="On-hook Dialing"/>
		<phrase i="1162" t="Off-hook Dialing"/>
		<phrase i="1163" t="Modalità audio"/>
		<phrase i="1164" t="Country"/>
		<phrase i="1165" t="Presenza non supp.Salv.in rubr.locale?"/>
		<phrase i="1166" t="Flash Timing"/>
		<phrase i="1167" t="Caller ID"/>
		<phrase i="1168" t="80"/>
		<phrase i="1169" t="100"/>
		<phrase i="1170" t="300"/>
		<phrase i="1171" t="600"/>
		<phrase i="1172" t="Removed"/>
		<phrase i="1173" t="Reg.chiam."/>
		<phrase i="1174" t="Impossibile bloccare il telefono."/>
		<phrase i="1175" t="PSTN Extension"/>
		<phrase i="1176" t="Enter PSTN Extension:"/>
		<phrase i="1177" t="Ricerca in"/>
		<phrase i="1178" t="Ricevitore/Cuffie"/>
		<phrase i="1179" t="Imposs.agg.se stesso a el.prop.colleghi."/>
		<phrase i="1180" t="Dismiss"/>
		<phrase i="1181" t="Snooze"/>
		<phrase i="1182" t="%s will start in %d %s at %s"/>
		<phrase i="1183" t="Calendar"/>
		<phrase i="1184" t="minutes"/>
		<phrase i="1185" t="seconds"/>
		<phrase i="1186" t="minute"/>
		<phrase i="1187" t="second"/>
		<phrase i="1188" t="Keypad Lock"/>
		<phrase i="1189" t="Keypad Unlock"/>
		<phrase i="1190" t="Keypad locked."/>
		<phrase i="1191" t="Lock the phone?"/>
		<phrase i="1192" t="Nessun gruppo trovato."/>
		<phrase i="1193" t="Certificati dispositivo"/>
		<phrase i="1194" t="Cert. Polycom" t.VVX_1500="Cert.Polycom configurato"/>
		<phrase i="1195" t="Cert. Caricato" t.VVX_1500="Cert.configurato caricato"/>
		<phrase i="1196" t="Polycom presente" t.VVX_1500="Cert.disp.Polycom presente"/>
		<phrase i="1197" t="Personalizzato presente" t.VVX_1500="Cert.disp.personalizzato presente"/>
		<phrase i="1198" t="Descrizione personalizzata" t.VVX_1500="Descrizione personalizzata cert.disp."/>
		<phrase i="1199" t="TR-069 Upgrades Managed"/>
		<phrase i="1200" t="Cert. dispositivo"/>
		<phrase i="1201" t="Riproduzione in corso."/>
		<phrase i="1202" t="Rubrica locale di sola lettura."/>
		<phrase i="1203" t="Autenticazione CMA non riuscita."/>
		<phrase i="1204" t="Errore provisioning CMA."/>
		<phrase i="1205" t="Tastiera e mouse remoti"/>
		<phrase i="1206" t="Il telefono si trova a sinistra o a destra del computer in uso?"/>
		<phrase i="1207" t="A sinistra"/>
		<phrase i="1208" t="A destra"/>
		<phrase i="1209" t="Elenco"/>
		<phrase i="1210" t="Immetti codice motivo"/>
		<phrase i="1211" t="Carica configurazione"/>
		<phrase i="1212" t="TR-069"/>
		<phrase i="1213" t="CMA"/>
		<phrase i="1214" t="Tutte le fonti"/>
		<phrase i="1215" t="Locale"/>
		<phrase i="1216" t="Web"/>
		<phrase i="1217" t="Carica"/>
		<phrase i="1218" t="File di configurazione" t.IP_330="File config."/>
		<phrase i="1219" t="Codice motivo non disponibile"/>
		<phrase i="1220" t="Agente non disp."/>
		<phrase i="1221" t="Avviso file configurazione" t.IP_330="Config. preced. 3.3.0"/>
		<phrase i="1222" t=" contiene parametri preced. 3.3.0"/>
		<phrase i="1223" t="nessuna"/>
		<phrase i="1224" t="Digest"/>
		<phrase i="1225" t="Trovati parametri duplicati" t.IP_330="Trovati duplicati"/>
		<phrase i="1226" t="Trovati errori"/>
		<phrase i="1227" t="Parametri accettati"/>
		<phrase i="1228" t="Trovati parametri preced. 3.3.0."/>
		<phrase i="1229" t="Trovati parametri preced. 3.3.0 in:" t.IP_330="Parametri preced. 3.3.0 in:"/>
		<phrase i="1230" t="Query in sospeso. Riprovare più tardi."/>
		<phrase i="1231" t="Rubrica CMA non registrata."/>
		<phrase i="1232" t="Presenza CMA non registrata."/>
		<phrase i="1233" t="Info chiam."/>
		<phrase i="1234" t="Aggiorna configurazione"/>
		<phrase i="1235" t="Credenziali di accesso non valide."/>
		<phrase i="1236" t="Impossibile recuperare indirizzo."/>
		<phrase i="1237" t="No conness. contatto con tasto composiz."/>
		<phrase i="1238" t="Aggiunta contatto non riuscita."/>
		<phrase i="1239" t="Stato CMA"/>
		<phrase i="1240" t="Registrazione presenza"/>
		<phrase i="1241" t="Registrazione Rubrica"/>
		<phrase i="1242" t="Stato provisioning"/>
		<phrase i="1243" t="Nome host server"/>
		<phrase i="1244" t="Controllo aggiornamenti software"/>
		<phrase i="1245" t="Controllo aggiornamenti profilo"/>
		<phrase i="1246" t="Rapporto heartbeat"/>
		<phrase i="1247" t="Operazione riuscita"/>
		<phrase i="1248" t="Operazione non riuscita"/>
		<phrase i="1249" t="Inviti"/>
		<phrase i="1250" t="Invito collega in sospeso"/>
		<phrase i="1251" t="Presenza"/>
		<phrase i="1252" t="Metodo accettazione inviti"/>
		<phrase i="1253" t="Intervalli polling provisioning"/>
		<phrase i="1254" t="Automatico"/>
		<phrase i="1255" t="Convalida di nuovo"/>
		<phrase i="1256" t="Se le credenziali non sono valide, la riconvalida può bloccare l'account utente."/>
		<phrase i="1257" t="Continuare?"/>
		<phrase i="1258" t="Errore provisioning" t.IP_330="Errore config."/>
		<phrase i="1259" t="Impossibile aggiornare configurazione."/>
                <phrase i="1260" t="" />
                <phrase i="1261" t="" />
                <phrase i="1262" t="" />
                <phrase i="1263" t="Ino." />
	</phrases>
	<textEntry>
		<Entry ID="0" key="=, $/~_?0"/>
		<Entry ID="1" key="!|'^\@:1"/>
		<Entry ID="2" key="abc2à"/>
		<Entry ID="3" key="def3éè"/>
		<Entry ID="4" key="ghi4î"/>
		<Entry ID="5" key="jkl5"/>
		<Entry ID="6" key="mno6ò"/>
		<Entry ID="7" key="pqrs7"/>
		<Entry ID="8" key="tuv8ù"/>
		<Entry ID="9" key="wxyz9"/>
		<Entry ID="*" key=".*#-&amp;%+;"/>
		<Entry ID="#"/>
	</textEntry>
</dictionary>