﻿<?xml version="1.0" encoding="UTF-8" standalone="yes"?>
<dictionary>
	<phrases>
		<phrase i="0" t="返回"/>
		<phrase i="1" t="拨号"/>
		<phrase i="2" t="编辑"/>
		<phrase i="3" t="编辑"/>
		<phrase i="4" t="向上"/>
		<phrase i="5" t="保存"/>
		<phrase i="6" t="更多"/>
		<phrase i="7" t="新"/>
		<phrase i="8" t="确定"/>
		<phrase i="9" t="添加"/>
		<phrase i="10" t="清除"/>
		<phrase i="11" t="信息"/>
		<phrase i="12" t="发送"/>
		<phrase i="13" t="选择"/>
		<phrase i="14" t="删除"/>
		<phrase i="15" t="导入"/>
		<phrase i="16" t="阻止"/>
		<phrase i="17" t="观察"/>
		<phrase i="18" t="取消阻止" t.IP_330="取消阻止"/>
		<phrase i="19" t="我的状态" t.VVX_1500="我的状态"/>
		<phrase i="20" t="好友" t.IP_330="好友"/>
		<phrase i="21" t="恢复"/>
		<phrase i="22" t="播放"/>
		<phrase i="23" t="结束通话" t.IP_330="结束通话"/>
		<phrase i="24" t="新呼叫" t.IP_330="新建通话"/>
		<phrase i="25" t="重拨"/>
		<phrase i="26" t="接电话"/>
		<phrase i="27" t="姓名"/>
		<phrase i="28" t="号码"/>
		<phrase i="29" t="等候"/>
		<phrase i="30" t="会议" t.IP_330="会议" t.VVX_1500="会议"/>
		<phrase i="31" t="传输" t.IP_330="传输" t.VVX_1500="转接"/>
		<phrase i="32" t="结束"/>
		<phrase i="33" t="下一个"/>
		<phrase i="34" t="上一个" t.VVX_1500="上一个"/>
		<phrase i="35" t="回复"/>
		<phrase i="36" t="退出"/>
		<phrase i="37" t="取消"/>
		<phrase i="38" t="a-&gt;A"/>
		<phrase i="39" t="A-&gt;a"/>
		<phrase i="40" t="-&gt;ABC"/>
		<phrase i="41" t="&lt;&lt;"/>
		<phrase i="42" t="提交"/>
		<phrase i="43" t="下一页" t.VVX_1500="下一页"/>
		<phrase i="44" t="更新"/>
		<phrase i="45" t="即时消息"/>
		<phrase i="46" t="没有消息"/>
		<phrase i="47" t="发送消息给 "/>
		<phrase i="48" t="请输入短信发往 "/>
		<phrase i="49" t="我的状态"/>
		<phrase i="50" t="目录"/>
		<phrase i="51" t="目录"/>
		<phrase i="52" t="服务"/>
		<phrase i="53" t="应用"/>
		<phrase i="54" t="快速拨号"/>
		<phrase i="55" t="快速拨号信息" t.VVX_1500="快速拨号信息"/>
		<phrase i="56" t="电话名单"/>
		<phrase i="57" t="编辑"/>
		<phrase i="58" t="观察名单"/>
		<phrase i="59" t="观察者名单"/>
		<phrase i="60" t="被阻止者的名单"/>
		<phrase i="61" t="错过接听的电话"/>
		<phrase i="62" t="接收到的电话"/>
		<phrase i="63" t="拨打的电话"/>
		<phrase i="64" t="CDP 兼容性" t.IP_330="CDP兼容"/>
		<phrase i="65" t="应用程序信息"/>
		<phrase i="66" t="解码支持"/>
		<phrase i="67" t="添加观察"/>
		<phrase i="68" t="网络摘要"/>
		<phrase i="69" t="好友名单"/>
		<phrase i="70" t="好友的状态"/>
		<phrase i="71" t="电话铃类型"/>
		<phrase i="72" t="状态"/>
		<phrase i="73" t="设置"/>
		<phrase i="74" t="主菜单"/>
		<phrase i="75" t="网络统计"/>
		<phrase i="76" t="媒体统计"/>
		<phrase i="77" t="固件版本"/>
		<phrase i="78" t="对比度"/>
		<phrase i="79" t="网络配置"/>
		<phrase i="80" t="电话信息"/>
		<phrase i="81" t="信息"/>
		<phrase i="82" t="系统信息"/>
		<phrase i="83" t="活动的"/>
		<phrase i="84" t="非活动的"/>
		<phrase i="85" t="未知一方"/>
		<phrase i="86" t="天"/>
		<phrase i="87" t="天"/>
		<phrase i="88" t="请求"/>
		<phrase i="89" t="请求失败"/>
		<phrase i="90" t="英语"/>
		<phrase i="91" t="内部"/>
		<phrase i="92" t="全双工"/>
		<phrase i="93" t="半双工"/>
		<phrase i="94" t="查看"/>
		<phrase i="95" t="***警告***"/>
		<phrase i="96" t="路由器"/>
		<phrase i="97" t="向下"/>
		<phrase i="98" t="流逝的时间"/>
		<phrase i="99" t="接收包"/>
		<phrase i="100" t="发送包"/>
		<phrase i="101" t="丢失包"/>
		<phrase i="102" t="LAN端口"/>
		<phrase i="103" t="PC端口"/>
		<phrase i="104" t="即时消息" t.IP_330="即时消息"/>
		<phrase i="105" t="指定来源"/>
		<phrase i="106" t="激活"/>
		<phrase i="107" t="抖动(毫秒)"/>
		<phrase i="108" t="最大抖动(毫秒)"/>
		<phrase i="109" t="滞后时间(毫秒)"/>
		<phrase i="110" t="应用程序版本"/>
		<phrase i="111" t="启动版本"/>
		<phrase i="112" t="电话铃"/>
		<phrase i="113" t="无记录"/>
		<phrase i="114" t="错过接听的电话名单"/>
		<phrase i="115" t="接收到的电话名单"/>
		<phrase i="116" t="拨打的电话名单"/>
		<phrase i="117" t="已清除"/>
		<phrase i="118" t="联系人"/>
		<phrase i="119" t="下午"/>
		<phrase i="120" t="上午"/>
		<phrase i="121" t="时间"/>
		<phrase i="122" t="姓名"/>
		<phrase i="123" t="持续时间"/>
		<phrase i="124" t="说："/>
		<phrase i="125" t="消息给 "/>
		<phrase i="126" t="收到你的消息。"/>
		<phrase i="127" t="打电话给我。"/>
		<phrase i="128" t="稍后再打电话。"/>
		<phrase i="129" t="现在不能聊天。"/>
		<phrase i="130" t="去吃午餐吗？"/>
		<phrase i="131" t="已读入"/>
		<phrase i="132" t="读入失败"/>
		<phrase i="133" t="语言"/>
		<phrase i="134" t="输入号码"/>
		<phrase i="135" t="输入URL"/>
		<phrase i="136" t="分开"/>
		<phrase i="137" t="连接"/>
		<phrase i="138" t="收件人"/>
		<phrase i="139" t="发件人"/>
		<phrase i="140" t="转发" t.IP_330="转发"/>
		<phrase i="141" t="为"/>
		<phrase i="142" t="等候"/>
		<phrase i="143" t="等候"/>
		<phrase i="144" t="新消息"/>
		<phrase i="145" t="新消息"/>
		<phrase i="146" t="电话"/>
		<phrase i="147" t="网络链接中断"/>
		<phrase i="148" t="重新配置网络" t.IP_330="配置" t.VVX_1500="配置"/>
		<phrase i="149" t="新未接呼叫"/>
		<phrase i="150" t="新未接呼叫"/>
		<phrase i="151" t="重新起动开始"/>
		<phrase i="152" t="电话等候接通"/>
		<phrase i="153" t="已断开"/>
		<phrase i="154" t="联机"/>
		<phrase i="155" t="忙碌"/>
		<phrase i="156" t="马上回来"/>
		<phrase i="157" t="离开"/>
		<phrase i="158" t="通话中"/>
		<phrase i="159" t="午餐中"/>
		<phrase i="160" t="在开会"/>
		<phrase i="161" t="脱机"/>
		<phrase i="162" t="不要打扰"/>
		<phrase i="163" t="超时"/>
		<phrase i="164" t="引导服务器"/>
		<phrase i="165" t="引导服务器选项"/>
		<phrase i="166" t="引导服务器类型"/>
		<phrase i="167" t="服务器类型" t.IP_330="服务器类型"/>
		<phrase i="168" t="服务器地址" t.IP_330="服务器地址"/>
		<phrase i="169" t="服务器用户" t.IP_330="服务器用户"/>
		<phrase i="170" t="服务器密码" t.IP_330="服务器密码"/>
		<phrase i="171" t="DHCP客户" t.IP_330="DHCP 客户端"/>
		<phrase i="172" t="DHCP菜单"/>
		<phrase i="173" t="话机IP地址" t.VVX_1500="电话 IP 地址"/>
		<phrase i="174" t="网络掩码" t.IP_330="子网掩码"/>
		<phrase i="175" t="IP网关"/>
		<phrase i="176" t="服务器菜单" t.IP_330="服务器菜单"/>
		<phrase i="177" t="SNTP地址" t.IP_330="SNTP 地址"/>
		<phrase i="178" t="时区设定"/>
		<phrase i="179" t="DNS服务器"/>
		<phrase i="180" t="副DNS服务器"/>
		<phrase i="181" t="DNS域名"/>
		<phrase i="182" t="VLAN代号"/>
		<phrase i="183" t=" 保存设定"/>
		<phrase i="184" t=" 退出且不保存"/>
		<phrase i="185" t=" 继续设定"/>
		<phrase i="186" t="DHCP"/>
		<phrase i="187" t="MAC"/>
		<phrase i="188" t="IP"/>
		<phrase i="189" t="DNS"/>
		<phrase i="190" t="启动服务器"/>
		<phrase i="191" t="Alt DNS"/>
		<phrase i="192" t="选项66"/>
		<phrase i="193" t="自定义"/>
		<phrase i="194" t="静态"/>
		<phrase i="195" t="IP地址"/>
		<phrase i="196" t="字符串"/>
		<phrase i="197" t="FTP"/>
		<phrase i="198" t="TFTP"/>
		<phrase i="199" t="启用"/>
		<phrase i="200" t="禁用"/>
		<phrase i="201" t="掩码"/>
		<phrase i="202" t="路由器"/>
		<phrase i="203" t="域"/>
		<phrase i="204" t="Vlan Id"/>
		<phrase i="205" t="服务器"/>
		<phrase i="206" t="应用程序版本"/>
		<phrase i="207" t="文件"/>
		<phrase i="208" t="配置"/>
		<phrase i="209" t="Bootrom"/>
		<phrase i="210" t="Hw P/N"/>
		<phrase i="211" t="Tx编码"/>
		<phrase i="212" t="Rx编码"/>
		<phrase i="213" t="语言已转换"/>
		<phrase i="214" t="语言转换失败。"/>
		<phrase i="215" t="请稍候..."/>
		<phrase i="216" t="电话线选择"/>
		<phrase i="217" t="电话线"/>
		<phrase i="218" t="搜索"/>
		<phrase i="219" t="排列"/>
		<phrase i="220" t="目录搜索"/>
		<phrase i="221" t="目录排列"/>
		<phrase i="222" t="名"/>
		<phrase i="223" t="姓"/>
		<phrase i="224" t="系统状态"/>
		<phrase i="225" t="常规"/>
		<phrase i="226" t="通讯录"/>
		<phrase i="227" t="正在联系"/>
		<phrase i="228" t="自定义+选项66"/>
		<phrase i="229" t="电话线信息"/>
		<phrase i="230" t="已注册"/>
		<phrase i="231" t="未注册"/>
		<phrase i="232" t="认证"/>
		<phrase i="233" t="注册用户"/>
		<phrase i="234" t="注册密码"/>
		<phrase i="235" t="视频"/>
		<phrase i="236" t="消息"/>
		<phrase i="237" t="消息中心"/>
		<phrase i="238" t="在开会"/>
		<phrase i="239" t="紧急"/>
		<phrase i="240" t="紧急"/>
		<phrase i="241" t="新"/>
		<phrase i="242" t="新"/>
		<phrase i="243" t="旧"/>
		<phrase i="244" t="旧"/>
		<phrase i="245" t="连接" t.IP_330="连接"/>
		<phrase i="246" t="目录添加"/>
		<phrase i="247" t="编辑"/>
		<phrase i="248" t="快速拨号索引"/>
		<phrase i="249" t="电话转发"/>
		<phrase i="250" t="拒绝"/>
		<phrase i="251" t="转发" t.IP_330="转发"/>
		<phrase i="252" t="此次电话"/>
		<phrase i="253" t="重置用户设置"/>
		<phrase i="254" t="转发联系人"/>
		<phrase i="255" t="自动拒绝"/>
		<phrase i="256" t="自动转发"/>
		<phrase i="257" t="已保存"/>
		<phrase i="258" t="错误"/>
		<phrase i="259" t="条目已存在。"/>
		<phrase i="260" t="禁用"/>
		<phrase i="261" t="观察好友"/>
		<phrase i="262" t="阻止好友"/>
		<phrase i="263" t="请重试。"/>
		<phrase i="264" t="时钟日期"/>
		<phrase i="265" t="日期"/>
		<phrase i="266" t="格式"/>
		<phrase i="267" t="星期日"/>
		<phrase i="268" t="星期一"/>
		<phrase i="269" t="星期二"/>
		<phrase i="270" t="星期三"/>
		<phrase i="271" t="星期四"/>
		<phrase i="272" t="星期五"/>
		<phrase i="273" t="星期六"/>
		<phrase i="274" t="一月"/>
		<phrase i="275" t="二月"/>
		<phrase i="276" t="三月"/>
		<phrase i="277" t="四月"/>
		<phrase i="278" t="五月"/>
		<phrase i="279" t="六月"/>
		<phrase i="280" t="七月"/>
		<phrase i="281" t="八月"/>
		<phrase i="282" t="九月"/>
		<phrase i="283" t="十月"/>
		<phrase i="284" t="十一月"/>
		<phrase i="285" t="十二月"/>
		<phrase i="286" t="时钟时间"/>
		<phrase i="287" t="设置全部"/>
		<phrase i="288" t="清除全部"/>
		<phrase i="289" t="耳机设置"/>
		<phrase i="290" t="自动耳机模式"/>
		<phrase i="291" t="读入出错。"/>
		<phrase i="292" t="被活动通话阻止。" t.VVX_1500="存在活动呼叫，操作取消。"/>
		<phrase i="293" t="请输入通讯人。"/>
		<phrase i="294" t="传输给"/>
		<phrase i="295" t="会议连接"/>
		<phrase i="296" t="输入"/>
		<phrase i="297" t="更改密码"/>
		<phrase i="298" t="更改用户密码" t.VVX_1500="更改用户密码"/>
		<phrase i="299" t="更改管理员密码" t.VVX_1500="更改管理员密码"/>
		<phrase i="300" t="用户密码"/>
		<phrase i="301" t="管理员密码" t.VVX_1500="管理员密码"/>
		<phrase i="302" t="用户密码已改换。" t.VVX_1500="用户密码已更改。"/>
		<phrase i="303" t="管理员密码已改换。" t.VVX_1500="管理员密码已更改。"/>
		<phrase i="304" t="对不起。请重试。"/>
		<phrase i="305" t="旧密码"/>
		<phrase i="306" t="新密码"/>
		<phrase i="307" t="确认密码"/>
		<phrase i="308" t="密码太短" t.VVX_1500="对不起，密码太短。"/>
		<phrase i="309" t="上一页" t.VVX_1500="上一页"/>
		<phrase i="310" t="ASCII"/>
		<phrase i="311" t="拉丁语"/>
		<phrase i="312" t="塞瑞利克语"/>
		<phrase i="313" t="Unicode"/>
		<phrase i="314" t="最短长度是"/>
		<phrase i="315" t="1/A/a"/>
		<phrase i="316" t="通话资源已经用尽。"/>
		<phrase i="317" t="编码" t.IP_330="编码"/>
		<phrase i="318" t="网络速度"/>
		<phrase i="319" t="PC速度"/>
		<phrase i="320" t="未知 "/>
		<phrase i="321" t="话机设置已复位。"/>
		<phrase i="322" t="网络制式 "/>
		<phrase i="323" t="PC制式 "/>
		<phrase i="324" t="SNTP"/>
		<phrase i="325" t="GMT"/>
		<phrase i="326" t="夏令时"/>
		<phrase i="327" t="开"/>
		<phrase i="328" t="关"/>
		<phrase i="329" t="CPU负载"/>
		<phrase i="330" t="快"/>
		<phrase i="331" t="慢"/>
		<phrase i="332" t="负载"/>
		<phrase i="333" t="区间"/>
		<phrase i="334" t="通讯录太大"/>
		<phrase i="335" t="无此条目"/>
		<phrase i="336" t="通讯录结束"/>
		<phrase i="337" t="此条目已被删除"/>
		<phrase i="338" t="线被远端占用"/>
		<phrase i="339" t="网络负载"/>
		<phrase i="340" t="字节每秒"/>
		<phrase i="341" t="数据包每秒"/>
		<phrase i="342" t="DSP占用率"/>
		<phrase i="343" t="CPU占用率"/>
		<phrase i="344" t="方式"/>
		<phrase i="345" t="诊断"/>
		<phrase i="346" t="音频诊断"/>
		<phrase i="347" t="键盘诊断"/>
		<phrase i="348" t="显示诊断" t.VVX_1500="显示诊断"/>
		<phrase i="349" t="扬声器"/>
		<phrase i="350" t="听筒"/>
		<phrase i="351" t="成功"/>
		<phrase i="352" t="胜败"/>
		<phrase i="353" t="测试完成"/>
		<phrase i="354" t="退出：按该键两次。"/>
		<phrase i="355" t="按键确定选择" t.VVX_1500="验证:按一个按键"/>
		<phrase i="356" t="录音"/>
		<phrase i="357" t="停止"/>
		<phrase i="358" t="无效键"/>
		<phrase i="359" t="叉簧"/>
		<phrase i="360" t="已停止"/>
		<phrase i="361" t="播放中"/>
		<phrase i="362" t="录音中"/>
		<phrase i="363" t="IP地址重复"/>
		<phrase i="364" t="重启动"/>
		<phrase i="365" t="发现于"/>
		<phrase i="366" t="星期日"/>
		<phrase i="367" t="星期一"/>
		<phrase i="368" t="星期二"/>
		<phrase i="369" t="星期三"/>
		<phrase i="370" t="星期四"/>
		<phrase i="371" t="星期五"/>
		<phrase i="372" t="星期六"/>
		<phrase i="373" t="一月"/>
		<phrase i="374" t="二月"/>
		<phrase i="375" t="三月"/>
		<phrase i="376" t="四月"/>
		<phrase i="377" t="五月"/>
		<phrase i="378" t="六月"/>
		<phrase i="379" t="七月"/>
		<phrase i="380" t="八月"/>
		<phrase i="381" t="九月"/>
		<phrase i="382" t="十月"/>
		<phrase i="383" t="十一月"/>
		<phrase i="384" t="十二月"/>
		<phrase i="385" t="内存使用"/>
		<phrase i="386" t="通话中"/>
		<phrase i="387" t="静音"/>
		<phrase i="388" t="没有服务器"/>
		<phrase i="389" t="时钟次序"/>
		<phrase i="390" t="日期在上"/>
		<phrase i="391" t="时间在上"/>
		<phrase i="392" t="日期在前"/>
		<phrase i="393" t="时间在前"/>
		<phrase i="394" t="Katakana"/>
		<phrase i="395" t="话机音标准"/>
		<phrase i="396" t="请勿打扰"/>
		<phrase i="397" t="登录" t.IP_330="入/出"/>
		<phrase i="398" t="代理有效" t.IP_330="可用"/>
		<phrase i="399" t="改变"/>
		<phrase i="400" t="1-&gt;Aa"/>
		<phrase i="401" t="A-&gt;a1"/>
		<phrase i="402" t="a-&gt;1A"/>
		<phrase i="403" t="显示" t.IP_330="显示名称"/>
		<phrase i="404" t="电话线"/>
		<phrase i="405" t="标示"/>
		<phrase i="406" t="开始纪录键"/>
		<phrase i="407" t="URL 呼叫已禁用" t.IP_330="URL 呼叫已禁用"/>
		<phrase i="408" t="请使用手持听筒"/>
		<phrase i="409" t="监听模式"/>
		<phrase i="410" t="挂靠"/>
		<phrase i="411" t="恢复" t.VVX_1500="检索"/>
		<phrase i="412" t="集体"/>
		<phrase i="413" t="指定" t.VVX_1500="指定分机"/>
		<phrase i="414" t="起始"/>
		<phrase i="415" t="刷新"/>
		<phrase i="416" t="最后通话重接"/>
		<phrase i="417" t="LCR"/>
		<phrase i="418" t="功能"/>
		<phrase i="419" t="盲转"/>
		<phrase i="420" t="耳机"/>
		<phrase i="421" t="ACD代理能力"/>
		<phrase i="422" t="ACD登录/登出"/>
		<phrase i="423" t="登录"/>
		<phrase i="424" t="登出"/>
		<phrase i="425" t="可用"/>
		<phrase i="426" t="不可用"/>
		<phrase i="427" t="用户名"/>
		<phrase i="428" t="密码"/>
		<phrase i="429" t="来电代答"/>
		<phrase i="430" t="盲转移至："/>
		<phrase i="431" t="有效" t.VVX_1500="可用"/>
		<phrase i="432" t="无效" t.VVX_1500="不可用"/>
		<phrase i="433" t="SIP 设定"/>
		<phrase i="434" t="地址"/>
		<phrase i="435" t="线路类型"/>
		<phrase i="436" t="第三方名称"/>
		<phrase i="437" t="个人"/>
		<phrase i="438" t="共享"/>
		<phrase i="439" t="端口"/>
		<phrase i="440" t="传输"/>
		<phrase i="441" t="注册"/>
		<phrase i="442" t="呼出代理" t.VVX_1500="SIP 呼出代理"/>
		<phrase i="443" t="呼出端口" t.VVX_1500="SIP 呼出端口"/>
		<phrase i="444" t="RFC2543等待" t.IP_330="RFC2543 保留"/>
		<phrase i="445" t="是"/>
		<phrase i="446" t="不"/>
		<phrase i="447" t="UDP专用"/>
		<phrase i="448" t="TCP优先"/>
		<phrase i="449" t="Naptr"/>
		<phrase i="450" t="认证用户名" t.VVX_1500="验证用户 ID"/>
		<phrase i="451" t="认证用户密码" t.VVX_1500="验证密码"/>
		<phrase i="452" t="电话复位"/>
		<phrase i="453" t="确定吗？"/>
		<phrase i="454" t="VLAN 发现" t.IP_330="VLAN 发现"/>
		<phrase i="455" t="固定"/>
		<phrase i="456" t="VLAN 代码选择" t.VVX_1500="VLAN ID 选项"/>
		<phrase i="457" t="选择"/>
		<phrase i="458" t="复位安全码"/>
		<phrase i="459" t="短信选择"/>
		<phrase i="460" t="HTTP"/>
		<phrase i="461" t="HTTPS"/>
		<phrase i="462" t="FTPS"/>
		<phrase i="463" t="安装自定义 CA 证书" t.VVX_1500="安装自定义 CA 证书"/>
		<phrase i="464" t="下载自定义 CA 证书" t.VVX_1500="下载自定义 CA 证书"/>
		<phrase i="465" t="接受"/>
		<phrase i="466" t="配置 CA 证书" t.VVX_1500="配置 CA 证书"/>
		<phrase i="467" t="MD5指纹"/>
		<phrase i="468" t="客户证书"/>
		<phrase i="469" t="默认证书列表" t.VVX_1500="默认证书列表"/>
		<phrase i="470" t="所有证书"/>
		<phrase i="471" t="验证方法" t.VVX_1500="预配置方法"/>
		<phrase i="472" t="验证字串" t.VVX_1500="预配置字符串"/>
		<phrase i="473" t="默认"/>
		<phrase i="474" t="SAS-VP"/>
		<phrase i="475" t="下载失败"/>
		<phrase i="476" t="服务器"/>
		<phrase i="477" t="应用"/>
		<phrase i="478" t="信息包统计资料"/>
		<phrase i="479" t="区域优先选择"/>
		<phrase i="480" t="用户设定"/>
		<phrase i="481" t="管理者设定" t.VVX_1500="管理设置"/>
		<phrase i="482" t="格式化文件系统"/>
		<phrase i="483" t="TCP/IP参数"/>
		<phrase i="484" t="平台"/>
		<phrase i="485" t="网络"/>
		<phrase i="486" t="电话"/>
		<phrase i="487" t="主选择单"/>
		<phrase i="488" t="组成部分"/>
		<phrase i="489" t="版权"/>
		<phrase i="490" t="配置"/>
		<phrase i="491" t="网络"/>
		<phrase i="492" t="基本"/>
		<phrase i="493" t="高级"/>
		<phrase i="494" t="优先选择"/>
		<phrase i="495" t="声音效果"/>
		<phrase i="496" t="SSL保安"/>
		<phrase i="497" t="重设为默认值"/>
		<phrase i="498" t="重设本地配置" t.IP_330="重设本地配置" t.VVX_1500="重设本地配置"/>
		<phrase i="499" t="重新设置装置设定" t.IP_330="重设设备设置"/>
		<phrase i="500" t="全面的"/>
		<phrase i="501" t="测试硬件"/>
		<phrase i="502" t="图像"/>
		<phrase i="503" t="CA证书"/>
		<phrase i="504" t="时间及日期"/>
		<phrase i="505" t="TFTP"/>
		<phrase i="506" t="无效"/>
		<phrase i="507" t="每个线路键控制的通话" t.IP_330="每个线路键控制的通话"/>
		<phrase i="508" t="线路键的数目" t.IP_330="线路键的数目"/>
		<phrase i="509" t="宽带手机"/>
		<phrase i="510" t="TLS"/>
		<phrase i="511" t="添加好友"/>
		<phrase i="512" t="文件传送尝试次数"/>
		<phrase i="513" t="重试等待时间"/>
		<phrase i="514" t="允许"/>
		<phrase i="515" t="隐身"/>
		<phrase i="516" t="隐身列表"/>
		<phrase i="517" t="Buddy Privacy"/>
		<phrase i="518" t="添加隐身"/>
		<phrase i="519" t="编辑隐身"/>
		<phrase i="520" t="访问"/>
		<phrase i="521" t="EM 电源"/>
		<phrase i="522" t="已保存的证书。"/>
		<phrase i="523" t="无法保存证书。"/>
		<phrase i="524" t="正在处理请求..."/>
		<phrase i="525" t="&gt;&gt;"/>
		<phrase i="526" t="CLink 模式"/>
		<phrase i="527" t="客户"/>
		<phrase i="528" t="以太网菜单"/>
		<phrase i="529" t="局域网端口模式"/>
		<phrase i="530" t="PC 端口模式"/>
		<phrase i="531" t="自动"/>
		<phrase i="532" t="10HD"/>
		<phrase i="533" t="10FD"/>
		<phrase i="534" t="100HD"/>
		<phrase i="535" t="100FD"/>
		<phrase i="536" t="视频"/>
		<phrase i="537" t="电话"/>
		<phrase i="538" t="摘机模式"/>
		<phrase i="539" t="添加视频"/>
		<phrase i="540" t="请选择"/>
		<phrase i="541" t="背光亮度"/>
		<phrase i="542" t="关"/>
		<phrase i="543" t="差"/>
		<phrase i="544" t="中"/>
		<phrase i="545" t="高"/>
		<phrase i="546" t="每条线路的呼叫数"/>
		<phrase i="547" t="扬声器音量"/>
		<phrase i="548" t="振铃音量"/>
		<phrase i="549" t="管理"/>
		<phrase i="550" t="管理会议"/>
		<phrase i="551" t="静音"/>
		<phrase i="552" t="取消静音"/>
		<phrase i="553" t="删除"/>
		<phrase i="554" t="媒体流"/>
		<phrase i="555" t="与会者信息"/>
		<phrase i="556" t="打开状态下的背光亮度"/>
		<phrase i="557" t="空闲状态下的背光亮度"/>
		<phrase i="558" t="2.5mm 模式"/>
		<phrase i="559" t="任意(默认)"/>
		<phrase i="560" t="移动电话"/>
		<phrase i="561" t="PC 数据链接"/>
		<phrase i="562" t="视频呼叫"/>
		<phrase i="563" t="电话呼叫"/>
		<phrase i="564" t="仅 SIP"/>
		<phrase i="565" t="仅 POTS"/>
		<phrase i="566" t="自动 (HDX 呼叫首选项)" t.VVX_1500="自动(HDX 呼叫首选项)"/>
		<phrase i="567" t="呼叫类型顺序"/>
		<phrase i="568" t="内容"/>
		<phrase i="569" t="主叫方"/>
		<phrase i="570" t="号码簿"/>
		<phrase i="571" t="忽略"/>
		<phrase i="572" t="主叫方:"/>
		<phrase i="573" t="音量"/>
		<phrase i="574" t="枪手"/>
		<phrase i="575" t="扬声器"/>
		<phrase i="576" t="正常"/>
		<phrase i="577" t="&lt;新条目&gt;"/>
		<phrase i="578" t="保存目录"/>
		<phrase i="579" t="确认"/>
		<phrase i="580" t="服务不可用" t.IP_330="服务不可用。"/>
		<phrase i="581" t="DND" t.VVX_1500="请勿打扰"/>
		<phrase i="582" t="连接到"/>
		<phrase i="583" t="来电:"/>
		<phrase i="584" t="DSP 状态"/>
		<phrase i="585" t="Unit 0"/>
		<phrase i="586" t="Unit 1"/>
		<phrase i="587" t="Unit 2"/>
		<phrase i="588" t="消息" t.VVX_1500="消息"/>
		<phrase i="589" t="添加电话"/>
		<phrase i="590" t="输入更多数字"/>
		<phrase i="591" t="地址不完整"/>
		<phrase i="592" t="服务器状态"/>
		<phrase i="593" t="注册"/>
		<phrase i="594" t="取消注册"/>
		<phrase i="595" t="从不注册"/>
		<phrase i="596" t="删除电话号码簿条目"/>
		<phrase i="597" t="将其他人加入会议"/>
		<phrase i="598" t="视频或电话呼叫?"/>
		<phrase i="599" t="未找到条目"/>
		<phrase i="600" t="按姓"/>
		<phrase i="601" t="按名"/>
		<phrase i="602" t="网络"/>
		<phrase i="603" t="拨号"/>
		<phrase i="604" t="电缆/DSL"/>
		<phrase i="605" t="LAN"/>
		<phrase i="606" t="会议进行中"/>
		<phrase i="607" t="不可能"/>
		<phrase i="608" t="Syslog 菜单"/>
		<phrase i="609" t="设备"/>
		<phrase i="610" t="呈现级别" t.IP_330="呈现级别"/>
		<phrase i="611" t="UDP"/>
		<phrase i="612" t="TCP"/>
		<phrase i="613" t="无"/>
		<phrase i="614" t="输入密码"/>
		<phrase i="615" t="高音均衡器"/>
		<phrase i="616" t="低音均衡器"/>
		<phrase i="617" t="辅助音频输入"/>
		<phrase i="618" t="辅助音频输出"/>
		<phrase i="619" t="自动增益控制"/>
		<phrase i="620" t="噪声抑制"/>
		<phrase i="621" t="URL"/>
		<phrase i="622" t="仅发送"/>
		<phrase i="623" t="发送和接收"/>
		<phrase i="624" t="仅接收"/>
		<phrase i="625" t="非活动"/>
		<phrase i="626" t="仅 TCP"/>
		<phrase i="627" t="无线麦克风"/>
		<phrase i="628" t="其它输入设备"/>
		<phrase i="629" t="录音输出"/>
		<phrase i="630" t="外部扬声器"/>
		<phrase i="631" t="低音和高音"/>
		<phrase i="632" t="辅助音频"/>
		<phrase i="633" t="本地传感器"/>
		<phrase i="634" t="音频"/>
		<phrase i="635" t="选择本地传感器"/>
		<phrase i="636" t="麦克风"/>
		<phrase i="637" t="扬声器"/>
		<phrase i="638" t="会议"/>
		<phrase i="639" t="前置 MAC" t.IP_330="前置 MAC"/>
		<phrase i="640" t="扬声器音量"/>
		<phrase i="641" t="头戴式耳机音量"/>
		<phrase i="642" t="听筒音量"/>
		<phrase i="643" t="呼叫代接"/>
		<phrase i="644" t="指定分机代接"/>
		<phrase i="645" t="组内代接"/>
		<phrase i="646" t="按任意键退出测试"/>
		<phrase i="647" t="测试中止"/>
		<phrase i="648" t="将 SN 关联到 UA" t.IP_330="标记 SN"/>
		<phrase i="649" t="1000HD"/>
		<phrase i="650" t="1000FD"/>
		<phrase i="651" t="网络诊断"/>
		<phrase i="652" t="LAN 端口诊断"/>
		<phrase i="653" t="PC 端口诊断"/>
		<phrase i="654" t="千兆以太网诊断"/>
		<phrase i="655" t="正常模式"/>
		<phrase i="656" t="传输波形"/>
		<phrase i="657" t="主控传输抖动"/>
		<phrase i="658" t="从控传输抖动"/>
		<phrase i="659" t="传输失真"/>
		<phrase i="660" t="主动麦克风指示"/>
		<phrase i="661" t="移动音频已禁用"/>
		<phrase i="662" t="移动音频已启用"/>
		<phrase i="663" t="音频呼叫"/>
		<phrase i="664" t="视频呼叫"/>
		<phrase i="665" t="音频/视频呼叫"/>
		<phrase i="666" t="任意呼叫"/>
		<phrase i="667" t="转接类型选择" t.IP_330="转发"/>
		<phrase i="668" t="始终"/>
		<phrase i="669" t="无应答"/>
		<phrase i="670" t="铃响后转接"/>
		<phrase i="671" t="呼叫转接无应答" t.IP_330="无应答"/>
		<phrase i="672" t="呼叫转接正忙" t.IP_330="忙"/>
		<phrase i="673" t="始终呼叫转接" t.IP_330="始终"/>
		<phrase i="674" t="VLAN 过滤"/>
		<phrase i="675" t="广播风暴过滤"/>
		<phrase i="676" t="SIP Web 内容"/>
		<phrase i="677" t="被动"/>
		<phrase i="678" t="菊链错误："/>
		<phrase i="679" t="多条以太网电缆"/>
		<phrase i="680" t="只连接一条以太网电缆"/>
		<phrase i="681" t="版本冲突"/>
		<phrase i="682" t="联系系统管理员。"/>
		<phrase i="683" t="查看联系人"/>
		<phrase i="684" t="查看"/>
		<phrase i="685" t="最大亮度"/>
		<phrase i="686" t="测试自动化"/>
		<phrase i="687" t="测试自动化密钥输入" t.IP_330="测试自动化密钥输入"/>
		<phrase i="688" t="测试自动化启用"/>
		<phrase i="689" t="测试自动化禁用"/>
		<phrase i="690" t="存储介质已连接"/>
		<phrase i="691" t="存储介质已移除"/>
		<phrase i="692" t="可移动存储介质"/>
		<phrase i="693" t="浏览记录"/>
		<phrase i="694" t="存储介质属性"/>
		<phrase i="695" t="总大小"/>
		<phrase i="696" t="用空间"/>
		<phrase i="697" t="可用空间"/>
		<phrase i="698" t="未连接存储介质。"/>
		<phrase i="699" t="不存在活动呼叫。"/>
		<phrase i="700" t="回放上一个录音"/>
		<phrase i="701" t="开始"/>
		<phrase i="702" t="暂停"/>
		<phrase i="703" t="重命名"/>
		<phrase i="704" t="删除"/>
		<phrase i="705" t="文件信息" t.VVX_1500="文件信息"/>
		<phrase i="706" t="未找到 wav 文件。"/>
		<phrase i="707" t="USB 文件名"/>
		<phrase i="708" t="重命名文件"/>
		<phrase i="709" t="文件名不能为空"/>
		<phrase i="710" t="文件已存在"/>
		<phrase i="711" t="另存为"/>
		<phrase i="712" t="不允许使用特殊字符"/>
		<phrase i="713" t="无法开始录音。"/>
		<phrase i="714" t="无可用的资源。"/>
		<phrase i="715" t="重放"/>
		<phrase i="716" t="存储介质已满。"/>
		<phrase i="717" t="录音已取消。"/>
		<phrase i="718" t="录音已停止。"/>
		<phrase i="719" t="远端静音"/>
		<phrase i="720" t="打开"/>
		<phrase i="721" t="以不安全的方式移除存储介质。"/>
		<phrase i="722" t="暂停"/>
		<phrase i="723" t="完成"/>
		<phrase i="724" t="*R*" t.VVX_1500="R"/>
		<phrase i="725" t="*P*" t.VVX_1500="P"/>
		<phrase i="726" t="小时"/>
		<phrase i="727" t="分钟"/>
		<phrase i="728" t="秒"/>
		<phrase i="729" t="满"/>
		<phrase i="730" t="公司目录" t.IP_330="公司目录"/>
		<phrase i="731" t="公司目录"/>
		<phrase i="732" t="未初始化目录服务器"/>
		<phrase i="733" t="公司目录状态" t.IP_330="CD 状态"/>
		<phrase i="734" t="保留搜索"/>
		<phrase i="735" t="禁用免提模式" t.IP_330="免提禁用"/>
		<phrase i="736" t="电话设置"/>
		<phrase i="737" t="免提模式"/>
		<phrase i="738" t="已连接不受支持的 USB 设备。"/>
		<phrase i="739" t="已删除不受支持的 USB 设备。"/>
		<phrase i="740" t="耳机已连接。"/>
		<phrase i="741" t="耳机已移除。"/>
		<phrase i="742" t="耳机"/>
		<phrase i="743" t="耳机设置"/>
		<phrase i="744" t="模拟耳机模式"/>
		<phrase i="745" t="模拟耳机"/>
		<phrase i="746" t="常规模式"/>
		<phrase i="747" t="Jabra 模式"/>
		<phrase i="748" t="不受支持的 .wav 文件格式"/>
		<phrase i="749" t="闯入" t.IP_330="闯入"/>
		<phrase i="750" t="正在录音"/>
		<phrase i="751" t="中止操作"/>
		<phrase i="752" t="过滤" t.IP_330="过滤"/>
		<phrase i="753" t="回放已取消。"/>
		<phrase i="754" t="文件正在使用"/>
		<phrase i="755" t="背景"/>
		<phrase i="756" t="预览"/>
		<phrase i="757" t="默认背景 1"/>
		<phrase i="758" t="设备未就绪。请重试。"/>
		<phrase i="759" t="默认背景 2"/>
		<phrase i="760" t="默认背景 3"/>
		<phrase i="761" t="默认背景 4"/>
		<phrase i="762" t="未找到文件" t.VVX_1500="所选背景图像不可用。"/>
		<phrase i="763" t="变亮"/>
		<phrase i="764" t="变暗"/>
		<phrase i="765" t="该操作不被允许"/>
		<phrase i="766" t="正在删除"/>
		<phrase i="767" t="内存不足，无法继续。"/>
		<phrase i="768" t="可用录音时间"/>
		<phrase i="769" t="设备 ID"/>
		<phrase i="770" t="目录服务器未响应" t.IP_330="光盘服务器未响应"/>
		<phrase i="771" t="正在搜索......"/>
		<phrase i="772" t="标签颜色"/>
		<phrase i="773" t="标签"/>
		<phrase i="774" t="重设"/>
		<phrase i="775" t="撤消"/>
		<phrase i="776" t="未发现条目。" t.IP_330="未发现条目。"/>
		<phrase i="777" t="正在验证 USB 设备。" t.IP_330="验证USB设备"/>
		<phrase i="778" t="请等待最多一分钟......"/>
		<phrase i="779" t="无法保存该颜色。"/>
		<phrase i="780" t="文本可能不可读。"/>
		<phrase i="781" t="正在重启电话上的应用程序"/>
		<phrase i="782" t="重启动电话"/>
		<phrase i="783" t="默认背景 5"/>
		<phrase i="784" t="快速拨号索引无效" t.IP_330="快速拨号索引无效。"/>
		<phrase i="785" t="开始视频"/>
		<phrase i="786" t="停止视频"/>
		<phrase i="787" t="全屏幕"/>
		<phrase i="788" t="画中画"/>
		<phrase i="789" t="取回"/>
		<phrase i="790" t="增大音量"/>
		<phrase i="791" t="减小音量"/>
		<phrase i="792" t="需要联系人值。" t.VVX_1500="必须具有联系人值。"/>
		<phrase i="793" t="联系人值出现重复。" t.VVX_1500="联系人值已存在。"/>
		<phrase i="794" t="输入姓名"/>
		<phrase i="795" t="交换"/>
		<phrase i="796" t="缤特力模式"/>
		<phrase i="797" t="快速拨号出现重复。" t.VVX_1500="快速拨号索引已存在。"/>
		<phrase i="798" t="本地相机"/>
		<phrase i="799" t="总机转接"/>
		<phrase i="800" t="相框"/>
		<phrase i="801" t="摄像机设置"/>
		<phrase i="802" t="ABC"/>
		<phrase i="803" t="123"/>
		<phrase i="804" t="(ABC) 输入号码"/>
		<phrase i="805" t="(123) 输入号码"/>
		<phrase i="806" t="配置无效" t.VVX_1500="无效配置"/>
		<phrase i="807" t="登录错误"/>
		<phrase i="808" t="正在传输"/>
		<phrase i="809" t="目标帧率"/>
		<phrase i="810" t="亮度级别"/>
		<phrase i="811" t="饱和度级别"/>
		<phrase i="812" t="对比度级别"/>
		<phrase i="813" t="锐度级别"/>
		<phrase i="814" t="防闪烁"/>
		<phrase i="815" t="菜单"/>
		<phrase i="816" t="音频设置"/>
		<phrase i="817" t="自动启动视频传送"/>
		<phrase i="818" t="视频屏幕模式(窗口)"/>
		<phrase i="819" t="主控"/>
		<phrase i="820" t="从控"/>
		<phrase i="821" t="1000BT LAN 时钟"/>
		<phrase i="822" t="1000BT PC 时钟"/>
		<phrase i="823" t="呼叫类型"/>
		<phrase i="824" t="音频"/>
		<phrase i="825" t="视频"/>
		<phrase i="826" t="会议电话 SIP"/>
		<phrase i="827" t="HDX 首选项"/>
		<phrase i="828" t="语音呼叫类型"/>
		<phrase i="829" t="回声消除"/>
		<phrase i="830" t="回声消除模式"/>
		<phrase i="831" t="进入"/>
		<phrase i="832" t="视频屏幕模式(全屏)"/>
		<phrase i="833" t="相框"/>
		<phrase i="834" t="屏幕保护程序"/>
		<phrase i="835" t="文件夹"/>
		<phrase i="836" t="每个图像所需时间(秒)"/>
		<phrase i="837" t="等待时间(分)"/>
		<phrase i="838" t="屏幕保护程序类型"/>
		<phrase i="839" t="未找到图片。"/>
		<phrase i="840" t="背景图像已更改。"/>
		<phrase i="841" t="视频传送/接收"/>
		<phrase i="842" t="音频传送/接收"/>
		<phrase i="843" t="媒体播放编解码器"/>
		<phrase i="844" t="传送/接收视频格式"/>
		<phrase i="845" t="传送/接收视频帧速率"/>
		<phrase i="846" t="传送/接收视频位速率(kbps)"/>
		<phrase i="847" t="传送/接收视频更新请求"/>
		<phrase i="848" t="媒体包"/>
		<phrase i="849" t="USB 集线器已连接。"/>
		<phrase i="850" t="USB 集线器已断开连接。"/>
		<phrase i="851" t="USB 鼠标已连接。"/>
		<phrase i="852" t="USB 鼠标已断开连接。"/>
		<phrase i="853" t="USB 键盘已连接。"/>
		<phrase i="854" t="USB 键盘已断开连接。"/>
		<phrase i="855" t="支持视频"/>
		<phrase i="856" t="活动视频"/>
		<phrase i="857" t="视频统计"/>
		<phrase i="858" t="音频统计"/>
		<phrase i="859" t="清屏"/>
		<phrase i="860" t="触摸屏已禁用。"/>
		<phrase i="861" t="按任意键退出。"/>
		<phrase i="862" t="本地文件"/>
		<phrase i="863" t="应用程序启动平台"/>
		<phrase i="864" t="音频传送编解码器"/>
		<phrase i="865" t="音频接收编解码器"/>
		<phrase i="866" t="视频传送编解码器"/>
		<phrase i="867" t="视频接收编解码器"/>
		<phrase i="868" t="空白屏幕"/>
		<phrase i="869" t="自动视频全屏"/>
		<phrase i="870" t="选择视频"/>
		<phrase i="871" t="快速设置" t.VVX_1500="快速设置"/>
		<phrase i="872" t="快速设置"/>
		<phrase i="873" t="背景文件格式不受支持。"/>
		<phrase i="874" t="在运行以太网诊断之前，"/>
		<phrase i="875" t="断开电话与网络的连接。"/>
		<phrase i="876" t="按 [0-4] 键进行网络测试。"/>
		<phrase i="877" t="模式: 正常模式"/>
		<phrase i="878" t="不受支持的模式。"/>
		<phrase i="879" t="辅助输出处于活动状态。"/>
		<phrase i="880" t="辅助输出处于非活动状态。"/>
		<phrase i="881" t="ACD"/>
		<phrase i="882" t="登录"/>
		<phrase i="883" t="登出"/>
		<phrase i="884" t="代理登录" t.IP_330="代理登录"/>
		<phrase i="885" t="代理登出" t.IP_330="代理登出"/>
		<phrase i="886" t="ACD 登录/登出"/>
		<phrase i="887" t="ACD 代理状态"/>
		<phrase i="888" t="初始 ACD 状态"/>
		<phrase i="889" t="代理登录"/>
		<phrase i="890" t="代理登出"/>
		<phrase i="891" t="结束"/>
		<phrase i="892" t="代理状态"/>
		<phrase i="893" t="未配置服务器。"/>
		<phrase i="894" t="数据包抖动(ms)"/>
		<phrase i="895" t="最大抖动(ms)"/>
		<phrase i="896" t="HDX 分机"/>
		<phrase i="897" t="输入 HDX 分机："/>
		<phrase i="898" t="50 Hz"/>
		<phrase i="899" t="60 Hz"/>
		<phrase i="900" t="选择环境"/>
		<phrase i="901" t="视频呼叫设置"/>
		<phrase i="902" t="视频屏幕模式"/>
		<phrase i="903" t="本地相机视图"/>
		<phrase i="904" t="本地相机视图(常规)"/>
		<phrase i="905" t="本地相机视图(全屏)"/>
		<phrase i="906" t="本地相机视图模式(全屏)"/>
		<phrase i="907" t="修剪"/>
		<phrase i="908" t="并排"/>
		<phrase i="909" t="视频处于激活状态时\n一次只能显示一方。"/>
		<phrase i="910" t="节电"/>
		<phrase i="911" t="超时"/>
		<phrase i="912" t="办公时间"/>
		<phrase i="913" t="用户检测"/>
		<phrase i="914" t="启动时间"/>
		<phrase i="915" t="办公时间待机超时"/>
		<phrase i="916" t="非办公时间待机超时"/>
		<phrase i="917" t="用户输入待机超时"/>
		<phrase i="918" t="办公时间灵敏度"/>
		<phrase i="919" t="非办公时间灵敏度"/>
		<phrase i="920" t="非办公时间模式"/>
		<phrase i="921" t="输入更多字符......" t.IP_330="输入更多字符......" t.VVX_1500="收到太多结果。请输入更多字符。"/>
		<phrase i="922" t="高级搜索"/>
		<phrase i="923" t="高级搜索"/>
		<phrase i="924" t="结束整个会议?"/>
		<phrase i="925" t=""/>
		<phrase i="926" t=""/>
		<phrase i="927" t=""/>
		<phrase i="928" t=""/>
		<phrase i="929" t=""/>
		<phrase i="930" t=""/>
		<phrase i="931" t=""/>
		<phrase i="932" t=""/>
		<phrase i="933" t=""/>
		<phrase i="934" t=""/>
		<phrase i="935" t=""/>
		<phrase i="936" t=""/>
		<phrase i="937" t=""/>
		<phrase i="938" t="Speakerphone"/>
		<phrase i="939" t=""/>
		<phrase i="940" t=""/>
		<phrase i="941" t=""/>
		<phrase i="942" t=""/>
		<phrase i="943" t=""/>
		<phrase i="944" t=""/>
		<phrase i="945" t=""/>
		<phrase i="946" t=""/>
		<phrase i="947" t=""/>
		<phrase i="948" t=""/>
		<phrase i="949" t=""/>
		<phrase i="950" t=""/>
		<phrase i="951" t=""/>
		<phrase i="952" t=""/>
		<phrase i="953" t=""/>
		<phrase i="954" t=""/>
		<phrase i="955" t=""/>
		<phrase i="956" t=""/>
		<phrase i="957" t=""/>
		<phrase i="958" t=""/>
		<phrase i="959" t="优先化背景"/>
		<phrase i="960" t="选择背景"/>
		<phrase i="961" t="背景"/>
		<phrase i="962" t="线路配置"/>
		<phrase i="963" t="SIP 服务器配置" t.VVX_1500="呼叫服务器配置"/>
		<phrase i="964" t="OAI Alert"/>
		<phrase i="965" t="OAI Call"/>
		<phrase i="966" t="LLDP"/>
		<phrase i="967" t="位置信息"/>
		<phrase i="968" t="屏幕截图"/>
		<phrase i="969" t="SK1"/>
		<phrase i="970" t="SK2"/>
		<phrase i="971" t="SK3"/>
		<phrase i="972" t="SK4"/>
		<phrase i="973" t="USB 存储: 余下 %s。"/>
		<phrase i="974" t="已安装"/>
		<phrase i="975" t="未安装"/>
		<phrase i="976" t="无效"/>
		<phrase i="977" t="需要 ACD 线路登录。"/>
		<phrase i="978" t="呼叫速度"/>
		<phrase i="979" t="选择呼叫速度"/>
		<phrase i="980" t="传输/接收呼叫速度 (kbps)"/>
		<phrase i="981" t="USB 存储: 已满。"/>
		<phrase i="982" t="协议配置"/>
		<phrase i="983" t="选择协议"/>
		<phrase i="984" t="协议类型"/>
		<phrase i="985" t="SIP"/>
		<phrase i="986" t="H.323"/>
		<phrase i="987" t="SIP + H.323"/>
		<phrase i="988" t="自动发现网闸"/>
		<phrase i="989" t="用户 ID"/>
		<phrase i="990" t="线路密钥"/>
		<phrase i="991" t="呼叫服务器"/>
		<phrase i="992" t="呼叫服务器列表为空"/>
		<phrase i="993" t="振铃器输出"/>
		<phrase i="994" t="记录"/>
		<phrase i="995" t="记录已暂停"/>
		<phrase i="996" t="许可证"/>
		<phrase i="997" t="未安装许可证"/>
		<phrase i="998" t="Diffie-Hellman Secret Key"/>
		<phrase i="999" t="不支持的链接"/>
		<phrase i="1000" t="安全外壳"/>
		<phrase i="1001" t="SSH 连接"/>
		<phrase i="1002" t="SSH 状态"/>
		<phrase i="1003" t="网关端口"/>
		<phrase i="1004" t="已连接"/>
		<phrase i="1005" t="错误代码"/>
		<phrase i="1006" t="使用 H.323"/>
		<phrase i="1007" t="使用 SIP"/>
		<phrase i="1008" t="使用自动"/>
		<phrase i="1009" t="(SIP 路由)"/>
		<phrase i="1010" t="(H.323 路由)"/>
		<phrase i="1011" t="(自动路由)"/>
		<phrase i="1012" t="请选择&quot;使用 SIP&quot;  或&quot;使用 H.323&quot;"/>
		<phrase i="1013" t="未指定"/>
		<phrase i="1014" t="应用继续"/>
		<phrase i="1015" t="应用起始"/>
		<phrase i="1016" t="记录 (按住)"/>
		<phrase i="1017" t="协议路由"/>
		<phrase i="1018" t="手动协议路由"/>
		<phrase i="1019" t="软键控制"/>
		<phrase i="1020" t="优先协议"/>
		<phrase i="1021" t="自动应答"/>
		<phrase i="1022" t="自动应答 SIP 呼叫"/>
		<phrase i="1023" t="自动应答 H.323 呼叫"/>
		<phrase i="1024" t="麦克风静音"/>
		<phrase i="1025" t="视频静音"/>
		<phrase i="1026" t="自动路由优先选择"/>
		<phrase i="1027" t="协议"/>
		<phrase i="1028" t="SIP 协议"/>
		<phrase i="1029" t="H.323 协议"/>
		<phrase i="1030" t="允许共享 "/>
		<phrase i="1031" t="可闻振铃器"/>
		<phrase i="1032" t="选项 60 格式"/>
		<phrase i="1033" t="RFC3925 二进制"/>
		<phrase i="1034" t="ASCII 串"/>
		<phrase i="1035" t=""/>
		<phrase i="1036" t=""/>
		<phrase i="1037" t=""/>
		<phrase i="1038" t=""/>
		<phrase i="1039" t=""/>
		<phrase i="1040" t=""/>
		<phrase i="1041" t=""/>
		<phrase i="1042" t=""/>
		<phrase i="1043" t=""/>
		<phrase i="1044" t=""/>
		<phrase i="1045" t=""/>
		<phrase i="1046" t=""/>
		<phrase i="1047" t=""/>
		<phrase i="1048" t=""/>
		<phrase i="1049" t=""/>
		<phrase i="1050" t=""/>
		<phrase i="1051" t=""/>
		<phrase i="1052" t=""/>
		<phrase i="1053" t=""/>
		<phrase i="1054" t=""/>
		<phrase i="1055" t=""/>
		<phrase i="1056" t=""/>
		<phrase i="1057" t=""/>
		<phrase i="1058" t=""/>
		<phrase i="1059" t=""/>
		<phrase i="1060" t=""/>
		<phrase i="1061" t=""/>
		<phrase i="1062" t=""/>
		<phrase i="1063" t=""/>
		<phrase i="1064" t=""/>
		<phrase i="1065" t=""/>
		<phrase i="1066" t=""/>
		<phrase i="1067" t=""/>
		<phrase i="1068" t=""/>
		<phrase i="1069" t=""/>
		<phrase i="1070" t=""/>
		<phrase i="1071" t=""/>
		<phrase i="1072" t=""/>
		<phrase i="1073" t=""/>
		<phrase i="1074" t=""/>
		<phrase i="1075" t=""/>
		<phrase i="1076" t=""/>
		<phrase i="1077" t=""/>
		<phrase i="1078" t=""/>
		<phrase i="1079" t=""/>
		<phrase i="1080" t=""/>
		<phrase i="1081" t=""/>
		<phrase i="1082" t=""/>
		<phrase i="1083" t=""/>
		<phrase i="1084" t=""/>
		<phrase i="1085" t=""/>
		<phrase i="1086" t=""/>
		<phrase i="1087" t=""/>
		<phrase i="1088" t=""/>
		<phrase i="1089" t=""/>
		<phrase i="1090" t=""/>
		<phrase i="1091" t=""/>
		<phrase i="1092" t=""/>
		<phrase i="1093" t=""/>
		<phrase i="1094" t=""/>
		<phrase i="1095" t=""/>
		<phrase i="1096" t=""/>
		<phrase i="1097" t=""/>
		<phrase i="1098" t=""/>
		<phrase i="1099" t=""/>
		<phrase i="1100" t=""/>
		<phrase i="1101" t=""/>
		<phrase i="1102" t=""/>
		<phrase i="1103" t=""/>
		<phrase i="1104" t=""/>
		<phrase i="1105" t=""/>
		<phrase i="1106" t=""/>
		<phrase i="1107" t=""/>
		<phrase i="1108" t=""/>
		<phrase i="1109" t=""/>
		<phrase i="1110" t=""/>
		<phrase i="1111" t=""/>
		<phrase i="1112" t=""/>
		<phrase i="1113" t=""/>
		<phrase i="1114" t=""/>
		<phrase i="1115" t=""/>
		<phrase i="1116" t=""/>
		<phrase i="1117" t="保存并重启"/>
		<phrase i="1118" t=""/>
		<phrase i="1119" t="2.5 mm Mode"/>
		<phrase i="1120" t="Cell Phone"/>
		<phrase i="1121" t="PC Link"/>
		<phrase i="1122" t="Prompt"/>
		<phrase i="1123" t="Operational Mode"/>
		<phrase i="1124" t="PSTN"/>
		<phrase i="1125" t="Retained Message"/>
		<phrase i="1126" t=""/>
		<phrase i="1127" t="触屏诊断"/>
		<phrase i="1128" t="按任何键退出。"/>
		<phrase i="1129" t="接触显示屏以进行测试。"/>
		<phrase i="1130" t="CMA 目录"/>
		<phrase i="1131" t="组"/>
		<phrase i="1132" t="添加联系人"/>
		<phrase i="1133" t="CMA 菜单"/>
		<phrase i="1134" t="CMA 模式"/>
		<phrase i="1135" t="CMA 服务器"/>
		<phrase i="1136" t="登录凭证"/>
		<phrase i="1137" t="用户"/>
		<phrase i="1138" t="有效期"/>
		<phrase i="1139" t="过期"/>
		<phrase i="1140" t="重设网络配置" t.IP_330="重设网络配置"/>
		<phrase i="1141" t="TR-069 Enable"/>
		<phrase i="1142" t="TR-069 URL"/>
		<phrase i="1143" t="TR-069 SSL"/>
		<phrase i="1144" t="TR-069 Inform Interval"/>
		<phrase i="1145" t="TR-069 Username"/>
		<phrase i="1146" t="TR-069 Password"/>
		<phrase i="1147" t="锁定电话"/>
		<phrase i="1148" t="锁定"/>
		<phrase i="1149" t="解锁"/>
		<phrase i="1150" t="电话已锁定。"/>
		<phrase i="1151" t="仅限获授权通话。"/>
		<phrase i="1152" t="锁定时 DND"/>
		<phrase i="1153" t="锁定时允许振铃"/>
		<phrase i="1154" t="对电话解锁?"/>
		<phrase i="1155" t="应答电话?"/>
		<phrase i="1156" t="进行获授权通话"/>
		<phrase i="1157" t="未获授权的号码"/>
		<phrase i="1158" t="电话号码"/>
		<phrase i="1159" t="SIP 地址"/>
		<phrase i="1160" t="Shutdown initiated"/>
		<phrase i="1161" t="On-hook Dialing"/>
		<phrase i="1162" t="Off-hook Dialing"/>
		<phrase i="1163" t="音频模式"/>
		<phrase i="1164" t="Country"/>
		<phrase i="1165" t="联系人不支持显示状态。保存至本地联系人目录?"/>
		<phrase i="1166" t="Flash Timing"/>
		<phrase i="1167" t="Caller ID"/>
		<phrase i="1168" t="80"/>
		<phrase i="1169" t="100"/>
		<phrase i="1170" t="300"/>
		<phrase i="1171" t="600"/>
		<phrase i="1172" t="Removed"/>
		<phrase i="1173" t="通话日志"/>
		<phrase i="1174" t="无法锁定电话。"/>
		<phrase i="1175" t="PSTN Extension"/>
		<phrase i="1176" t="Enter PSTN Extension:"/>
		<phrase i="1177" t="搜索"/>
		<phrase i="1178" t="听筒/耳机"/>
		<phrase i="1179" t="您不能将自己添加到好友列表。"/>
		<phrase i="1180" t="Dismiss"/>
		<phrase i="1181" t="Snooze"/>
		<phrase i="1182" t="%s will start in %d %s at %s"/>
		<phrase i="1183" t="Calendar"/>
		<phrase i="1184" t="minutes"/>
		<phrase i="1185" t="seconds"/>
		<phrase i="1186" t="minute"/>
		<phrase i="1187" t="second"/>
		<phrase i="1188" t="Keypad Lock"/>
		<phrase i="1189" t="Keypad Unlock"/>
		<phrase i="1190" t="Keypad locked."/>
		<phrase i="1191" t="Lock the phone?"/>
		<phrase i="1192" t="未发现组。"/>
		<phrase i="1193" t="设备证书"/>
		<phrase i="1194" t="Polycom 证书" t.VVX_1500="Polycom 证书已配置"/>
		<phrase i="1195" t="证书已加载" t.VVX_1500="配置的证书已加载"/>
		<phrase i="1196" t="存在 Polycom" t.VVX_1500="存在 Polycom 设备证书"/>
		<phrase i="1197" t="存在自定义" t.VVX_1500="存在自定义设备证书"/>
		<phrase i="1198" t="自定义说明" t.VVX_1500="自定义设备证书说明"/>
		<phrase i="1199" t="TR-069 Upgrades Managed"/>
		<phrase i="1200" t="设备证书"/>
		<phrase i="1201" t="正在进行回放。"/>
		<phrase i="1202" t="本地联系人目录为只读。"/>
		<phrase i="1203" t="CMA 验证失败。"/>
		<phrase i="1204" t="CMA 预配置错误。"/>
		<phrase i="1205" t="远程键盘和鼠标"/>
		<phrase i="1206" t="电话在计算机左侧还是右侧？"/>
		<phrase i="1207" t="左"/>
		<phrase i="1208" t="右"/>
		<phrase i="1209" t="列表"/>
		<phrase i="1210" t="输入原因代码"/>
		<phrase i="1211" t="上载配置"/>
		<phrase i="1212" t="TR-069"/>
		<phrase i="1213" t="CMA"/>
		<phrase i="1214" t="所有资源"/>
		<phrase i="1215" t="本地"/>
		<phrase i="1216" t="Web"/>
		<phrase i="1217" t="上载"/>
		<phrase i="1218" t="配置文件" t.IP_330="配置文件"/>
		<phrase i="1219" t="不可用的原因代码"/>
		<phrase i="1220" t="代理不可用。"/>
		<phrase i="1221" t="配置文件警告" t.IP_330="Pre3.3.0 配置"/>
		<phrase i="1222" t=" 包含 pre-3.3.0 参数"/>
		<phrase i="1223" t="无"/>
		<phrase i="1224" t="摘要"/>
		<phrase i="1225" t="发现重复参数" t.IP_330="发现重复项"/>
		<phrase i="1226" t="发现错误"/>
		<phrase i="1227" t="已接受参数"/>
		<phrase i="1228" t="发现 Pre-3.3.0 参数。"/>
		<phrase i="1229" t="发现 pre-3.3.0 参数位于:" t.IP_330="pre-3.3.0 参数位于:"/>
		<phrase i="1230" t="查询仍处于未决状态，请稍候重试。"/>
		<phrase i="1231" t="CMA 目录未注册。"/>
		<phrase i="1232" t="CMA 状态未注册。"/>
		<phrase i="1233" t="呼叫信息"/>
		<phrase i="1234" t="更新配置"/>
		<phrase i="1235" t="无效的登录凭证。"/>
		<phrase i="1236" t="无法检索地址。"/>
		<phrase i="1237" t="呼叫联系人失败。"/>
		<phrase i="1238" t="添加联系人失败。"/>
		<phrase i="1239" t="CMA 状态"/>
		<phrase i="1240" t="状态注册"/>
		<phrase i="1241" t="目录注册"/>
		<phrase i="1242" t="预配置状态"/>
		<phrase i="1243" t="服务器主机名"/>
		<phrase i="1244" t="软件更新检查"/>
		<phrase i="1245" t="配置文件更新检查"/>
		<phrase i="1246" t="Heartbeat 报告"/>
		<phrase i="1247" t="成功"/>
		<phrase i="1248" t="失败"/>
		<phrase i="1249" t="邀请"/>
		<phrase i="1250" t="好友邀请处于未决状态"/>
		<phrase i="1251" t="状态"/>
		<phrase i="1252" t="接受邀请的方式"/>
		<phrase i="1253" t="预配置查询间隔"/>
		<phrase i="1254" t="自动"/>
		<phrase i="1255" t="重新验证"/>
		<phrase i="1256" t="如果凭证无效，重新验证则会锁定用户帐户。"/>
		<phrase i="1257" t="您是否要继续？"/>
		<phrase i="1258" t="预配置错误" t.IP_330="配置错误"/>
		<phrase i="1259" t="无法更新配置。"/>
                <phrase i="1260" t="" />
                <phrase i="1261" t="" />
                <phrase i="1262" t="" />
                <phrase i="1263" t="转发" />
	</phrases>
</dictionary>