﻿<?xml version="1.0" encoding="UTF-8" standalone="yes"?>
<dictionary>
	<phrases>
		<phrase i="0" t="Atrás"/>
		<phrase i="1" t="Marcar"/>
		<phrase i="2" t="Editar contacto"/>
		<phrase i="3" t="Edición"/>
		<phrase i="4" t="Arriba"/>
		<phrase i="5" t="Guardar"/>
		<phrase i="6" t="Más"/>
		<phrase i="7" t="Nuevo"/>
		<phrase i="8" t="Ok"/>
		<phrase i="9" t="Agregar"/>
		<phrase i="10" t="Borrar"/>
		<phrase i="11" t="Información"/>
		<phrase i="12" t="Enviar"/>
		<phrase i="13" t="Seleccionar"/>
		<phrase i="14" t="Borrar"/>
		<phrase i="15" t="Importar"/>
		<phrase i="16" t="Bloquear"/>
		<phrase i="17" t="Vigilar"/>
		<phrase i="18" t="Desbloquear" t.IP_330="Desbloq."/>
		<phrase i="19" t="Mi estado" t.VVX_1500="My Status"/>
		<phrase i="20" t="Amigos" t.IP_330="Amigo"/>
		<phrase i="21" t="Reanudar"/>
		<phrase i="22" t="Reproducir"/>
		<phrase i="23" t="Finalizar llamada" t.IP_330="FinLlam."/>
		<phrase i="24" t="Nueva llamada" t.IP_330="NuevaLlam."/>
		<phrase i="25" t="Rellamada"/>
		<phrase i="26" t="Contestar"/>
		<phrase i="27" t="Nombre"/>
		<phrase i="28" t="Número"/>
		<phrase i="29" t="Espera"/>
		<phrase i="30" t="Confrc." t.IP_330="Confrc." t.VVX_1500="Conferencia"/>
		<phrase i="31" t="Trnsfer." t.IP_330="Trnsfer." t.VVX_1500="Transferir"/>
		<phrase i="32" t="Terminar"/>
		<phrase i="33" t="Siguiente"/>
		<phrase i="34" t="Prev" t.VVX_1500="Anterior"/>
		<phrase i="35" t="Responder"/>
		<phrase i="36" t="Salir"/>
		<phrase i="37" t="Cancelar"/>
		<phrase i="38" t="a-&gt;A"/>
		<phrase i="39" t="A-&gt;a"/>
		<phrase i="40" t="-&gt;ABC"/>
		<phrase i="41" t="&lt;&lt;"/>
		<phrase i="42" t="Enviar"/>
		<phrase i="43" t="SigPág." t.VVX_1500="Página siguiente"/>
		<phrase i="44" t="Actualizar"/>
		<phrase i="45" t="Mensajes instantáneos"/>
		<phrase i="46" t="No hay msjs"/>
		<phrase i="47" t="Enviar mensaje a "/>
		<phrase i="48" t="Introduzca mensaje para "/>
		<phrase i="49" t="Mi condición"/>
		<phrase i="50" t="Directorio"/>
		<phrase i="51" t="Directorios"/>
		<phrase i="52" t="Servicio"/>
		<phrase i="53" t="Aplicaciones"/>
		<phrase i="54" t="Marcado rápido"/>
		<phrase i="55" t="Inf. marcado rápido" t.VVX_1500="Información marcación rápida"/>
		<phrase i="56" t="Listas de llamadas"/>
		<phrase i="57" t="Editar contacto"/>
		<phrase i="58" t="Lista vigilada"/>
		<phrase i="59" t="Observ. al usuario"/>
		<phrase i="60" t="Lista bloqueada"/>
		<phrase i="61" t="Llamadas perdidas"/>
		<phrase i="62" t="Llamadas recibidas"/>
		<phrase i="63" t="Llamadas hechas"/>
		<phrase i="64" t="Compatibilidad CDP" t.IP_330="Compat. CDP"/>
		<phrase i="65" t="Inf. aplicación"/>
		<phrase i="66" t="Códecs compatibles"/>
		<phrase i="67" t="Agregar a vigilar"/>
		<phrase i="68" t="Resumen red"/>
		<phrase i="69" t="Listas de amigos"/>
		<phrase i="70" t="Condición amigos"/>
		<phrase i="71" t="Tipo timbre"/>
		<phrase i="72" t="Estado"/>
		<phrase i="73" t="Configuración"/>
		<phrase i="74" t="Menú principal"/>
		<phrase i="75" t="Estadísticas de red"/>
		<phrase i="76" t="Estadísticas multimedia"/>
		<phrase i="77" t="Versión firmware"/>
		<phrase i="78" t="Contraste"/>
		<phrase i="79" t="Configuración de red"/>
		<phrase i="80" t="Llamar información"/>
		<phrase i="81" t="Información"/>
		<phrase i="82" t="Información del sistema"/>
		<phrase i="83" t="Activo"/>
		<phrase i="84" t="Inactivo"/>
		<phrase i="85" t="Desconocido"/>
		<phrase i="86" t="día"/>
		<phrase i="87" t="días"/>
		<phrase i="88" t="Solicitando..."/>
		<phrase i="89" t="Falló solicitud."/>
		<phrase i="90" t="Inglés"/>
		<phrase i="91" t="Interno"/>
		<phrase i="92" t="Dúplex completo"/>
		<phrase i="93" t="Medio dúplex"/>
		<phrase i="94" t="Ver"/>
		<phrase i="95" t="*** ALERTA ***"/>
		<phrase i="96" t="Enrutador"/>
		<phrase i="97" t="Abajo"/>
		<phrase i="98" t="Tiempo transcurrido"/>
		<phrase i="99" t="PqtRcvdo"/>
		<phrase i="100" t="PqtTrans"/>
		<phrase i="101" t="PqtPerdidos"/>
		<phrase i="102" t="Puerto LAN"/>
		<phrase i="103" t="Puerto PC"/>
		<phrase i="104" t="Mens. instant." t.IP_330="MI"/>
		<phrase i="105" t="Especificar origen"/>
		<phrase i="106" t="Activar"/>
		<phrase i="107" t="Inestabilidad  (ms)"/>
		<phrase i="108" t="Inestabilidad máx. (ms)"/>
		<phrase i="109" t="Latencia (ms)"/>
		<phrase i="110" t="Rev. Apl."/>
		<phrase i="111" t="Rev. Inicial."/>
		<phrase i="112" t="Timbre"/>
		<phrase i="113" t="No hay récord"/>
		<phrase i="114" t="Llamadas perdidas"/>
		<phrase i="115" t="Llamadas recibidas"/>
		<phrase i="116" t="Llamadas hechas"/>
		<phrase i="117" t="Borrado"/>
		<phrase i="118" t="Contacto"/>
		<phrase i="119" t="PM"/>
		<phrase i="120" t="AM"/>
		<phrase i="121" t="Hora"/>
		<phrase i="122" t="Nombre"/>
		<phrase i="123" t="Duración"/>
		<phrase i="124" t=" dice: "/>
		<phrase i="125" t="Mensaje a "/>
		<phrase i="126" t="Recibí tu mensaje."/>
		<phrase i="127" t="Llámame."/>
		<phrase i="128" t="Llama más tarde."/>
		<phrase i="129" t="No puedo hablar."/>
		<phrase i="130" t="¿Almorzamos?"/>
		<phrase i="131" t="Importado"/>
		<phrase i="132" t="Falló importar!!"/>
		<phrase i="133" t="Idioma"/>
		<phrase i="134" t="Escribir número"/>
		<phrase i="135" t="Escribir URL"/>
		<phrase i="136" t="Dividir"/>
		<phrase i="137" t="Unir"/>
		<phrase i="138" t="A"/>
		<phrase i="139" t="De"/>
		<phrase i="140" t="Redirigir" t.IP_330="Redir."/>
		<phrase i="141" t="Para"/>
		<phrase i="142" t="No colgar"/>
		<phrase i="143" t="Retenida"/>
		<phrase i="144" t=" nuevo mensaje"/>
		<phrase i="145" t=" nuevos mensajes"/>
		<phrase i="146" t="Llamar"/>
		<phrase i="147" t="Enlace no funciona"/>
		<phrase i="148" t="Reconfigurando red" t.IP_330="Reconfigurando" t.VVX_1500="Reconfigurando"/>
		<phrase i="149" t=" nueva llamada perdida"/>
		<phrase i="150" t=" nuevas llamadas perdidas"/>
		<phrase i="151" t="Reinicializando"/>
		<phrase i="152" t="Llamada retenida"/>
		<phrase i="153" t="Desconectado"/>
		<phrase i="154" t="En línea"/>
		<phrase i="155" t="Ocupado"/>
		<phrase i="156" t="Ya vuelvo"/>
		<phrase i="157" t="Ausente"/>
		<phrase i="158" t="En el teléfono"/>
		<phrase i="159" t="Está almorzando"/>
		<phrase i="160" t="Estoy en reunión"/>
		<phrase i="161" t="Fuera de línea"/>
		<phrase i="162" t="No molestar"/>
		<phrase i="163" t="Tiempo de espera"/>
		<phrase i="164" t="Servidor de inicio"/>
		<phrase i="165" t="Opt ServInic"/>
		<phrase i="166" t="Tipo ServInic"/>
		<phrase i="167" t="Tipo de servidor" t.IP_330="TipoServidor"/>
		<phrase i="168" t="Dirección Srv" t.IP_330="DirServidor"/>
		<phrase i="169" t="Usuario de servidor" t.IP_330="UsuarioServidor"/>
		<phrase i="170" t="Contraseña del servidor" t.IP_330="ContrServidor"/>
		<phrase i="171" t="Cliente DHCP" t.IP_330="ClienteDHCP"/>
		<phrase i="172" t="Menú DHCP"/>
		<phrase i="173" t="Dir. tel. IP" t.VVX_1500="Dirección IP del teléfono"/>
		<phrase i="174" t="Máscara de subred" t.IP_330="MascSubred"/>
		<phrase i="175" t="Puerta de enlace IP"/>
		<phrase i="176" t="Menú de servidor" t.IP_330="MenúServidor"/>
		<phrase i="177" t="Dirección SNTP" t.IP_330="DirSNTP"/>
		<phrase i="178" t="Ajuste GMT"/>
		<phrase i="179" t="Servidor DNS"/>
		<phrase i="180" t="Servidor alt. DNS"/>
		<phrase i="181" t="Dominio DNS"/>
		<phrase i="182" t="Id. de VLAN"/>
		<phrase i="183" t=" Guardar config"/>
		<phrase i="184" t=" Salir sin guardar"/>
		<phrase i="185" t=" Reanudar config"/>
		<phrase i="186" t="DHCP"/>
		<phrase i="187" t="MAC"/>
		<phrase i="188" t="IP"/>
		<phrase i="189" t="DNS"/>
		<phrase i="190" t="Boot Server"/>
		<phrase i="191" t="DNS Alt."/>
		<phrase i="192" t="Opción 66"/>
		<phrase i="193" t="Config. personl."/>
		<phrase i="194" t="Estática"/>
		<phrase i="195" t="Dirección IP"/>
		<phrase i="196" t="Cadena"/>
		<phrase i="197" t="FTP"/>
		<phrase i="198" t="FTP trivial"/>
		<phrase i="199" t="Activado"/>
		<phrase i="200" t="Desactivado"/>
		<phrase i="201" t="Máscara"/>
		<phrase i="202" t="**-**"/>
		<phrase i="203" t="Dominio"/>
		<phrase i="204" t="Id VLan"/>
		<phrase i="205" t="Servidor"/>
		<phrase i="206" t="Ref Apl"/>
		<phrase i="207" t="Archivo"/>
		<phrase i="208" t="Config"/>
		<phrase i="209" t="Bootrom"/>
		<phrase i="210" t="# parte hw"/>
		<phrase i="211" t="TxCodec"/>
		<phrase i="212" t="RxCodec"/>
		<phrase i="213" t="Idioma cambiado."/>
		<phrase i="214" t="Falló cambio idioma."/>
		<phrase i="215" t="Espere..."/>
		<phrase i="216" t="Seleccionar línea"/>
		<phrase i="217" t="Línea"/>
		<phrase i="218" t="Buscar"/>
		<phrase i="219" t="Arreglar"/>
		<phrase i="220" t="Buscar directorio"/>
		<phrase i="221" t="Arreglar directorio"/>
		<phrase i="222" t="Nombre"/>
		<phrase i="223" t="Apellido"/>
		<phrase i="224" t="Estatus sistema"/>
		<phrase i="225" t="General"/>
		<phrase i="226" t="Directorio de contactos"/>
		<phrase i="227" t="Contactando..."/>
		<phrase i="228" t="Personaliz+Opc.. 66"/>
		<phrase i="229" t="Información de línea"/>
		<phrase i="230" t="Registrado"/>
		<phrase i="231" t="No registrado"/>
		<phrase i="232" t="Autenticación"/>
		<phrase i="233" t="Usuario reg."/>
		<phrase i="234" t="Contraseña reg."/>
		<phrase i="235" t="Video"/>
		<phrase i="236" t="Mensajes"/>
		<phrase i="237" t="Centro de mensajes"/>
		<phrase i="238" t="En conferencia"/>
		<phrase i="239" t="Urgente"/>
		<phrase i="240" t="Urgentes"/>
		<phrase i="241" t="Nuevo"/>
		<phrase i="242" t="Nuevos"/>
		<phrase i="243" t="Viejo"/>
		<phrase i="244" t="Viejos"/>
		<phrase i="245" t="Conectar" t.IP_330="Conect."/>
		<phrase i="246" t="Agregar directorio"/>
		<phrase i="247" t="Editar contacto"/>
		<phrase i="248" t="Índice marcado rápido"/>
		<phrase i="249" t="Llamada desviada"/>
		<phrase i="250" t="Rechazar"/>
		<phrase i="251" t="Desviar" t.IP_330="Desv."/>
		<phrase i="252" t="Esta llamada"/>
		<phrase i="253" t="Restaurar valores usuario"/>
		<phrase i="254" t="Desviar contacto"/>
		<phrase i="255" t="Auto rechazar"/>
		<phrase i="256" t="Auto desviar"/>
		<phrase i="257" t="Guardado"/>
		<phrase i="258" t="Error"/>
		<phrase i="259" t="Contacto ya existe."/>
		<phrase i="260" t="Desactivar"/>
		<phrase i="261" t="Vigilar amigo"/>
		<phrase i="262" t="Bloquear amigo"/>
		<phrase i="263" t="Vuelva a intentar."/>
		<phrase i="264" t="Reloj"/>
		<phrase i="265" t="Fecha"/>
		<phrase i="266" t="Formato"/>
		<phrase i="267" t="Domingo"/>
		<phrase i="268" t="Lunes"/>
		<phrase i="269" t="Martes"/>
		<phrase i="270" t="Miércoles"/>
		<phrase i="271" t="Jueves"/>
		<phrase i="272" t="Viernes"/>
		<phrase i="273" t="Sábado"/>
		<phrase i="274" t="Enero"/>
		<phrase i="275" t="Febrero"/>
		<phrase i="276" t="Marzo"/>
		<phrase i="277" t="Abril"/>
		<phrase i="278" t="Mayo"/>
		<phrase i="279" t="Junio"/>
		<phrase i="280" t="Julio"/>
		<phrase i="281" t="Agosto"/>
		<phrase i="282" t="Septiembre"/>
		<phrase i="283" t="Octubre"/>
		<phrase i="284" t="Noviembre"/>
		<phrase i="285" t="Diciembre"/>
		<phrase i="286" t="Hora reloj"/>
		<phrase i="287" t="Config. todos"/>
		<phrase i="288" t="Borrar todos"/>
		<phrase i="289" t="Config. Auriculares"/>
		<phrase i="290" t="Auto-detección auriculares"/>
		<phrase i="291" t="Error durante importación."/>
		<phrase i="292" t="Bloqueado por llamada activa." t.VVX_1500="Llama activa, acción abortada."/>
		<phrase i="293" t="Introduzca contacto."/>
		<phrase i="294" t="Transferir a"/>
		<phrase i="295" t="Conferencia a"/>
		<phrase i="296" t="Entrar"/>
		<phrase i="297" t="Cambiar contraseña"/>
		<phrase i="298" t="Cambiar contraseña usuario" t.VVX_1500="Cambiar contraseña usuario"/>
		<phrase i="299" t="Cambiar contraseña Admin." t.VVX_1500="Cambiar contraseña administrador"/>
		<phrase i="300" t="Contraseña usuario"/>
		<phrase i="301" t="Contraseña Admin." t.VVX_1500="Contraseña de administrador"/>
		<phrase i="302" t="Contraseña usuario cambiada." t.VVX_1500="La contraseña de usuario ha cambiado."/>
		<phrase i="303" t="¡Contraseña Admin. cambiada!" t.VVX_1500="La contraseña de admin. ha cambiado."/>
		<phrase i="304" t="Vuelva a intentar."/>
		<phrase i="305" t="Vieja contraseña"/>
		<phrase i="306" t="Nueva contraseña"/>
		<phrase i="307" t="Confirmar contraseña"/>
		<phrase i="308" t="Contraseña muy corta." t.VVX_1500="Contraseña muy corta."/>
		<phrase i="309" t="PgAnt" t.VVX_1500="Página anterior"/>
		<phrase i="310" t="ASCII"/>
		<phrase i="311" t="Latín"/>
		<phrase i="312" t="Cirílico"/>
		<phrase i="313" t="Unicode"/>
		<phrase i="314" t="Long. máxima es"/>
		<phrase i="315" t="1/A/a"/>
		<phrase i="316" t="Llamada no disponible."/>
		<phrase i="317" t="Codificación" t.IP_330="Codif."/>
		<phrase i="318" t="Velocidad LAN"/>
		<phrase i="319" t="Velocidad PC"/>
		<phrase i="320" t="Desconocido "/>
		<phrase i="321" t="Flash settings reset."/>
		<phrase i="322" t="Modo LAN "/>
		<phrase i="323" t="Modo PC "/>
		<phrase i="324" t="SNTP"/>
		<phrase i="325" t="GMT"/>
		<phrase i="326" t="Hora verano"/>
		<phrase i="327" t="Encendido"/>
		<phrase i="328" t="Des."/>
		<phrase i="329" t="Carga CPU"/>
		<phrase i="330" t="Más rápido"/>
		<phrase i="331" t="Más despacio"/>
		<phrase i="332" t="Cargar"/>
		<phrase i="333" t="Intervalo"/>
		<phrase i="334" t="Directorio demasiado grande."/>
		<phrase i="335" t="No existe ese campo."/>
		<phrase i="336" t="Fin del directorio."/>
		<phrase i="337" t="Este contacto se borró."/>
		<phrase i="338" t="Línea en uso a distancia"/>
		<phrase i="339" t="Carga red"/>
		<phrase i="340" t="Bytes por segundo"/>
		<phrase i="341" t="Paquetes por segundo"/>
		<phrase i="342" t="Carga DSP"/>
		<phrase i="343" t="Carga anfitrión"/>
		<phrase i="344" t="Modo"/>
		<phrase i="345" t="Diagnóstico"/>
		<phrase i="346" t="Diagnóstico del audio"/>
		<phrase i="347" t="Diagnóstico del teclado"/>
		<phrase i="348" t="Diagnóstico de la pantalla" t.VVX_1500="Diagnóstico de la pantalla"/>
		<phrase i="349" t="Altavoz"/>
		<phrase i="350" t="Microteléfono"/>
		<phrase i="351" t="Todo bien"/>
		<phrase i="352" t="Falló"/>
		<phrase i="353" t="Prueba completa"/>
		<phrase i="354" t="Salir: pulse la tecla dos veces."/>
		<phrase i="355" t="Oprima la tecla para verificar la función" t.VVX_1500="Verificar: pulse una tecla"/>
		<phrase i="356" t="Grabar"/>
		<phrase i="357" t="Parar"/>
		<phrase i="358" t="Tecla inválida"/>
		<phrase i="359" t="Gancho conmutador"/>
		<phrase i="360" t="Detenido"/>
		<phrase i="361" t="Tocando"/>
		<phrase i="362" t="Grabando"/>
		<phrase i="363" t="IP duplicado"/>
		<phrase i="364" t="Reinicializar"/>
		<phrase i="365" t="detectado de"/>
		<phrase i="366" t="Dom"/>
		<phrase i="367" t="Lun"/>
		<phrase i="368" t="Mar"/>
		<phrase i="369" t="Mié"/>
		<phrase i="370" t="Jue"/>
		<phrase i="371" t="Vie"/>
		<phrase i="372" t="Sab"/>
		<phrase i="373" t="Ene"/>
		<phrase i="374" t="Feb"/>
		<phrase i="375" t="Mar"/>
		<phrase i="376" t="Abr"/>
		<phrase i="377" t="May"/>
		<phrase i="378" t="Jun"/>
		<phrase i="379" t="Jul"/>
		<phrase i="380" t="Ago"/>
		<phrase i="381" t="Sep"/>
		<phrase i="382" t="Oct"/>
		<phrase i="383" t="Nov"/>
		<phrase i="384" t="Dic"/>
		<phrase i="385" t="Uso de memoria"/>
		<phrase i="386" t="Llamada activa"/>
		<phrase i="387" t="Silencio"/>
		<phrase i="388" t="Servidor no disponible"/>
		<phrase i="389" t="Programar reloj"/>
		<phrase i="390" t="Fecha sobre hora"/>
		<phrase i="391" t="Hora sobre fecha"/>
		<phrase i="392" t="Fecha antes de hora"/>
		<phrase i="393" t="Hora antes de fecha"/>
		<phrase i="394" t="Katakana"/>
		<phrase i="395" t="Tonos llamada en curso"/>
		<phrase i="396" t="No mlst"/>
		<phrase i="397" t="Entrar/salir" t.IP_330="Entr./sal."/>
		<phrase i="398" t="Agt disp" t.IP_330="Dispon."/>
		<phrase i="399" t="Cambio"/>
		<phrase i="400" t="1-&gt;Aa"/>
		<phrase i="401" t="A-&gt;a1"/>
		<phrase i="402" t="a-&gt;1A"/>
		<phrase i="403" t="Mostrar nombre" t.IP_330="MostrNombre"/>
		<phrase i="404" t="Líneas"/>
		<phrase i="405" t="Etiqueta"/>
		<phrase i="406" t="Iniciar registro teclado"/>
		<phrase i="407" t="Llamada URL deshabilitada" t.IP_330="Llamada URL deshabilitada"/>
		<phrase i="408" t="Recoger auricular"/>
		<phrase i="409" t="Modo escuchar"/>
		<phrase i="410" t="Estacionar"/>
		<phrase i="411" t="Recuperar" t.VVX_1500="Recuperar"/>
		<phrase i="412" t="Grupo"/>
		<phrase i="413" t="Dirigido" t.VVX_1500="Dirigido"/>
		<phrase i="414" t="Home"/>
		<phrase i="415" t="Refrescar"/>
		<phrase i="416" t="Devolver última llamada"/>
		<phrase i="417" t="DUL"/>
		<phrase i="418" t="Características"/>
		<phrase i="419" t="Silencioso"/>
		<phrase i="420" t="Auricular"/>
		<phrase i="421" t="Disponibilidad de agente ACD"/>
		<phrase i="422" t="Iniciar/cerrar sesión ACD"/>
		<phrase i="423" t="Inicio de sesión"/>
		<phrase i="424" t="Cierre de sesión"/>
		<phrase i="425" t="Disponible"/>
		<phrase i="426" t="No disponible"/>
		<phrase i="427" t="ID usuario"/>
		<phrase i="428" t="Contraseña"/>
		<phrase i="429" t="Contestar"/>
		<phrase i="430" t="Transferencia silenciosa a"/>
		<phrase i="431" t="Dispon." t.VVX_1500="Disponible"/>
		<phrase i="432" t="No dispon." t.VVX_1500="No disponible"/>
		<phrase i="433" t="Configuración SIP"/>
		<phrase i="434" t="Dirección"/>
		<phrase i="435" t="Tipo de línea"/>
		<phrase i="436" t="Nombre de tercero"/>
		<phrase i="437" t="Privado"/>
		<phrase i="438" t="Compartido"/>
		<phrase i="439" t="Puerto de servidor"/>
		<phrase i="440" t="Consulta DNS"/>
		<phrase i="441" t="Registro"/>
		<phrase i="442" t="Proxy de salida" t.VVX_1500="Proxy de salida SIP"/>
		<phrase i="443" t="Puerto de salida" t.VVX_1500="Puerto de salida SIP"/>
		<phrase i="444" t="En espera RFC2543" t.IP_330="EsperaRFC2543"/>
		<phrase i="445" t="Sí"/>
		<phrase i="446" t="No"/>
		<phrase i="447" t="Únicamente UDP"/>
		<phrase i="448" t="Preferencia TCP"/>
		<phrase i="449" t="Naptr"/>
		<phrase i="450" t="ID de usuario autor." t.VVX_1500="ID usuario de autenticación"/>
		<phrase i="451" t="Contraseña autor." t.VVX_1500="Contraseña de autenticación"/>
		<phrase i="452" t="Reinicializar el teléfono"/>
		<phrase i="453" t="¿Está seguro?"/>
		<phrase i="454" t="Detección VLAN" t.IP_330="Detec. VLAN"/>
		<phrase i="455" t="Fijo"/>
		<phrase i="456" t="Opción ID de VLAN" t.VVX_1500="Opción ID VLAN"/>
		<phrase i="457" t="Seleccionar"/>
		<phrase i="458" t="Restablecer clave local de seguridad"/>
		<phrase i="459" t="Selección de mensajes"/>
		<phrase i="460" t="HTTP"/>
		<phrase i="461" t="HTTPS"/>
		<phrase i="462" t="FTPS"/>
		<phrase i="463" t="Instalar cert. CA personalizado" t.VVX_1500="Instalar el certificado de CA personalizado"/>
		<phrase i="464" t="Descargar cert. CA personalizado" t.VVX_1500="Descargar el certificado de CA  personalizado"/>
		<phrase i="465" t="Aceptar"/>
		<phrase i="466" t="Configurar certs. CA" t.VVX_1500="Configurar certificados de CA"/>
		<phrase i="467" t="Huella digital MD5"/>
		<phrase i="468" t="Certificado personalizado"/>
		<phrase i="469" t="Lista de certs predeterminados" t.VVX_1500="Lista certificados predeterminada"/>
		<phrase i="470" t="Todos los certificados"/>
		<phrase i="471" t="Método de configuración" t.VVX_1500="Método de aprovisionamiento"/>
		<phrase i="472" t="Cadena de configuración" t.VVX_1500="Cadena de aprovisionamiento"/>
		<phrase i="473" t="Predeterminado"/>
		<phrase i="474" t="SAS-VP"/>
		<phrase i="475" t="Error en la descarga"/>
		<phrase i="476" t="Servidor"/>
		<phrase i="477" t="Aplicación"/>
		<phrase i="478" t="Estadística de paquetes"/>
		<phrase i="479" t="Preferencias regionales"/>
		<phrase i="480" t="Configuración para usuario"/>
		<phrase i="481" t="Configuración para administrador" t.VVX_1500="Configuración administración"/>
		<phrase i="482" t="Formatear sistema de archivos"/>
		<phrase i="483" t="Parámetros de TCP/IP"/>
		<phrase i="484" t="Plataforma"/>
		<phrase i="485" t="Red"/>
		<phrase i="486" t="Teléfono"/>
		<phrase i="487" t="Principal"/>
		<phrase i="488" t="Componentes"/>
		<phrase i="489" t="Copyright"/>
		<phrase i="490" t="Configuración"/>
		<phrase i="491" t="Ethernet"/>
		<phrase i="492" t="Básico"/>
		<phrase i="493" t="Avanzado"/>
		<phrase i="494" t="Preferencias"/>
		<phrase i="495" t="Efectos Sonoros"/>
		<phrase i="496" t="Seguridad SSL"/>
		<phrase i="497" t="Restablecer valores predeterminados"/>
		<phrase i="498" t="Restablecer configuración local" t.IP_330="Rest. conf. local" t.VVX_1500="Restablecer configuración local"/>
		<phrase i="499" t="Restablecer configuración del dispositivo" t.IP_330="Rest. conf. disp."/>
		<phrase i="500" t="General"/>
		<phrase i="501" t="Prueba de hardware"/>
		<phrase i="502" t="Gráficas"/>
		<phrase i="503" t="Certificados CA"/>
		<phrase i="504" t="Hora y Fecha"/>
		<phrase i="505" t="TFTP"/>
		<phrase i="506" t="NO VÁLIDO"/>
		<phrase i="507" t="Llamadas por tecla de línea" t.IP_330="Llam/teclLin."/>
		<phrase i="508" t="Número de teclas de línea" t.IP_330="N. teclas línea"/>
		<phrase i="509" t="Microteléfono de banda ancha"/>
		<phrase i="510" t="TLS"/>
		<phrase i="511" t="Agregar amigo"/>
		<phrase i="512" t="Intentos de transferencia de archivos"/>
		<phrase i="513" t="Tiempo de espera para reintento"/>
		<phrase i="514" t="Permitir"/>
		<phrase i="515" t="Privacidad"/>
		<phrase i="516" t="Lista de privacidad"/>
		<phrase i="517" t="Buddy Privacy"/>
		<phrase i="518" t="Agregar privacidad"/>
		<phrase i="519" t="Editar privacidad"/>
		<phrase i="520" t="Acceso"/>
		<phrase i="521" t="Alimentación de EM"/>
		<phrase i="522" t="Certificado guardado."/>
		<phrase i="523" t="Error al guardar el certificado."/>
		<phrase i="524" t="Procesando solicitud"/>
		<phrase i="525" t="&gt;&gt;"/>
		<phrase i="526" t="Modo CLink"/>
		<phrase i="527" t="Clien."/>
		<phrase i="528" t="Menú Ethernet"/>
		<phrase i="529" t="Modo P. LAN"/>
		<phrase i="530" t="Modo P. PC"/>
		<phrase i="531" t="Auto"/>
		<phrase i="532" t="10HD"/>
		<phrase i="533" t="10FD"/>
		<phrase i="534" t="100HD"/>
		<phrase i="535" t="100FD"/>
		<phrase i="536" t="Vídeo"/>
		<phrase i="537" t="Teléfono"/>
		<phrase i="538" t="Md. Descolgar"/>
		<phrase i="539" t="Agr. vídeo"/>
		<phrase i="540" t="Seleccione"/>
		<phrase i="541" t="Intensidad retroil."/>
		<phrase i="542" t="Des."/>
		<phrase i="543" t="Baja"/>
		<phrase i="544" t="Media"/>
		<phrase i="545" t="Alta"/>
		<phrase i="546" t="Llam. p. línea"/>
		<phrase i="547" t="Vol. altavoz"/>
		<phrase i="548" t="Vol. timbre"/>
		<phrase i="549" t="Admin."/>
		<phrase i="550" t="Adm. conferencia"/>
		<phrase i="551" t="Sil."/>
		<phrase i="552" t="Sonido"/>
		<phrase i="553" t="Quitar"/>
		<phrase i="554" t="F. medios"/>
		<phrase i="555" t="Inf. participantes"/>
		<phrase i="556" t="Intensidad retr. act."/>
		<phrase i="557" t="Intensidad retr. reposo"/>
		<phrase i="558" t="Modo 2.5mm"/>
		<phrase i="559" t="Cualq. (pred.)"/>
		<phrase i="560" t="Tel. móvil"/>
		<phrase i="561" t="Enlace datos PC"/>
		<phrase i="562" t="Vídeollam."/>
		<phrase i="563" t="Llam. tel."/>
		<phrase i="564" t="Sólo SIP"/>
		<phrase i="565" t="Sólo POTS"/>
		<phrase i="566" t="Aut. (pref. llamada HDX)" t.VVX_1500="Automática (llamada HDX)"/>
		<phrase i="567" t="Orden tipo llam."/>
		<phrase i="568" t="Conten."/>
		<phrase i="569" t="Autor llam."/>
		<phrase i="570" t="Dir."/>
		<phrase i="571" t="Omitir"/>
		<phrase i="572" t="Llam. de:"/>
		<phrase i="573" t="Vol."/>
		<phrase i="574" t="Timbre"/>
		<phrase i="575" t="Altavoz"/>
		<phrase i="576" t="Normal"/>
		<phrase i="577" t="&lt;Nueva anot.&gt;"/>
		<phrase i="578" t="Guardar dir."/>
		<phrase i="579" t="Confirmación"/>
		<phrase i="580" t="Servicio no disp." t.IP_330="Serv. no disp."/>
		<phrase i="581" t="NM" t.VVX_1500="No molestar"/>
		<phrase i="582" t="Conectando..."/>
		<phrase i="583" t="Llam. entrante:"/>
		<phrase i="584" t="Estado DSP"/>
		<phrase i="585" t="Und. 0"/>
		<phrase i="586" t="Und. 1"/>
		<phrase i="587" t="Und. 2"/>
		<phrase i="588" t="Mnsj" t.VVX_1500="Mensajes"/>
		<phrase i="589" t="Agr. tel."/>
		<phrase i="590" t="Introducir más n.ºs"/>
		<phrase i="591" t="Direcc. incompleta"/>
		<phrase i="592" t="Est. servidores"/>
		<phrase i="593" t="Registrando"/>
		<phrase i="594" t="Anulando registro"/>
		<phrase i="595" t="No registrar"/>
		<phrase i="596" t="Borrar anotación dir."/>
		<phrase i="597" t="Agregar otro a conf."/>
		<phrase i="598" t="¿Vídeo o llam. tel.?"/>
		<phrase i="599" t="Ninguna anotac."/>
		<phrase i="600" t="Por apellido"/>
		<phrase i="601" t="Por nombre"/>
		<phrase i="602" t="Red"/>
		<phrase i="603" t="Marcac."/>
		<phrase i="604" t="Cable/DSL"/>
		<phrase i="605" t="LAN"/>
		<phrase i="606" t="Conferencia en curso"/>
		<phrase i="607" t="Imposible"/>
		<phrase i="608" t="Menú Syslog"/>
		<phrase i="609" t="Recurso"/>
		<phrase i="610" t="Nivel proces." t.IP_330="NivProces."/>
		<phrase i="611" t="UDP"/>
		<phrase i="612" t="TCP"/>
		<phrase i="613" t="Nada"/>
		<phrase i="614" t="Contraseña"/>
		<phrase i="615" t="EC. agudos"/>
		<phrase i="616" t="EC. graves"/>
		<phrase i="617" t="En. audio aux."/>
		<phrase i="618" t="Sal. audio aux."/>
		<phrase i="619" t="Control auto. ganancia"/>
		<phrase i="620" t="Supresión ruido"/>
		<phrase i="621" t="URL"/>
		<phrase i="622" t="Sólo env."/>
		<phrase i="623" t="Env. y recib."/>
		<phrase i="624" t="Sólo recibir"/>
		<phrase i="625" t="Inactivo"/>
		<phrase i="626" t="Sólo TCP"/>
		<phrase i="627" t="Micro inal."/>
		<phrase i="628" t="Otra entr."/>
		<phrase i="629" t="Grabar sal."/>
		<phrase i="630" t="Altavoz exterior"/>
		<phrase i="631" t="Graves y agudos"/>
		<phrase i="632" t="Audio auxiliar"/>
		<phrase i="633" t="Transduc. locales"/>
		<phrase i="634" t="Audio"/>
		<phrase i="635" t="Selec. transdutores locales"/>
		<phrase i="636" t="Micrófono"/>
		<phrase i="637" t="Altavoz"/>
		<phrase i="638" t="Conferencia"/>
		<phrase i="639" t="MAC previa" t.IP_330="MACprev."/>
		<phrase i="640" t="Vol. altavoz"/>
		<phrase i="641" t="Volumen del auricular"/>
		<phrase i="642" t="Volumen del microteléfono"/>
		<phrase i="643" t="Contestar llamada"/>
		<phrase i="644" t="Llamada redirigida"/>
		<phrase i="645" t="Contestar llamadas de grupo predefinido"/>
		<phrase i="646" t="Pulse cualquier tecla para salir de la prueba."/>
		<phrase i="647" t="Prueba cancelada"/>
		<phrase i="648" t="Asociar NS a AU" t.IP_330="Asoc. SN"/>
		<phrase i="649" t="1000HD"/>
		<phrase i="650" t="1000FD"/>
		<phrase i="651" t="Diagnósticos de red"/>
		<phrase i="652" t="Diagnósticos de puerto LAN"/>
		<phrase i="653" t="Diagnósticos de puerto PC"/>
		<phrase i="654" t="Diagnósticos de Ethernet en gigabits"/>
		<phrase i="655" t="Modo normal"/>
		<phrase i="656" t="Forma de onda de transmisión"/>
		<phrase i="657" t="Oscilación de transmisión principal"/>
		<phrase i="658" t="Oscilación de transmisión secundaria"/>
		<phrase i="659" t="Distorsión en transmisión"/>
		<phrase i="660" t="Indicación de micrófono activo"/>
		<phrase i="661" t="Audio móvil deshabilitado"/>
		<phrase i="662" t="Audio móvil habilitado"/>
		<phrase i="663" t="Llamada de audio"/>
		<phrase i="664" t="Videollamada"/>
		<phrase i="665" t="Llamada de vídeo y de audio"/>
		<phrase i="666" t="Cualquier llamada"/>
		<phrase i="667" t="Selección de tipo de reenvío" t.IP_330="Reenvío"/>
		<phrase i="668" t="Siempre"/>
		<phrase i="669" t="Sin respuesta"/>
		<phrase i="670" t="Reenviar tras timbres"/>
		<phrase i="671" t="Reenviar tras llamadas sin respuesta" t.IP_330="Sin respuesta"/>
		<phrase i="672" t="Reenviar llamadas ante línea ocupada" t.IP_330="Ocupada"/>
		<phrase i="673" t="Reenviar llamadas siempre" t.IP_330="Siempre"/>
		<phrase i="674" t="Filtro de VLAN"/>
		<phrase i="675" t="Filtro de tormenta de mensajes"/>
		<phrase i="676" t="Contenido web de SIP"/>
		<phrase i="677" t="Inactivo"/>
		<phrase i="678" t="Error en conexión en serie:"/>
		<phrase i="679" t="Varios cables Ethernet"/>
		<phrase i="680" t="Conectar sólo un cable Ethernet"/>
		<phrase i="681" t="Conflicto de versión"/>
		<phrase i="682" t="Contacte con el administrador del sistema."/>
		<phrase i="683" t="Ver contacto"/>
		<phrase i="684" t="Ver"/>
		<phrase i="685" t="Intensidad máxima"/>
		<phrase i="686" t="Automatización de pruebas"/>
		<phrase i="687" t="Entrada clave automatización pruebas" t.IP_330="Ent. clv. aut. pr."/>
		<phrase i="688" t="Automatización de pruebas habilitada"/>
		<phrase i="689" t="Automatización de pruebas deshabilitada"/>
		<phrase i="690" t="Medio almacenamiento agregado"/>
		<phrase i="691" t="Medio almacenamiento eliminado"/>
		<phrase i="692" t="Medio almacenamiento extraíble"/>
		<phrase i="693" t="Examinar registros"/>
		<phrase i="694" t="Propiedades del medio de almacenamiento"/>
		<phrase i="695" t="Total"/>
		<phrase i="696" t="Utilizado"/>
		<phrase i="697" t="Libre"/>
		<phrase i="698" t="Ningún medio almacenamiento agregeado."/>
		<phrase i="699" t="No hay ninguna llamada activa."/>
		<phrase i="700" t="Reproducir la última llamada grabada"/>
		<phrase i="701" t="Iniciar"/>
		<phrase i="702" t="Pausar"/>
		<phrase i="703" t="Renombrar"/>
		<phrase i="704" t="Eliminado"/>
		<phrase i="705" t="Información del archivo" t.VVX_1500="Información del archivo"/>
		<phrase i="706" t="No se ha encontrado ningún archivo wav"/>
		<phrase i="707" t="Nombre del archivo USB"/>
		<phrase i="708" t="Renombrar archivo"/>
		<phrase i="709" t="Nombre del archivo no puede estar vacío"/>
		<phrase i="710" t="El archivo ya existe"/>
		<phrase i="711" t="Guardar como"/>
		<phrase i="712" t="No se permiten caracteres especiales"/>
		<phrase i="713" t="No se puede iniciar la grabación."/>
		<phrase i="714" t="Recurso no disponible."/>
		<phrase i="715" t="Volver a reproducir"/>
		<phrase i="716" t="El medio de almacenamiento está lleno."/>
		<phrase i="717" t="Grabación cancelada."/>
		<phrase i="718" t="Grabación detenida."/>
		<phrase i="719" t="Silencio remoto"/>
		<phrase i="720" t="Abrir"/>
		<phrase i="721" t="Medio almacen. eliminado sin seguridad."/>
		<phrase i="722" t="Pausado"/>
		<phrase i="723" t="Finalizado"/>
		<phrase i="724" t="*R*" t.VVX_1500="R"/>
		<phrase i="725" t="*P*" t.VVX_1500="P"/>
		<phrase i="726" t="h"/>
		<phrase i="727" t="m"/>
		<phrase i="728" t="s"/>
		<phrase i="729" t="Lleno"/>
		<phrase i="730" t="Directorio de empresa" t.IP_330="Dir empr"/>
		<phrase i="731" t="Directorio de empresa"/>
		<phrase i="732" t="Servidor del directorio no inicializado"/>
		<phrase i="733" t="Estado del directorio de la empresa" t.IP_330="Estado DE"/>
		<phrase i="734" t="Retener búsqueda"/>
		<phrase i="735" t="Modo manos libres desactivado" t.IP_330="Manos libr. desac."/>
		<phrase i="736" t="Configuración del teléfono"/>
		<phrase i="737" t="Modo manos libres"/>
		<phrase i="738" t="Dispositivo USB incompatible agregado."/>
		<phrase i="739" t="Dispositivo USB incompatible eliminado."/>
		<phrase i="740" t="Auriculares agregados."/>
		<phrase i="741" t="Auriculares desconectados."/>
		<phrase i="742" t="Auriculares"/>
		<phrase i="743" t="Configuración de auriculares"/>
		<phrase i="744" t="Modo auriculares analógicos"/>
		<phrase i="745" t="Auriculares analógicos"/>
		<phrase i="746" t="Modo normal"/>
		<phrase i="747" t="Modo Jabra"/>
		<phrase i="748" t="Formato de archivo .wav no compatible"/>
		<phrase i="749" t="Interrupción" t.IP_330="Interrupción"/>
		<phrase i="750" t="Grabación en curso"/>
		<phrase i="751" t="Acción anulada"/>
		<phrase i="752" t="Filtrado" t.IP_330="Filtr."/>
		<phrase i="753" t="Reproducción cancelada."/>
		<phrase i="754" t="Archivo en uso"/>
		<phrase i="755" t="Fondo"/>
		<phrase i="756" t="Previsualizar"/>
		<phrase i="757" t="Fondo predeterminado 1"/>
		<phrase i="758" t="Disp. no listo. Volver a intentar."/>
		<phrase i="759" t="Fondo predeterminado 2"/>
		<phrase i="760" t="Fondo predeterminado 3"/>
		<phrase i="761" t="Fondo predeterminado 4"/>
		<phrase i="762" t="Archivo no encontrado" t.VVX_1500="La imagen de fondo seleccionada no está disponible."/>
		<phrase i="763" t="Aclarar"/>
		<phrase i="764" t="Oscurecer"/>
		<phrase i="765" t="Esta operación no está permitida"/>
		<phrase i="766" t="Eliminación en proceso"/>
		<phrase i="767" t="No hay memoria suficiente."/>
		<phrase i="768" t="Tiempo de grabación disponible"/>
		<phrase i="769" t="Id. del dispositivo"/>
		<phrase i="770" t="El servidor del directorio no responde" t.IP_330="El servidor del directorio no responde"/>
		<phrase i="771" t="Buscando..."/>
		<phrase i="772" t="Color de la etiqueta"/>
		<phrase i="773" t="Etiqueta"/>
		<phrase i="774" t="Restablecer"/>
		<phrase i="775" t="Deshacer"/>
		<phrase i="776" t="No se ha encontrado ninguna entrada." t.IP_330="Ninguna entrada"/>
		<phrase i="777" t="Comprobando el dispositivo USB." t.IP_330="Compr disp USB"/>
		<phrase i="778" t="Espere un minuto..."/>
		<phrase i="779" t="No se puede guardar este color."/>
		<phrase i="780" t="Puede que no se pueda leer el texto."/>
		<phrase i="781" t="Reiniciando la aplicación del teléfono"/>
		<phrase i="782" t="Reinicio del teléfono"/>
		<phrase i="783" t="Fondo predeterminado 5"/>
		<phrase i="784" t="El índice de marcado rápido es inválido." t.IP_330="Índ. marc. ráp. no válid."/>
		<phrase i="785" t="Iniciar vídeo"/>
		<phrase i="786" t="Detener vídeo"/>
		<phrase i="787" t="Pantalla completa"/>
		<phrase i="788" t="PIP"/>
		<phrase i="789" t="Llamar"/>
		<phrase i="790" t="VolArriba"/>
		<phrase i="791" t="VolAbajo"/>
		<phrase i="792" t="Contacto requerido." t.VVX_1500="Es necesario un valor de contacto."/>
		<phrase i="793" t="Duplicar el valor del contacto." t.VVX_1500="El valor del contacto ya existe."/>
		<phrase i="794" t="Introduzca nombre"/>
		<phrase i="795" t="Cambiar"/>
		<phrase i="796" t="Modo Plantronics"/>
		<phrase i="797" t="Duplicar marcado rápido." t.VVX_1500="El índice de marcado rápido ya existe."/>
		<phrase i="798" t="Cámara local"/>
		<phrase i="799" t="Llamadas en espera"/>
		<phrase i="800" t="Marco de fotos"/>
		<phrase i="801" t="Configuración de la cámara"/>
		<phrase i="802" t="ABC"/>
		<phrase i="803" t="123"/>
		<phrase i="804" t="(ABC) Introducir número"/>
		<phrase i="805" t="(123) Introducir número"/>
		<phrase i="806" t="Configuración inválida" t.VVX_1500="Configuración no válida"/>
		<phrase i="807" t="Error de inicio de sesión"/>
		<phrase i="808" t="Transfiriendo"/>
		<phrase i="809" t="Velocidad fotogramas de destino"/>
		<phrase i="810" t="Nivel de brillo"/>
		<phrase i="811" t="Nivel de saturación"/>
		<phrase i="812" t="Nivel de contraste"/>
		<phrase i="813" t="Nivel de nitidez"/>
		<phrase i="814" t="Sin parpadeo"/>
		<phrase i="815" t="Menú"/>
		<phrase i="816" t="Configuración de vídeo"/>
		<phrase i="817" t="Iniciar automátic. transmisión vídeo"/>
		<phrase i="818" t="Modo visualización vídeo (ventana)"/>
		<phrase i="819" t="Principal"/>
		<phrase i="820" t="Secundario"/>
		<phrase i="821" t="Reloj LAN 1000BT"/>
		<phrase i="822" t="Reloj PC 1000BT"/>
		<phrase i="823" t="Tipo de llamada"/>
		<phrase i="824" t="Audio"/>
		<phrase i="825" t="Vídeo"/>
		<phrase i="826" t="SIP teléfono conferencia"/>
		<phrase i="827" t="Preferencia HDX"/>
		<phrase i="828" t="Tipo de llamada de voz"/>
		<phrase i="829" t="Cancelación del eco"/>
		<phrase i="830" t="Modo de cancelación del eco"/>
		<phrase i="831" t="Ir a"/>
		<phrase i="832" t="Modo visualización vídeo (pant. compl.)"/>
		<phrase i="833" t="Marco de fotos"/>
		<phrase i="834" t="Protector de pantalla"/>
		<phrase i="835" t="Carpeta"/>
		<phrase i="836" t="Tiempo por imagen (segundos)"/>
		<phrase i="837" t="Tiempo de espera (minutos)"/>
		<phrase i="838" t="Tipo de protector pantalla"/>
		<phrase i="839" t="No se ha encontrado ninguna imagen."/>
		<phrase i="840" t="La imagen de fondo ha cambiado."/>
		<phrase i="841" t="Transmisión/recepción vídeo"/>
		<phrase i="842" t="Transmisión/recepción audio"/>
		<phrase i="843" t="Códec multimedia"/>
		<phrase i="844" t="Trans./recep. formato vídeo:"/>
		<phrase i="845" t="Trans./recep. velocidad fotogr. vídeo:"/>
		<phrase i="846" t="Trans./recep. velocidad bits vídeo:"/>
		<phrase i="847" t="Trans./recep. solicitudes act. vídeo:"/>
		<phrase i="848" t="Paquetes multimedia"/>
		<phrase i="849" t="Concentrador USB conectado."/>
		<phrase i="850" t="Concentrador USB desconectado."/>
		<phrase i="851" t="Ratón USB conectado."/>
		<phrase i="852" t="Ratón USB desconectado."/>
		<phrase i="853" t="Teclado USB conectado."/>
		<phrase i="854" t="Teclado USB desconectado."/>
		<phrase i="855" t="Compatible con vídeo"/>
		<phrase i="856" t="Vídeo activo"/>
		<phrase i="857" t="Estadísticas de vídeo"/>
		<phrase i="858" t="Estadísticas de audio"/>
		<phrase i="859" t="Limpiar pantalla"/>
		<phrase i="860" t="La pantalla táctil está desactivada."/>
		<phrase i="861" t="Pulse cualquier tecla para salir."/>
		<phrase i="862" t="Archivos locales"/>
		<phrase i="863" t="Panel de inicio de la aplicación"/>
		<phrase i="864" t="Códec de transmisión de audio"/>
		<phrase i="865" t="Códec de recepción de audio"/>
		<phrase i="866" t="Códec de transmisión de vídeo"/>
		<phrase i="867" t="Códec de recepción de vídeo"/>
		<phrase i="868" t="Pantalla en blanco"/>
		<phrase i="869" t="Vídeo automát. en pantalla completa"/>
		<phrase i="870" t="Seleccionar vídeo"/>
		<phrase i="871" t="Config. rápida" t.VVX_1500="Salir de la configuración"/>
		<phrase i="872" t="Configuración rápida"/>
		<phrase i="873" t="Formato de archivo de fondo no admitido."/>
		<phrase i="874" t="Elimine el teléfono de la red"/>
		<phrase i="875" t="antes de ejecutar diagnóstico Ethernet."/>
		<phrase i="876" t="Pulse [0-4] para las pruebas de red."/>
		<phrase i="877" t="Modo: modo normal"/>
		<phrase i="878" t="Modo no admitido."/>
		<phrase i="879" t="Salida auxiliar activa."/>
		<phrase i="880" t="Salida auxiliar inactiva."/>
		<phrase i="881" t="ACD"/>
		<phrase i="882" t="Iniciar sesión"/>
		<phrase i="883" t="Cerrar sesión"/>
		<phrase i="884" t="Iniciar sesión A" t.IP_330="InSeA"/>
		<phrase i="885" t="Cerrar sesión A" t.IP_330="CeSeA"/>
		<phrase i="886" t="Iniciar/cerrar sesión ACD"/>
		<phrase i="887" t="Estado agente ACD"/>
		<phrase i="888" t="Estado ACD inicial"/>
		<phrase i="889" t="Iniciar sesión de agente"/>
		<phrase i="890" t="Cerrar sesión de agente"/>
		<phrase i="891" t="Finalización"/>
		<phrase i="892" t="Estado agente"/>
		<phrase i="893" t="No se ha configurado ningún servidor."/>
		<phrase i="894" t="Oscilación de paquetes (ms)"/>
		<phrase i="895" t="Oscilación máxima (ms)"/>
		<phrase i="896" t="Extensión HDX"/>
		<phrase i="897" t="Introduzca la extensión HDX:"/>
		<phrase i="898" t="50 Hz"/>
		<phrase i="899" t="60 Hz"/>
		<phrase i="900" t="Seleccione un entorno"/>
		<phrase i="901" t="Configuración videollamada"/>
		<phrase i="902" t="Modo visualización vídeo"/>
		<phrase i="903" t="Visualización cámara local"/>
		<phrase i="904" t="Visualización cámara local (normal)"/>
		<phrase i="905" t="Visualización cámara local (pant. comp.)"/>
		<phrase i="906" t="Modo visualiz. cámara local (pant. comp)"/>
		<phrase i="907" t="Recortar"/>
		<phrase i="908" t="En paralelo"/>
		<phrase i="909" t="Vídeo activo solo\nen una parte."/>
		<phrase i="910" t="Ahorro de energía"/>
		<phrase i="911" t="Tiempo de espera"/>
		<phrase i="912" t="Horas de oficina"/>
		<phrase i="913" t="Detección de usuario"/>
		<phrase i="914" t="Hora de inicio"/>
		<phrase i="915" t="Tiempo espera inact. horas oficina"/>
		<phrase i="916" t="Tiempo espera inact. horas cierre"/>
		<phrase i="917" t="Tiempo espera inact. entrad. usuar."/>
		<phrase i="918" t="Sensib. horas de oficina"/>
		<phrase i="919" t="Sensib. horas cierre"/>
		<phrase i="920" t="Modo horas cierre"/>
		<phrase i="921" t="Introducir más caract..." t.IP_330="Introd. más caract..." t.VVX_1500="Demasiados resultados. Introduzca más caracteres."/>
		<phrase i="922" t="Búsq. avanz."/>
		<phrase i="923" t="Búsqueda avanzada"/>
		<phrase i="924" t="¿Finalizar conf. completa?"/>
		<phrase i="925" t=""/>
		<phrase i="926" t=""/>
		<phrase i="927" t=""/>
		<phrase i="928" t=""/>
		<phrase i="929" t=""/>
		<phrase i="930" t=""/>
		<phrase i="931" t=""/>
		<phrase i="932" t=""/>
		<phrase i="933" t=""/>
		<phrase i="934" t=""/>
		<phrase i="935" t=""/>
		<phrase i="936" t=""/>
		<phrase i="937" t=""/>
		<phrase i="938" t="Speakerphone"/>
		<phrase i="939" t=""/>
		<phrase i="940" t=""/>
		<phrase i="941" t=""/>
		<phrase i="942" t=""/>
		<phrase i="943" t=""/>
		<phrase i="944" t=""/>
		<phrase i="945" t=""/>
		<phrase i="946" t=""/>
		<phrase i="947" t=""/>
		<phrase i="948" t=""/>
		<phrase i="949" t=""/>
		<phrase i="950" t=""/>
		<phrase i="951" t=""/>
		<phrase i="952" t=""/>
		<phrase i="953" t=""/>
		<phrase i="954" t=""/>
		<phrase i="955" t=""/>
		<phrase i="956" t=""/>
		<phrase i="957" t=""/>
		<phrase i="958" t=""/>
		<phrase i="959" t="Priorizar fondo"/>
		<phrase i="960" t="Seleccionar fondo"/>
		<phrase i="961" t="Fondo"/>
		<phrase i="962" t="Configuración línea"/>
		<phrase i="963" t="Configuración del servidor SIP" t.VVX_1500="Configuración del servidor de llamadas"/>
		<phrase i="964" t="OAI Alert"/>
		<phrase i="965" t="OAI Call"/>
		<phrase i="966" t="LLDP"/>
		<phrase i="967" t="Información de ubicación"/>
		<phrase i="968" t="Captura de pantalla"/>
		<phrase i="969" t="SK1"/>
		<phrase i="970" t="SK2"/>
		<phrase i="971" t="SK3"/>
		<phrase i="972" t="SK4"/>
		<phrase i="973" t="Almacenamiento USB: %s libre."/>
		<phrase i="974" t="Instalado"/>
		<phrase i="975" t="No instalado"/>
		<phrase i="976" t="No válido"/>
		<phrase i="977" t="Inicio sesión línea ACD necesario."/>
		<phrase i="978" t="Velocidad llamada"/>
		<phrase i="979" t="Seleccionar velocidad llamada"/>
		<phrase i="980" t="Veloc. trans./recep. llamada (kbps)"/>
		<phrase i="981" t="Almacenamiento USB: completo."/>
		<phrase i="982" t="Configuración del protocolo"/>
		<phrase i="983" t="Seleccionar protocolo"/>
		<phrase i="984" t="Tipo de protocolo"/>
		<phrase i="985" t="SIP"/>
		<phrase i="986" t="H.323"/>
		<phrase i="987" t="SIP + H.323"/>
		<phrase i="988" t="Descubrir equipo selector automát."/>
		<phrase i="989" t="ID usuario"/>
		<phrase i="990" t="Teclas de línea"/>
		<phrase i="991" t="Servidor llamada"/>
		<phrase i="992" t="Lista de servidores de llamada vacía"/>
		<phrase i="993" t="Salida timbre"/>
		<phrase i="994" t="Grabando"/>
		<phrase i="995" t="Grabación en pausa"/>
		<phrase i="996" t="Licencias"/>
		<phrase i="997" t="Ninguna licencia instalada"/>
		<phrase i="998" t="Diffie-Hellman Secret Key"/>
		<phrase i="999" t="Enlace no admitido"/>
		<phrase i="1000" t="Shell seguro"/>
		<phrase i="1001" t="Conexión SSH"/>
		<phrase i="1002" t="Estado SSH"/>
		<phrase i="1003" t="Puerto de la puerta de enlace"/>
		<phrase i="1004" t="Conectado"/>
		<phrase i="1005" t="Código de error"/>
		<phrase i="1006" t="Utilizar H.323"/>
		<phrase i="1007" t="Utilizar SIP"/>
		<phrase i="1008" t="Utilizar autom."/>
		<phrase i="1009" t="(enrutación SIP)"/>
		<phrase i="1010" t="(enrutación H.323 )"/>
		<phrase i="1011" t="(enrutación automática)"/>
		<phrase i="1012" t="Seleccione Utilizar SIP o Utilizar H.323"/>
		<phrase i="1013" t="No especificado"/>
		<phrase i="1014" t="Continuar apls."/>
		<phrase i="1015" t="Inicio apls."/>
		<phrase i="1016" t="Grabando (espera)"/>
		<phrase i="1017" t="Enrutación de protocolo"/>
		<phrase i="1018" t="Enrutación de protocolo manual"/>
		<phrase i="1019" t="Control de la tecla de función"/>
		<phrase i="1020" t="Protocolo favorito"/>
		<phrase i="1021" t="Responder automáticamente"/>
		<phrase i="1022" t="Responder automáticamente llamadas SIP"/>
		<phrase i="1023" t="Responder automáticamente llamadas H.323"/>
		<phrase i="1024" t="Micrófono silenciado"/>
		<phrase i="1025" t="Vídeo silenciado"/>
		<phrase i="1026" t="Preferencia enrutación automática"/>
		<phrase i="1027" t="Protocolo"/>
		<phrase i="1028" t="Protocolo SIP"/>
		<phrase i="1029" t="Protocolo H.323"/>
		<phrase i="1030" t="Permitir el uso compartido con "/>
		<phrase i="1031" t="Timbre audible"/>
		<phrase i="1032" t="Opción formato 60"/>
		<phrase i="1033" t="RFC3925 Binario"/>
		<phrase i="1034" t="Cadena ASCII"/>
		<phrase i="1035" t=""/>
		<phrase i="1036" t=""/>
		<phrase i="1037" t=""/>
		<phrase i="1038" t=""/>
		<phrase i="1039" t=""/>
		<phrase i="1040" t=""/>
		<phrase i="1041" t=""/>
		<phrase i="1042" t=""/>
		<phrase i="1043" t=""/>
		<phrase i="1044" t=""/>
		<phrase i="1045" t=""/>
		<phrase i="1046" t=""/>
		<phrase i="1047" t=""/>
		<phrase i="1048" t=""/>
		<phrase i="1049" t=""/>
		<phrase i="1050" t=""/>
		<phrase i="1051" t=""/>
		<phrase i="1052" t=""/>
		<phrase i="1053" t=""/>
		<phrase i="1054" t=""/>
		<phrase i="1055" t=""/>
		<phrase i="1056" t=""/>
		<phrase i="1057" t=""/>
		<phrase i="1058" t=""/>
		<phrase i="1059" t=""/>
		<phrase i="1060" t=""/>
		<phrase i="1061" t=""/>
		<phrase i="1062" t=""/>
		<phrase i="1063" t=""/>
		<phrase i="1064" t=""/>
		<phrase i="1065" t=""/>
		<phrase i="1066" t=""/>
		<phrase i="1067" t=""/>
		<phrase i="1068" t=""/>
		<phrase i="1069" t=""/>
		<phrase i="1070" t=""/>
		<phrase i="1071" t=""/>
		<phrase i="1072" t=""/>
		<phrase i="1073" t=""/>
		<phrase i="1074" t=""/>
		<phrase i="1075" t=""/>
		<phrase i="1076" t=""/>
		<phrase i="1077" t=""/>
		<phrase i="1078" t=""/>
		<phrase i="1079" t=""/>
		<phrase i="1080" t=""/>
		<phrase i="1081" t=""/>
		<phrase i="1082" t=""/>
		<phrase i="1083" t=""/>
		<phrase i="1084" t=""/>
		<phrase i="1085" t=""/>
		<phrase i="1086" t=""/>
		<phrase i="1087" t=""/>
		<phrase i="1088" t=""/>
		<phrase i="1089" t=""/>
		<phrase i="1090" t=""/>
		<phrase i="1091" t=""/>
		<phrase i="1092" t=""/>
		<phrase i="1093" t=""/>
		<phrase i="1094" t=""/>
		<phrase i="1095" t=""/>
		<phrase i="1096" t=""/>
		<phrase i="1097" t=""/>
		<phrase i="1098" t=""/>
		<phrase i="1099" t=""/>
		<phrase i="1100" t=""/>
		<phrase i="1101" t=""/>
		<phrase i="1102" t=""/>
		<phrase i="1103" t=""/>
		<phrase i="1104" t=""/>
		<phrase i="1105" t=""/>
		<phrase i="1106" t=""/>
		<phrase i="1107" t=""/>
		<phrase i="1108" t=""/>
		<phrase i="1109" t=""/>
		<phrase i="1110" t=""/>
		<phrase i="1111" t=""/>
		<phrase i="1112" t=""/>
		<phrase i="1113" t=""/>
		<phrase i="1114" t=""/>
		<phrase i="1115" t=""/>
		<phrase i="1116" t=""/>
		<phrase i="1117" t="Guardar y reiniciar"/>
		<phrase i="1118" t=""/>
		<phrase i="1119" t="2.5 mm Mode"/>
		<phrase i="1120" t="Cell Phone"/>
		<phrase i="1121" t="PC Link"/>
		<phrase i="1122" t="Prompt"/>
		<phrase i="1123" t="Operational Mode"/>
		<phrase i="1124" t="PSTN"/>
		<phrase i="1125" t="Retained Message"/>
		<phrase i="1126" t=""/>
		<phrase i="1127" t="Diagnóstico de la pantalla táctil"/>
		<phrase i="1128" t="Pulse cualquier tecla para salir."/>
		<phrase i="1129" t="Toque la pantalla para la prueba."/>
		<phrase i="1130" t="Directorio de CMA"/>
		<phrase i="1131" t="Grupos"/>
		<phrase i="1132" t="Agregar contacto"/>
		<phrase i="1133" t="Menú de CMA"/>
		<phrase i="1134" t="Modo de CMA"/>
		<phrase i="1135" t="Servidor de CMA"/>
		<phrase i="1136" t="Credenciales de inicio de sesión"/>
		<phrase i="1137" t="Usuario"/>
		<phrase i="1138" t="Válido hasta"/>
		<phrase i="1139" t="Caducado"/>
		<phrase i="1140" t="Restablecer la configuración web" t.IP_330="Restablecer config. web"/>
		<phrase i="1141" t="TR-069 Enable"/>
		<phrase i="1142" t="TR-069 URL"/>
		<phrase i="1143" t="TR-069 SSL"/>
		<phrase i="1144" t="TR-069 Inform Interval"/>
		<phrase i="1145" t="TR-069 Username"/>
		<phrase i="1146" t="TR-069 Password"/>
		<phrase i="1147" t="Bloquear teléfono"/>
		<phrase i="1148" t="Bloquear"/>
		<phrase i="1149" t="Desbloquear"/>
		<phrase i="1150" t="El teléfono está bloqueado."/>
		<phrase i="1151" t="Solo llamadas autorizadas."/>
		<phrase i="1152" t="DND cuando esté bloqueado"/>
		<phrase i="1153" t="Permitir sonido cuando esté bloqueado"/>
		<phrase i="1154" t="¿Desbloquear el teléfono?"/>
		<phrase i="1155" t="¿Responder la llamada?"/>
		<phrase i="1156" t="Realizar una llamada autorizada"/>
		<phrase i="1157" t="Número no autorizado"/>
		<phrase i="1158" t="Número de teléfono"/>
		<phrase i="1159" t="Dirección SIP"/>
		<phrase i="1160" t="Shutdown initiated"/>
		<phrase i="1161" t="On-hook Dialing"/>
		<phrase i="1162" t="Off-hook Dialing"/>
		<phrase i="1163" t="Modo de audio"/>
		<phrase i="1164" t="Country"/>
		<phrase i="1165" t="El contacto no admite la presencia. ¿Guardar en el directorio de contactos local?"/>
		<phrase i="1166" t="Flash Timing"/>
		<phrase i="1167" t="Caller ID"/>
		<phrase i="1168" t="80"/>
		<phrase i="1169" t="100"/>
		<phrase i="1170" t="300"/>
		<phrase i="1171" t="600"/>
		<phrase i="1172" t="Removed"/>
		<phrase i="1173" t="RegLlam."/>
		<phrase i="1174" t="No se puede bloquear el teléfono."/>
		<phrase i="1175" t="PSTN Extension"/>
		<phrase i="1176" t="Enter PSTN Extension:"/>
		<phrase i="1177" t="Buscar en"/>
		<phrase i="1178" t="Microteléfono/Auriculares"/>
		<phrase i="1179" t="No puede agregarse a usted mismo a la lista de amigos."/>
		<phrase i="1180" t="Dismiss"/>
		<phrase i="1181" t="Snooze"/>
		<phrase i="1182" t="%s will start in %d %s at %s"/>
		<phrase i="1183" t="Calendar"/>
		<phrase i="1184" t="minutes"/>
		<phrase i="1185" t="seconds"/>
		<phrase i="1186" t="minute"/>
		<phrase i="1187" t="second"/>
		<phrase i="1188" t="Keypad Lock"/>
		<phrase i="1189" t="Keypad Unlock"/>
		<phrase i="1190" t="Keypad locked."/>
		<phrase i="1191" t="Lock the phone?"/>
		<phrase i="1192" t="Ningún grupo encontrado."/>
		<phrase i="1193" t="Certificados del dispositivo"/>
		<phrase i="1194" t="Cert. de Polycom" t.VVX_1500="Cert. de Polycom configurado"/>
		<phrase i="1195" t="Cert. cargado" t.VVX_1500="Cert. configurado cargado"/>
		<phrase i="1196" t="Certificado de Polycom" t.VVX_1500="Certificado del dispositivo de Polycom"/>
		<phrase i="1197" t="Certificado personalizado" t.VVX_1500="Certificado personalizado del dispositivo"/>
		<phrase i="1198" t="Descr. certificado personalizado" t.VVX_1500="Descripción del certificado personalizado del dispositivo"/>
		<phrase i="1199" t="TR-069 Upgrades Managed"/>
		<phrase i="1200" t="Cert. dispositivo"/>
		<phrase i="1201" t="Reproducción en curso"/>
		<phrase i="1202" t="El directorio de contacto local es de solo lectura."/>
		<phrase i="1203" t="Error al autenticar CMA."/>
		<phrase i="1204" t="Error de aprovisionamiento de CMA."/>
		<phrase i="1205" t="Teclado y ratón remotos"/>
		<phrase i="1206" t="¿El teléfono está a la derecha o a la izquierda del ordenador?"/>
		<phrase i="1207" t="Izquierda"/>
		<phrase i="1208" t="Derecha"/>
		<phrase i="1209" t="Lista"/>
		<phrase i="1210" t="Introduzca el código de motivo"/>
		<phrase i="1211" t="Cargar configuración"/>
		<phrase i="1212" t="TR-069"/>
		<phrase i="1213" t="CMA"/>
		<phrase i="1214" t="Todas las fuentes"/>
		<phrase i="1215" t="Local"/>
		<phrase i="1216" t="Web"/>
		<phrase i="1217" t="Cargar"/>
		<phrase i="1218" t="Archivos de configuración" t.IP_330="Config. Archivos"/>
		<phrase i="1219" t="Código de motivo no disponible"/>
		<phrase i="1220" t="Agente no dispon."/>
		<phrase i="1221" t="Alerta de archivo de configuración" t.IP_330="Config. Pre3.3.0"/>
		<phrase i="1222" t=" contiene parámetros pre-3.3.0"/>
		<phrase i="1223" t="ninguna"/>
		<phrase i="1224" t="Síntesis"/>
		<phrase i="1225" t="Se han encontrado parámetros duplicados" t.IP_330="Se han encontrado duplicados"/>
		<phrase i="1226" t="Se han encontrado errores"/>
		<phrase i="1227" t="Parámetros aceptados"/>
		<phrase i="1228" t="Se han encontrado parámetros pre-3.3.0"/>
		<phrase i="1229" t="Se han encontrado parámetros pre-3.3.0 en:" t.IP_330="Parámetros pre-3.3.0 en:"/>
		<phrase i="1230" t="Consulta aún pendiente, inténtelo más tarde."/>
		<phrase i="1231" t="El directorio de CMA no está registrado."/>
		<phrase i="1232" t="La lista de amigos de CMA no está registrada."/>
		<phrase i="1233" t="Información de llamadas"/>
		<phrase i="1234" t="Actualizar configuración"/>
		<phrase i="1235" t="Credenciales de inicio de sesión no válidas."/>
		<phrase i="1236" t="No se puede recuperar la dirección."/>
		<phrase i="1237" t="Error al marcar el contacto"/>
		<phrase i="1238" t="Error al añadir el contacto"/>
		<phrase i="1239" t="Estado de CMA"/>
		<phrase i="1240" t="Registro de lista de amigos"/>
		<phrase i="1241" t="Registro de directorio"/>
		<phrase i="1242" t="Estado de aprovisionamiento"/>
		<phrase i="1243" t="Nombre de host del servidor"/>
		<phrase i="1244" t="Comprobación de actualización de software"/>
		<phrase i="1245" t="Comprobación de actualización de perfil"/>
		<phrase i="1246" t="Informe de latido"/>
		<phrase i="1247" t="Éxito"/>
		<phrase i="1248" t="Error"/>
		<phrase i="1249" t="Invitaciones"/>
		<phrase i="1250" t="Invitación de amigo pendiente"/>
		<phrase i="1251" t="Listas de amigos"/>
		<phrase i="1252" t="Método de aceptación de invitaciones"/>
		<phrase i="1253" t="Aprovisionamiento de intervalos de sondeo"/>
		<phrase i="1254" t="Automático"/>
		<phrase i="1255" t="Revalidar"/>
		<phrase i="1256" t="La revalidación puede bloquear la cuenta del usuario si las credenciales no son válidas."/>
		<phrase i="1257" t="¿Desea continuar?"/>
		<phrase i="1258" t="Error de aprovisionamiento" t.IP_330="Error de config."/>
		<phrase i="1259" t="Error al actualizar la configuración."/>
                <phrase i="1260" t="" />
                <phrase i="1261" t="" />
                <phrase i="1262" t="" />
                <phrase i="1263" t="Redir." />
	</phrases>
	<textEntry>
		<Entry ID="0" key="=, $/~_?0"/>
		<Entry ID="1" key="!|'^\@:1"/>
		<Entry ID="2" key="abc2áç"/>
		<Entry ID="3" key="def3éè"/>
		<Entry ID="4" key="ghi4íï"/>
		<Entry ID="5" key="jkl5"/>
		<Entry ID="6" key="mno6ñóò"/>
		<Entry ID="7" key="pqrs7"/>
		<Entry ID="8" key="tuv8úü"/>
		<Entry ID="9" key="wxyz9"/>
		<Entry ID="*" key=".*#-&amp;%+;"/>
		<Entry ID="#"/>
	</textEntry>
</dictionary>