﻿<?xml version="1.0" encoding="UTF-8" standalone="yes"?>
<dictionary>
	<phrases>
		<phrase i="0" t="Voltar"/>
		<phrase i="1" t="Discar"/>
		<phrase i="2" t="Editar contato"/>
		<phrase i="3" t="Editar"/>
		<phrase i="4" t="Avançar"/>
		<phrase i="5" t="Salvar"/>
		<phrase i="6" t="Mais"/>
		<phrase i="7" t="Novo"/>
		<phrase i="8" t="Ok"/>
		<phrase i="9" t="Incluir"/>
		<phrase i="10" t="Limpar"/>
		<phrase i="11" t="Info"/>
		<phrase i="12" t="Enviar"/>
		<phrase i="13" t="Selecionar"/>
		<phrase i="14" t="Excluir"/>
		<phrase i="15" t="Importar"/>
		<phrase i="16" t="Bloquear"/>
		<phrase i="17" t="Aviso"/>
		<phrase i="18" t="Desbloquear" t.IP_330="Desbl"/>
		<phrase i="19" t="Meu Status" t.VVX_1500="My Status"/>
		<phrase i="20" t="Amigos" t.IP_330="Amigo"/>
		<phrase i="21" t="Continuar"/>
		<phrase i="22" t="Reproduzir"/>
		<phrase i="23" t="Terminar chamada" t.IP_330="Term cham"/>
		<phrase i="24" t="Nova chamada" t.IP_330="Nova cham"/>
		<phrase i="25" t="Rediscar"/>
		<phrase i="26" t="Responder"/>
		<phrase i="27" t="Nome"/>
		<phrase i="28" t="Número"/>
		<phrase i="29" t="Na espera"/>
		<phrase i="30" t="Conferência" t.IP_330="Conf" t.VVX_1500="Conferência"/>
		<phrase i="31" t="Transferir" t.IP_330="Transf" t.VVX_1500="Transferir"/>
		<phrase i="32" t="Terminar"/>
		<phrase i="33" t="Seguinte"/>
		<phrase i="34" t="Anterior" t.VVX_1500="Anterior"/>
		<phrase i="35" t="Responder"/>
		<phrase i="36" t="Sair"/>
		<phrase i="37" t="Cancelar"/>
		<phrase i="38" t="a-&gt;A"/>
		<phrase i="39" t="A-&gt;a"/>
		<phrase i="40" t="-&gt;ABC"/>
		<phrase i="41" t="&lt;&lt;"/>
		<phrase i="42" t="Submeter"/>
		<phrase i="43" t="Página seguinte" t.VVX_1500="Página seguinte"/>
		<phrase i="44" t="Atualizar"/>
		<phrase i="45" t="Mensagens instantâneas"/>
		<phrase i="46" t="Nenhuma mensagem"/>
		<phrase i="47" t="Enviar mensagem para "/>
		<phrase i="48" t="Digitar mensagem para "/>
		<phrase i="49" t="Meu Status"/>
		<phrase i="50" t="Diretório"/>
		<phrase i="51" t="Diretórios"/>
		<phrase i="52" t="Serviço"/>
		<phrase i="53" t="Aplicações"/>
		<phrase i="54" t="Discagem rápida"/>
		<phrase i="55" t="Informação sobre discagem rápida" t.VVX_1500="Informações sobre discagem rápida"/>
		<phrase i="56" t="Listas de chamada"/>
		<phrase i="57" t="Editar contato"/>
		<phrase i="58" t="Lista de usuários que podem ver você"/>
		<phrase i="59" t="Lista de usuários que você pode ver"/>
		<phrase i="60" t="Lista bloqueada"/>
		<phrase i="61" t="Chamadas perdidas"/>
		<phrase i="62" t="Chamadas recebidas"/>
		<phrase i="63" t="Chamadas feitas"/>
		<phrase i="64" t="CDP" t.IP_330="CDP"/>
		<phrase i="65" t="Informação do aplicativo"/>
		<phrase i="66" t="Codecs suportados"/>
		<phrase i="67" t="Incluir usuários"/>
		<phrase i="68" t="Resumo da rede"/>
		<phrase i="69" t="Listas de meu status"/>
		<phrase i="70" t="Status do amigo"/>
		<phrase i="71" t="Tipo de sinal"/>
		<phrase i="72" t="Status"/>
		<phrase i="73" t="Definições"/>
		<phrase i="74" t="Menu principal"/>
		<phrase i="75" t="Estatísticas da rede"/>
		<phrase i="76" t="Estatísticas de mídia"/>
		<phrase i="77" t="Versão firmware"/>
		<phrase i="78" t="Contraste"/>
		<phrase i="79" t="Configuração da rede"/>
		<phrase i="80" t="Informação da chamada"/>
		<phrase i="81" t="Informação"/>
		<phrase i="82" t="Informações sobre o sistema"/>
		<phrase i="83" t="Ativo"/>
		<phrase i="84" t="Inativo"/>
		<phrase i="85" t="Desconhecido"/>
		<phrase i="86" t="Dia"/>
		<phrase i="87" t="dias"/>
		<phrase i="88" t="Solicitando..."/>
		<phrase i="89" t="A Solicitação falhou."/>
		<phrase i="90" t="Ingles"/>
		<phrase i="91" t="Interno"/>
		<phrase i="92" t="Full-duplex"/>
		<phrase i="93" t="Half-duplex"/>
		<phrase i="94" t="Ver"/>
		<phrase i="95" t="*** AVISO ***"/>
		<phrase i="96" t="Router"/>
		<phrase i="97" t="Abaixo"/>
		<phrase i="98" t="Tempo transcorrido"/>
		<phrase i="99" t="Pacotes recebidos"/>
		<phrase i="100" t="Pacotes transmitidos"/>
		<phrase i="101" t="Pacotes faltando"/>
		<phrase i="102" t="Porta da LAN"/>
		<phrase i="103" t="Porta do computador"/>
		<phrase i="104" t="Msg Inst" t.IP_330="MI"/>
		<phrase i="105" t="Especifique"/>
		<phrase i="106" t="Ativar"/>
		<phrase i="107" t="Distorção (ms)"/>
		<phrase i="108" t="Distorção Máx. (ms)"/>
		<phrase i="109" t="Latência (ms)"/>
		<phrase i="110" t="Revisão do aplicativo"/>
		<phrase i="111" t="Revisão da Inicialização"/>
		<phrase i="112" t="Sinal"/>
		<phrase i="113" t="Nenhum registro"/>
		<phrase i="114" t="Lista de chamada faltando"/>
		<phrase i="115" t="Lista de chamada recebida"/>
		<phrase i="116" t="Lista de chamadas feitas"/>
		<phrase i="117" t="Excluido"/>
		<phrase i="118" t="Número"/>
		<phrase i="119" t="PM"/>
		<phrase i="120" t="AM"/>
		<phrase i="121" t="Hora"/>
		<phrase i="122" t="Nome"/>
		<phrase i="123" t="Duração"/>
		<phrase i="124" t=" diz: "/>
		<phrase i="125" t="Mensagem para "/>
		<phrase i="126" t="Recebi sua mensagem."/>
		<phrase i="127" t="Me ligue."/>
		<phrase i="128" t="Ligue mais tarde."/>
		<phrase i="129" t="Não posso falar agora."/>
		<phrase i="130" t="Vai almoçar?"/>
		<phrase i="131" t="Importado"/>
		<phrase i="132" t="Falha no Importe"/>
		<phrase i="133" t="Língua"/>
		<phrase i="134" t="Digite o número"/>
		<phrase i="135" t="Digite a URL"/>
		<phrase i="136" t="Separarr"/>
		<phrase i="137" t="Juntar"/>
		<phrase i="138" t="Para"/>
		<phrase i="139" t="De"/>
		<phrase i="140" t="Transferir" t.IP_330="Transf"/>
		<phrase i="141" t="Espera"/>
		<phrase i="142" t="Para"/>
		<phrase i="143" t="Na espera"/>
		<phrase i="144" t=" nova mensagem"/>
		<phrase i="145" t=" novas mensagens"/>
		<phrase i="146" t="Chamada"/>
		<phrase i="147" t="Rede não funciona"/>
		<phrase i="148" t="Reconfigurando a rede" t.IP_330="Reconfigurar" t.VVX_1500="Reconfigurando"/>
		<phrase i="149" t=" nova chamada perdida"/>
		<phrase i="150" t=" novas chamadas perdidas"/>
		<phrase i="151" t="Reinicializando"/>
		<phrase i="152" t="Chamada em espera"/>
		<phrase i="153" t="Desconectado"/>
		<phrase i="154" t="Online"/>
		<phrase i="155" t="Ocupado"/>
		<phrase i="156" t="Volto já"/>
		<phrase i="157" t="Saiu"/>
		<phrase i="158" t="Estou no telefone"/>
		<phrase i="159" t="Fora em almoço"/>
		<phrase i="160" t="Em uma reunião"/>
		<phrase i="161" t="Offline"/>
		<phrase i="162" t="Não Interrompa"/>
		<phrase i="163" t="Timeout"/>
		<phrase i="164" t="Servidor de boot"/>
		<phrase i="165" t="Opção Inicializar Servidor"/>
		<phrase i="166" t="Tipo Inicializar Servidor"/>
		<phrase i="167" t="Tipo de Servidor" t.IP_330="Tipo Serv"/>
		<phrase i="168" t="Endereço do Servidor" t.IP_330="End Serv"/>
		<phrase i="169" t="Usuário do Servidor" t.IP_330="Usuár Serv"/>
		<phrase i="170" t="Senha do Servidor" t.IP_330="Senha Serv"/>
		<phrase i="171" t="Cliente DHCP" t.IP_330="ClienteDHCP"/>
		<phrase i="172" t="Menu DHCP"/>
		<phrase i="173" t="Endereço Fone IP" t.VVX_1500="Endereço fone IP"/>
		<phrase i="174" t="Máscara Subnet" t.IP_330="Másc Subnet"/>
		<phrase i="175" t="Gateway do IP"/>
		<phrase i="176" t="Menu do Servidor" t.IP_330="Menu Serv"/>
		<phrase i="177" t="Endereço SNTP" t.IP_330="End SNTP"/>
		<phrase i="178" t="GMT Deslocado"/>
		<phrase i="179" t="Servidor DNS"/>
		<phrase i="180" t="Servidor DNS Alt."/>
		<phrase i="181" t="Domínio DNS"/>
		<phrase i="182" t=" ID VLAN"/>
		<phrase i="183" t=" Salvar Configuração"/>
		<phrase i="184" t=" Sair sem Salvar"/>
		<phrase i="185" t="Resumir Configuração"/>
		<phrase i="186" t="DHCP"/>
		<phrase i="187" t="MAC"/>
		<phrase i="188" t="IP"/>
		<phrase i="189" t="DNS"/>
		<phrase i="190" t="Servidor de boot"/>
		<phrase i="191" t="DNS Alternativo"/>
		<phrase i="192" t="Opção 66"/>
		<phrase i="193" t="Personalizado"/>
		<phrase i="194" t="Estático"/>
		<phrase i="195" t="Endereço IP"/>
		<phrase i="196" t="String"/>
		<phrase i="197" t="FTP"/>
		<phrase i="198" t="FTP Trivial"/>
		<phrase i="199" t="Ativado"/>
		<phrase i="200" t="Desativado"/>
		<phrase i="201" t="Máscara"/>
		<phrase i="202" t="Router"/>
		<phrase i="203" t="Domínio"/>
		<phrase i="204" t="Identificação da LAN Virtual"/>
		<phrase i="205" t="Servidor"/>
		<phrase i="206" t="Referência do Aplicativo"/>
		<phrase i="207" t="Arquivo"/>
		<phrase i="208" t="Configuração"/>
		<phrase i="209" t="Bootrom"/>
		<phrase i="210" t="No. da Parte do Hardware"/>
		<phrase i="211" t="Codec Tx"/>
		<phrase i="212" t="Codec Rx"/>
		<phrase i="213" t="Mudança de Idioma"/>
		<phrase i="214" t="Falha na mudança de idioma"/>
		<phrase i="215" t="Por favor espere..."/>
		<phrase i="216" t="Selecionar Linha"/>
		<phrase i="217" t="Linha"/>
		<phrase i="218" t="Pesquisar"/>
		<phrase i="219" t="Organizar"/>
		<phrase i="220" t="Pesquisar Diretório"/>
		<phrase i="221" t="Organizar Diretório"/>
		<phrase i="222" t="Primeiro nome"/>
		<phrase i="223" t="Ultimo Nome"/>
		<phrase i="224" t="Status do Sistema"/>
		<phrase i="225" t="Geral"/>
		<phrase i="226" t="Agenda de contatos"/>
		<phrase i="227" t="Contactando"/>
		<phrase i="228" t="Especial Opção 66"/>
		<phrase i="229" t="Informação da Linha"/>
		<phrase i="230" t="Registrado"/>
		<phrase i="231" t="Não Registrado"/>
		<phrase i="232" t="Autenticação"/>
		<phrase i="233" t="Reg Usuário"/>
		<phrase i="234" t="Reg Senha"/>
		<phrase i="235" t="Vídeo"/>
		<phrase i="236" t="Mensagens"/>
		<phrase i="237" t="Centro de Mensagens"/>
		<phrase i="238" t="Em Conferência"/>
		<phrase i="239" t="Urgente"/>
		<phrase i="240" t="Urgente"/>
		<phrase i="241" t="Nova"/>
		<phrase i="242" t="Nova"/>
		<phrase i="243" t="Velha"/>
		<phrase i="244" t="Velha"/>
		<phrase i="245" t="Conectar" t.IP_330="Conect"/>
		<phrase i="246" t="Adicionar ao Diretório"/>
		<phrase i="247" t="Editar Diretório"/>
		<phrase i="248" t="Índice de Discagem Rápida"/>
		<phrase i="249" t="Desvio de Chamada"/>
		<phrase i="250" t="Rejeitar"/>
		<phrase i="251" t="Desviar" t.IP_330="Desv"/>
		<phrase i="252" t="Esta chamada"/>
		<phrase i="253" t="Redefinir Configuração do Usuário"/>
		<phrase i="254" t="Desviar Contato"/>
		<phrase i="255" t="Auto Rejeitar"/>
		<phrase i="256" t="Auto Desviar"/>
		<phrase i="257" t="Salvado"/>
		<phrase i="258" t="Erro"/>
		<phrase i="259" t="Contato já existe"/>
		<phrase i="260" t="Desativar"/>
		<phrase i="261" t="Ver Status do Amigo"/>
		<phrase i="262" t="Bloquear Amigo"/>
		<phrase i="263" t="Favor tentar de novo."/>
		<phrase i="264" t="Relógio"/>
		<phrase i="265" t="Data"/>
		<phrase i="266" t="Formato"/>
		<phrase i="267" t="domingo"/>
		<phrase i="268" t="segunda"/>
		<phrase i="269" t="terça"/>
		<phrase i="270" t="quarta"/>
		<phrase i="271" t="quinta"/>
		<phrase i="272" t="sexta"/>
		<phrase i="273" t="sábado"/>
		<phrase i="274" t="janeiro"/>
		<phrase i="275" t="fevereiro"/>
		<phrase i="276" t="março"/>
		<phrase i="277" t="abril"/>
		<phrase i="278" t="maio"/>
		<phrase i="279" t="junho"/>
		<phrase i="280" t="julho"/>
		<phrase i="281" t="agosto"/>
		<phrase i="282" t="setembro"/>
		<phrase i="283" t="outubro"/>
		<phrase i="284" t="novembro"/>
		<phrase i="285" t="dezembro"/>
		<phrase i="286" t="Hora do Relógio"/>
		<phrase i="287" t="Definir tudo"/>
		<phrase i="288" t="Limpar tudo"/>
		<phrase i="289" t="Configuração do Headset"/>
		<phrase i="290" t="Modo Automático do Headset"/>
		<phrase i="291" t="Erro ao Importar!"/>
		<phrase i="292" t="Bloqueado por chamada ativa." t.VVX_1500="Chamada ativa, ação abortada."/>
		<phrase i="293" t="Favor digitar contato"/>
		<phrase i="294" t="Transferir para"/>
		<phrase i="295" t="Conferência com"/>
		<phrase i="296" t="Digitar"/>
		<phrase i="297" t="Mudar a Senha"/>
		<phrase i="298" t="Mudar a Senha do Usuário" t.VVX_1500="Mudar a senha do usuário"/>
		<phrase i="299" t="Mudar a Senha do Administrador" t.VVX_1500="Mudar a senha do administrador"/>
		<phrase i="300" t="Senha do Usuário"/>
		<phrase i="301" t="Senha do Admin" t.VVX_1500="Senha do administrador"/>
		<phrase i="302" t="Senha do usuário alterada" t.VVX_1500="Senha do usuário alterada."/>
		<phrase i="303" t="Senha do Admin alterada" t.VVX_1500="Senha do administrador alterada"/>
		<phrase i="304" t="Favor tentar de novo."/>
		<phrase i="305" t="Senha Antiga"/>
		<phrase i="306" t="Senha Nova"/>
		<phrase i="307" t="Confrmar Senha"/>
		<phrase i="308" t="Senha muito curta." t.VVX_1500="Senha muito curta."/>
		<phrase i="309" t="Página Anterior" t.VVX_1500="Página anterior"/>
		<phrase i="310" t="ASCII"/>
		<phrase i="311" t="Latim"/>
		<phrase i="312" t="Cirílico"/>
		<phrase i="313" t="Unicode"/>
		<phrase i="314" t="O Tamanho Mínimo é"/>
		<phrase i="315" t="1/A/a"/>
		<phrase i="316" t="Chamada não pode ser completada."/>
		<phrase i="317" t="Codificação" t.IP_330="Codificar"/>
		<phrase i="318" t="Velocidade da LAN"/>
		<phrase i="319" t="Velocidade do PC"/>
		<phrase i="320" t="Desconhecido "/>
		<phrase i="321" t="Redefinir definições Flash."/>
		<phrase i="322" t="Modo LAN "/>
		<phrase i="323" t="Modo PC "/>
		<phrase i="324" t="SNTP"/>
		<phrase i="325" t="GMT"/>
		<phrase i="326" t="Horário de verão"/>
		<phrase i="327" t="Ligado"/>
		<phrase i="328" t="Desligado"/>
		<phrase i="329" t="Carga da CPU"/>
		<phrase i="330" t="Mais rápido"/>
		<phrase i="331" t="Mais devagar"/>
		<phrase i="332" t="Carga"/>
		<phrase i="333" t="Intervalo"/>
		<phrase i="334" t="Diretório demasiado grande"/>
		<phrase i="335" t="Não existe este campo"/>
		<phrase i="336" t="Fim do diretório"/>
		<phrase i="337" t="Este contato foi apagado"/>
		<phrase i="338" t="Linha usada remotamente"/>
		<phrase i="339" t="Carga de rede"/>
		<phrase i="340" t="Bytes por Segundo"/>
		<phrase i="341" t="Pacotes por Segundo"/>
		<phrase i="342" t="Carga do DSP"/>
		<phrase i="343" t="Carga do Host"/>
		<phrase i="344" t="Modo"/>
		<phrase i="345" t="Diagnósticos"/>
		<phrase i="346" t="Diagnóstico de Áudio"/>
		<phrase i="347" t="Diagnóstico de Teclado"/>
		<phrase i="348" t="Diagnóstico de Vídeo" t.VVX_1500="Diagnóstico de Vídeo"/>
		<phrase i="349" t="Alto-falante"/>
		<phrase i="350" t="Fone"/>
		<phrase i="351" t="Passou"/>
		<phrase i="352" t="Falhou"/>
		<phrase i="353" t="Teste Completo"/>
		<phrase i="354" t="Sair: Pressione tecla 2 vezes para sair"/>
		<phrase i="355" t="Pressione a chave para verificar a função" t.VVX_1500="Pressione chave p/ verificar a função"/>
		<phrase i="356" t="Gravar"/>
		<phrase i="357" t="Parar"/>
		<phrase i="358" t="Chave Inválida"/>
		<phrase i="359" t="Dispositivo de Gancho"/>
		<phrase i="360" t="Parado"/>
		<phrase i="361" t="Reproduzindo"/>
		<phrase i="362" t="Gravando"/>
		<phrase i="363" t="IP Duplicado"/>
		<phrase i="364" t="Reiniciar"/>
		<phrase i="365" t="Detectado por"/>
		<phrase i="366" t="Dom"/>
		<phrase i="367" t="Seg"/>
		<phrase i="368" t="Ter"/>
		<phrase i="369" t="Qua"/>
		<phrase i="370" t="Qui"/>
		<phrase i="371" t="Sex"/>
		<phrase i="372" t="Sab"/>
		<phrase i="373" t="Jan"/>
		<phrase i="374" t="Fev"/>
		<phrase i="375" t="Mar"/>
		<phrase i="376" t="Abr"/>
		<phrase i="377" t="Mai"/>
		<phrase i="378" t="Jun"/>
		<phrase i="379" t="Jul"/>
		<phrase i="380" t="Ago"/>
		<phrase i="381" t="Set"/>
		<phrase i="382" t="Out"/>
		<phrase i="383" t="Nov"/>
		<phrase i="384" t="Dez"/>
		<phrase i="385" t="Uso da Memória"/>
		<phrase i="386" t="Chamada Ativa"/>
		<phrase i="387" t="Silêncio"/>
		<phrase i="388" t="Servidor Não Disponível"/>
		<phrase i="389" t="Ordem do Relógio"/>
		<phrase i="390" t="Data acima da hora"/>
		<phrase i="391" t="Hora acima da data"/>
		<phrase i="392" t="Data antes da hora"/>
		<phrase i="393" t="Hora antes da data"/>
		<phrase i="394" t="Katakana"/>
		<phrase i="395" t="Tons de chamada em progresso"/>
		<phrase i="396" t="Não Interrompa"/>
		<phrase i="397" t="In/Out" t.IP_330="In/Out"/>
		<phrase i="398" t="Disponibilidade" t.IP_330="Disponib"/>
		<phrase i="399" t="Mudança"/>
		<phrase i="400" t="1-&gt;Aa"/>
		<phrase i="401" t="A-&gt;a1"/>
		<phrase i="402" t="a-&gt;1A"/>
		<phrase i="403" t="Mostrar Nome" t.IP_330="Mostr Nome"/>
		<phrase i="404" t="Linhas"/>
		<phrase i="405" t="Rótulo"/>
		<phrase i="406" t="Iniciar registro no teclado"/>
		<phrase i="407" t="Chamada da Url desativada" t.IP_330="Chamada da Url desativada"/>
		<phrase i="408" t="Favor levantar o aparelho"/>
		<phrase i="409" t="Modo de Escuta"/>
		<phrase i="410" t="Estacionar Chamada"/>
		<phrase i="411" t="Recuperar" t.VVX_1500="Recuperar"/>
		<phrase i="412" t="Grupo"/>
		<phrase i="413" t="Dirigida" t.VVX_1500="Direcionada"/>
		<phrase i="414" t="Início"/>
		<phrase i="415" t="Atualizar"/>
		<phrase i="416" t="Retornar a última chamada"/>
		<phrase i="417" t="Retornar a última chamada"/>
		<phrase i="418" t="Recursos"/>
		<phrase i="419" t="Cega"/>
		<phrase i="420" t="Headset"/>
		<phrase i="421" t="Disponibilidade do agente ACD"/>
		<phrase i="422" t="ACD login/logout"/>
		<phrase i="423" t="Login"/>
		<phrase i="424" t="Logout"/>
		<phrase i="425" t="Disponível"/>
		<phrase i="426" t="Não está disponível"/>
		<phrase i="427" t="ID do Usuário"/>
		<phrase i="428" t="Senha"/>
		<phrase i="429" t="Captar"/>
		<phrase i="430" t="Transferência cega para"/>
		<phrase i="431" t="Disponível" t.VVX_1500="Disponível"/>
		<phrase i="432" t="Não está disponível" t.VVX_1500="Não disponível"/>
		<phrase i="433" t="Configuração SIP"/>
		<phrase i="434" t="Endereço"/>
		<phrase i="435" t="Tipo de linha"/>
		<phrase i="436" t="Nome do Terceiro"/>
		<phrase i="437" t="Privado"/>
		<phrase i="438" t="Compartilhado"/>
		<phrase i="439" t="Porta do Servidor"/>
		<phrase i="440" t="Consultar DNS"/>
		<phrase i="441" t="Registro"/>
		<phrase i="442" t="Proxy Saída" t.VVX_1500="Proxy de Saída SIP"/>
		<phrase i="443" t="Porta Saída" t.VVX_1500="Porta de Saída SIP"/>
		<phrase i="444" t="Espera RFC2543" t.IP_330="Espera RFC2543"/>
		<phrase i="445" t="Sim"/>
		<phrase i="446" t="Não"/>
		<phrase i="447" t="Apenas UDP"/>
		<phrase i="448" t="TCP preferido"/>
		<phrase i="449" t="Naptr"/>
		<phrase i="450" t="ID do usuário autorizado" t.VVX_1500="ID do usuário de autenticação"/>
		<phrase i="451" t="Senha do usuário autorizado" t.VVX_1500="Senha de autenticação"/>
		<phrase i="452" t="Reinicializar Fone"/>
		<phrase i="453" t="Tem certeza?"/>
		<phrase i="454" t="Modo Descoberta VLAN" t.IP_330="Desc. VLAN"/>
		<phrase i="455" t="Corrigido"/>
		<phrase i="456" t="Opção de ID VLAN" t.VVX_1500="Opção de ID VLAN"/>
		<phrase i="457" t="Selecionar"/>
		<phrase i="458" t="Reincializar Chave de Segurança Local"/>
		<phrase i="459" t="Selecionar mensagem"/>
		<phrase i="460" t="HTTP"/>
		<phrase i="461" t="HTTPS"/>
		<phrase i="462" t="FTPS"/>
		<phrase i="463" t="Instalar Cert CA Personalizado" t.VVX_1500="Instalar Certificado CA Personalizado"/>
		<phrase i="464" t="Download Cert CA Personalizado" t.VVX_1500="Download Certificado CA Personalizado"/>
		<phrase i="465" t="Aceitar"/>
		<phrase i="466" t="Configurar Cert CA" t.VVX_1500="Configurar certificados CA"/>
		<phrase i="467" t="Impressão digital MD5"/>
		<phrase i="468" t="Certificado Personalizado"/>
		<phrase i="469" t="Lista de Cert Padrão" t.VVX_1500="Lista de certificado padrão"/>
		<phrase i="470" t="Todos os Certificados"/>
		<phrase i="471" t="Método Proporcionado" t.VVX_1500="Método de aprovisionamento"/>
		<phrase i="472" t="Seqüência de caracteres proporcionada" t.VVX_1500="Seqüência de aprovisionamento"/>
		<phrase i="473" t="Padrão"/>
		<phrase i="474" t="SAS-VP"/>
		<phrase i="475" t="Download falhou"/>
		<phrase i="476" t="Servidor"/>
		<phrase i="477" t="Aplicação"/>
		<phrase i="478" t="Estatistica de pacotes"/>
		<phrase i="479" t="Preferências regionais"/>
		<phrase i="480" t="Definições do usuário"/>
		<phrase i="481" t="Definições do admin" t.VVX_1500="Configurações de administração"/>
		<phrase i="482" t="Formatar arquivo do sistema"/>
		<phrase i="483" t="Parâmetros TCP/IP"/>
		<phrase i="484" t="Plataforma"/>
		<phrase i="485" t="Rede"/>
		<phrase i="486" t="Fone"/>
		<phrase i="487" t="Principal"/>
		<phrase i="488" t="Componentes"/>
		<phrase i="489" t="Direitos Autorais"/>
		<phrase i="490" t="Configuração"/>
		<phrase i="491" t="Ethernet"/>
		<phrase i="492" t="Básico"/>
		<phrase i="493" t="Avançado"/>
		<phrase i="494" t="Preferências"/>
		<phrase i="495" t="Efeitos Sonoros"/>
		<phrase i="496" t="Segurança SSL"/>
		<phrase i="497" t="Redefinir Padrão"/>
		<phrase i="498" t="Redefinir Configuração Local" t.IP_330="Redef Conf Local" t.VVX_1500="Reinicializar configuração local"/>
		<phrase i="499" t="Redefinir a Definição do Dispositivo" t.IP_330="Redef Def Disposit"/>
		<phrase i="500" t="Geral"/>
		<phrase i="501" t="Teste de Hardware"/>
		<phrase i="502" t="Gráficos"/>
		<phrase i="503" t="Certificados CA"/>
		<phrase i="504" t="Hora e Data"/>
		<phrase i="505" t="TFTP"/>
		<phrase i="506" t="INVÁLIDO"/>
		<phrase i="507" t="Chamadas por tecla de linha" t.IP_330="Cham/Tecl Linh"/>
		<phrase i="508" t="Teclas de número de linha" t.IP_330="Teclas Nº Linha"/>
		<phrase i="509" t="Aparelho de banda larga"/>
		<phrase i="510" t="TLS"/>
		<phrase i="511" t="Incluir contato"/>
		<phrase i="512" t="Tentativas de transferência de arquivo"/>
		<phrase i="513" t="Espera para nova tentativa"/>
		<phrase i="514" t="Permitir"/>
		<phrase i="515" t="Privacidade"/>
		<phrase i="516" t="Lista de permissões"/>
		<phrase i="517" t="Buddy Privacy"/>
		<phrase i="518" t="Incluir permissão"/>
		<phrase i="519" t="Editar permissão"/>
		<phrase i="520" t="Acesso"/>
		<phrase i="521" t="Energia EM"/>
		<phrase i="522" t="Certificado salvo."/>
		<phrase i="523" t="Falha ao salvar certificado."/>
		<phrase i="524" t="Proc solicitação..."/>
		<phrase i="525" t="&gt;&gt;"/>
		<phrase i="526" t="Modo CLink"/>
		<phrase i="527" t="Clnt."/>
		<phrase i="528" t="Menu Ethernet"/>
		<phrase i="529" t="Md Porta LAN"/>
		<phrase i="530" t="Md Port Comp"/>
		<phrase i="531" t="Auto"/>
		<phrase i="532" t="10HD"/>
		<phrase i="533" t="10FD"/>
		<phrase i="534" t="100HD"/>
		<phrase i="535" t="100FD"/>
		<phrase i="536" t="Vídeo"/>
		<phrase i="537" t="Fone"/>
		<phrase i="538" t="Md ForaGancho"/>
		<phrase i="539" t="Ad Vídeo"/>
		<phrase i="540" t="Selecione"/>
		<phrase i="541" t="Intens ilumin fundo"/>
		<phrase i="542" t="Desligado"/>
		<phrase i="543" t="Bx"/>
		<phrase i="544" t="Médio"/>
		<phrase i="545" t="Alto"/>
		<phrase i="546" t="Chamada linha"/>
		<phrase i="547" t="Vol alto-falan"/>
		<phrase i="548" t="Vol campainha"/>
		<phrase i="549" t="Gerenc"/>
		<phrase i="550" t="Gerenciar confer"/>
		<phrase i="551" t="Mudo"/>
		<phrase i="552" t="C/ som"/>
		<phrase i="553" t="Remov"/>
		<phrase i="554" t="Flux  míd"/>
		<phrase i="555" t="Info  particip"/>
		<phrase i="556" t="Int ilum  fundo lig"/>
		<phrase i="557" t="Int ilum fundo inativa"/>
		<phrase i="558" t="Modo 2,5mm"/>
		<phrase i="559" t="Qqr um (pad)"/>
		<phrase i="560" t="Tel móvel"/>
		<phrase i="561" t="Link de Dados PC"/>
		<phrase i="562" t="Cham vídeo"/>
		<phrase i="563" t="Chamada tel"/>
		<phrase i="564" t="Só SIP"/>
		<phrase i="565" t="Só POTS"/>
		<phrase i="566" t="Auto (Pref chamada HDX)" t.VVX_1500="Auto (Preferência de chamada HDX)"/>
		<phrase i="567" t="Ord tp chamada"/>
		<phrase i="568" t="Sumário"/>
		<phrase i="569" t="Chamad"/>
		<phrase i="570" t="Agd"/>
		<phrase i="571" t="Ignor"/>
		<phrase i="572" t="Cham de:"/>
		<phrase i="573" t="Volume"/>
		<phrase i="574" t="Campainha"/>
		<phrase i="575" t="AltoFal"/>
		<phrase i="576" t="Normal"/>
		<phrase i="577" t="&lt;Nova entd&gt;"/>
		<phrase i="578" t="Salvar Agenda"/>
		<phrase i="579" t="Confirmação"/>
		<phrase i="580" t="Serviço não disp" t.IP_330="Serviço não disp"/>
		<phrase i="581" t="NIN" t.VVX_1500="Não interromper"/>
		<phrase i="582" t="Conectando-se"/>
		<phrase i="583" t="Chamada ext:"/>
		<phrase i="584" t="Est DSP"/>
		<phrase i="585" t="Unid 0"/>
		<phrase i="586" t="Unid 1"/>
		<phrase i="587" t="Unid 2"/>
		<phrase i="588" t="Msgs" t.VVX_1500="Mensagens"/>
		<phrase i="589" t="Adic tel"/>
		<phrase i="590" t="Digitar mais díg"/>
		<phrase i="591" t="End incompleto"/>
		<phrase i="592" t="Status  servid"/>
		<phrase i="593" t="Registrando"/>
		<phrase i="594" t="Cancel reg"/>
		<phrase i="595" t="Nunca reg"/>
		<phrase i="596" t="Excluir entd agenda"/>
		<phrase i="597" t="Conf c/ outra pessoa"/>
		<phrase i="598" t="Cham  vídeo ou tel?"/>
		<phrase i="599" t="Entd não encont"/>
		<phrase i="600" t="PorSobrenome"/>
		<phrase i="601" t="Por nome"/>
		<phrase i="602" t="Rede"/>
		<phrase i="603" t="Dial-up"/>
		<phrase i="604" t="Cabo/DSL"/>
		<phrase i="605" t="LAN"/>
		<phrase i="606" t="Conf em andamento."/>
		<phrase i="607" t="Impossível"/>
		<phrase i="608" t="Menu Syslog"/>
		<phrase i="609" t="Recurso"/>
		<phrase i="610" t="Nível proces" t.IP_330="Nív proces"/>
		<phrase i="611" t="UDP"/>
		<phrase i="612" t="TCP"/>
		<phrase i="613" t="Nenh"/>
		<phrase i="614" t="Digitar senha"/>
		<phrase i="615" t="Eq agudos"/>
		<phrase i="616" t="Eq grav"/>
		<phrase i="617" t="Entd áud aux"/>
		<phrase i="618" t="Sd áudio aux"/>
		<phrase i="619" t="Ctrl auto ganho"/>
		<phrase i="620" t="Supressão ruído"/>
		<phrase i="621" t="URL"/>
		<phrase i="622" t="Só enviar"/>
		<phrase i="623" t="Enviar/Rec"/>
		<phrase i="624" t="Só receber"/>
		<phrase i="625" t="Inativo"/>
		<phrase i="626" t="Só TCP"/>
		<phrase i="627" t="Mic sem fio"/>
		<phrase i="628" t="Outra entd"/>
		<phrase i="629" t="Saída grav"/>
		<phrase i="630" t="Alto-falante ext"/>
		<phrase i="631" t="Graves e agudos"/>
		<phrase i="632" t="Áudio auxiliar"/>
		<phrase i="633" t="Transdutores loc"/>
		<phrase i="634" t="Áudio"/>
		<phrase i="635" t="Sel transdutores locais"/>
		<phrase i="636" t="Microfone"/>
		<phrase i="637" t="AltoFal"/>
		<phrase i="638" t="Conferência"/>
		<phrase i="639" t="Preced MAC" t.IP_330="Preced MAC"/>
		<phrase i="640" t="Vol alto-falan"/>
		<phrase i="641" t="Volume do headset"/>
		<phrase i="642" t="Volume do fone"/>
		<phrase i="643" t="Captura de chamada"/>
		<phrase i="644" t="Captura direcionada"/>
		<phrase i="645" t="Captura em grupo"/>
		<phrase i="646" t="Pressione qualquer tecla para sair do teste"/>
		<phrase i="647" t="Teste cancelado"/>
		<phrase i="648" t="Marcar SN para UA" t.IP_330="Marcar SN"/>
		<phrase i="649" t="1000HD"/>
		<phrase i="650" t="1000FD"/>
		<phrase i="651" t="Diagnósticos da rede"/>
		<phrase i="652" t="Diagnósticos da porta da LAN"/>
		<phrase i="653" t="Diagnósticos da porta do computador"/>
		<phrase i="654" t="Diagnósticos do Gigabit Ethernet"/>
		<phrase i="655" t="Modo normal"/>
		<phrase i="656" t="Transmissão em forma de onda"/>
		<phrase i="657" t="Tremulação de transmissão mestre"/>
		<phrase i="658" t="Tremulação de transmissão auxiliar"/>
		<phrase i="659" t="Distorção de transmissão"/>
		<phrase i="660" t="Indicação de microfone ativo"/>
		<phrase i="661" t="Áudio móvel desativado"/>
		<phrase i="662" t="Áudio móvel ativado"/>
		<phrase i="663" t="Chamada de áudio"/>
		<phrase i="664" t="Chamada de vídeo"/>
		<phrase i="665" t="Chamada de áudio/vídeo"/>
		<phrase i="666" t="Qualquer chamada"/>
		<phrase i="667" t="Seleção do tipo de redirecionamento" t.IP_330="Redirecionar"/>
		<phrase i="668" t="Sempre"/>
		<phrase i="669" t="Não atendida"/>
		<phrase i="670" t="Redirecionar após toques"/>
		<phrase i="671" t="Redirecionar chamada não atendida" t.IP_330="Não Atendida"/>
		<phrase i="672" t="Redirecionar chamada ocupada" t.IP_330="Ocupada"/>
		<phrase i="673" t="Sempre redirecionar chamada" t.IP_330="Sempre"/>
		<phrase i="674" t="Filtro de VLAN"/>
		<phrase i="675" t="Filtro contra tempestades"/>
		<phrase i="676" t="Conteúdo da Web SIP"/>
		<phrase i="677" t="Passivo"/>
		<phrase i="678" t="Erro de Encadeamento:"/>
		<phrase i="679" t="Vários cabos Ethernet"/>
		<phrase i="680" t="Conecte apenas um cabo Ethernet"/>
		<phrase i="681" t="Conflito de versão"/>
		<phrase i="682" t="Contatar o administrador do sistema."/>
		<phrase i="683" t="Ver contato"/>
		<phrase i="684" t="Ver"/>
		<phrase i="685" t="Intensidade máxima"/>
		<phrase i="686" t="Test de Automação"/>
		<phrase i="687" t="Entrada Chave Teste de Automação" t.IP_330="Entrada Teste Autom"/>
		<phrase i="688" t="Teste de Automação Ativado"/>
		<phrase i="689" t="Teste de Automação Desativado"/>
		<phrase i="690" t="Mídia de armazenamento conectada"/>
		<phrase i="691" t="Mídia de armazenamento removida"/>
		<phrase i="692" t="Mídia de Armazenamento Removível"/>
		<phrase i="693" t="Procurar Gravações"/>
		<phrase i="694" t="Propriedades da Mídia de Armazenamento"/>
		<phrase i="695" t="Total"/>
		<phrase i="696" t="Usados"/>
		<phrase i="697" t="Livres"/>
		<phrase i="698" t="Nenhuma mídia de armazenamento conectada"/>
		<phrase i="699" t="Não há chamadas ativas."/>
		<phrase i="700" t="Reproduzir última gravação"/>
		<phrase i="701" t="Iniciar"/>
		<phrase i="702" t="Pausa"/>
		<phrase i="703" t="Renomear"/>
		<phrase i="704" t="Excluir"/>
		<phrase i="705" t="Inform do arquivo" t.VVX_1500="Informações do arquivo"/>
		<phrase i="706" t="Nenhum arquivo wav encontrado."/>
		<phrase i="707" t="Nome do arquivo USB"/>
		<phrase i="708" t="Renomear arquivo"/>
		<phrase i="709" t="Nome do arquivo não pode estar vazio"/>
		<phrase i="710" t="O arquivo já existe"/>
		<phrase i="711" t="Salvar Como"/>
		<phrase i="712" t="Caracteres especiais não são permitidos"/>
		<phrase i="713" t="A gravação não pôde ser iniciada."/>
		<phrase i="714" t="Recurso indisponível."/>
		<phrase i="715" t="Reproduzir novamente"/>
		<phrase i="716" t="Mídia de armazenamento cheia"/>
		<phrase i="717" t="Gravação cancelada."/>
		<phrase i="718" t="Gravação interrompida."/>
		<phrase i="719" t="Remoto mudo"/>
		<phrase i="720" t="Abrir"/>
		<phrase i="721" t="Mídia removida de forma insegura."/>
		<phrase i="722" t="Pausado"/>
		<phrase i="723" t="Finalizado"/>
		<phrase i="724" t="*R*" t.VVX_1500="R"/>
		<phrase i="725" t="*P*" t.VVX_1500="P"/>
		<phrase i="726" t="h"/>
		<phrase i="727" t="min"/>
		<phrase i="728" t="seg"/>
		<phrase i="729" t="Cheio"/>
		<phrase i="730" t="Diretório corporativo" t.IP_330="Dir. corp."/>
		<phrase i="731" t="Diretório corporativo"/>
		<phrase i="732" t="Servidor da agenda não inicializado"/>
		<phrase i="733" t="Status do diretório corporativo" t.IP_330="Status dir corp"/>
		<phrase i="734" t="Manter pesquisa"/>
		<phrase i="735" t="Modo Handsfree desativado" t.IP_330="Handsfree desativ"/>
		<phrase i="736" t="Configurações do telefone"/>
		<phrase i="737" t="Modo Handsfree"/>
		<phrase i="738" t="Dispositivo USB não suportado conectado."/>
		<phrase i="739" t="Dispositivo USB não suportado removido."/>
		<phrase i="740" t="Headset conectado."/>
		<phrase i="741" t="Headset removido."/>
		<phrase i="742" t="Headset"/>
		<phrase i="743" t="Configurações do headset"/>
		<phrase i="744" t="Modo Headset analógico"/>
		<phrase i="745" t="Headset analógico"/>
		<phrase i="746" t="Modo Regular"/>
		<phrase i="747" t="Modo Jabra"/>
		<phrase i="748" t="Formato de arquivo .wav não suportado"/>
		<phrase i="749" t="Intrusão" t.IP_330="Intrusão"/>
		<phrase i="750" t="Gravação em andamento"/>
		<phrase i="751" t="Ação abortada"/>
		<phrase i="752" t="Filtrado" t.IP_330="Filtrado"/>
		<phrase i="753" t="Reprodução cancelada."/>
		<phrase i="754" t="Arquivo em uso"/>
		<phrase i="755" t="Imagem de fundo"/>
		<phrase i="756" t="Visualizar"/>
		<phrase i="757" t="Imagem de fundo padrão 1"/>
		<phrase i="758" t="Dispositivo não pronto. Tente novamente."/>
		<phrase i="759" t="Imagem de fundo padrão 2"/>
		<phrase i="760" t="Imagem de fundo padrão 3"/>
		<phrase i="761" t="Imagem de fundo padrão 4"/>
		<phrase i="762" t="Arquivo não encontrado" t.VVX_1500="Imagem em seg. plano selec. indisponível"/>
		<phrase i="763" t="Clarear"/>
		<phrase i="764" t="Escurecer"/>
		<phrase i="765" t="Operação não permitida"/>
		<phrase i="766" t="Exclusão em andamento"/>
		<phrase i="767" t="Memória insuficiente para continuar."/>
		<phrase i="768" t="Tempo de gravação disponível"/>
		<phrase i="769" t="ID do dispositivo"/>
		<phrase i="770" t="Servidor da agenda não responde" t.IP_330="Serv. CD não resp."/>
		<phrase i="771" t="Pesquisando..."/>
		<phrase i="772" t="Cor do Rótulo"/>
		<phrase i="773" t="Rótulo"/>
		<phrase i="774" t="Reiniciar"/>
		<phrase i="775" t="Desfazer"/>
		<phrase i="776" t="Nenhuma entrada encontrada" t.IP_330="Nenh entd enc"/>
		<phrase i="777" t="Verificação do dispositivo USB." t.IP_330="Verifique o dispositivo USB"/>
		<phrase i="778" t="Espere um minuto..."/>
		<phrase i="779" t="Não é possível salvar esta cor."/>
		<phrase i="780" t="O texto deve estar ilegível."/>
		<phrase i="781" t="Reinicialização do Fone"/>
		<phrase i="782" t="Reiniciar Fone"/>
		<phrase i="783" t="Imagem de fundo padrão 5"/>
		<phrase i="784" t="O índice de discagem rápida é inválido." t.IP_330="Índ. disc. ráp. inválido."/>
		<phrase i="785" t="Iniciar o vídeo"/>
		<phrase i="786" t="Parar o vídeo"/>
		<phrase i="787" t="Tela inteira"/>
		<phrase i="788" t="PIP"/>
		<phrase i="789" t="Buscar"/>
		<phrase i="790" t="Aum. vol."/>
		<phrase i="791" t="Dimin. vol."/>
		<phrase i="792" t="Contato é necessário." t.VVX_1500="Um valor de contato é necessário."/>
		<phrase i="793" t="Valor de contato duplicado." t.VVX_1500="O valor de contato já existe."/>
		<phrase i="794" t="Inserir nome"/>
		<phrase i="795" t="Trocar"/>
		<phrase i="796" t="Modo Plantronics"/>
		<phrase i="797" t="Discagem rápida duplicada." t.VVX_1500="O índice de discagem rápida já existe."/>
		<phrase i="798" t="Câmera local"/>
		<phrase i="799" t="Chamadas de atendente"/>
		<phrase i="800" t="Moldura para foto"/>
		<phrase i="801" t="Configurações da câmera"/>
		<phrase i="802" t="ABC"/>
		<phrase i="803" t="123"/>
		<phrase i="804" t="Digite o número (ABC)"/>
		<phrase i="805" t="Digite o número (123)"/>
		<phrase i="806" t="Config. inválida" t.VVX_1500="Configuração inválida"/>
		<phrase i="807" t="Erro no login"/>
		<phrase i="808" t="Transferir"/>
		<phrase i="809" t="Taxa de quadros da tela"/>
		<phrase i="810" t="Nível de brilho"/>
		<phrase i="811" t="Nível de saturação"/>
		<phrase i="812" t="Nível de contraste"/>
		<phrase i="813" t="Nível de nitidez"/>
		<phrase i="814" t="Evitar cintilação"/>
		<phrase i="815" t="Menu"/>
		<phrase i="816" t="Configurações de vídeo"/>
		<phrase i="817" t="Iniciar automaticamente Tx de vídeo"/>
		<phrase i="818" t="Modo Tela de vídeo (janela)"/>
		<phrase i="819" t="Mestre"/>
		<phrase i="820" t="Escravo"/>
		<phrase i="821" t="Relógio 1000BT LAN"/>
		<phrase i="822" t="Relógio 1000BT PC"/>
		<phrase i="823" t="Tipo de chamada"/>
		<phrase i="824" t="Áudio"/>
		<phrase i="825" t="Vídeo"/>
		<phrase i="826" t="Viva-voz SIP"/>
		<phrase i="827" t="Preferência HDX"/>
		<phrase i="828" t="Tipo de chamada de voz"/>
		<phrase i="829" t="Eliminação de eco"/>
		<phrase i="830" t="Modo Eliminação de eco"/>
		<phrase i="831" t="Ir para"/>
		<phrase i="832" t="Modo Tela de vídeo (tela inteira)"/>
		<phrase i="833" t="Moldura para foto"/>
		<phrase i="834" t="Protetor de tela"/>
		<phrase i="835" t="Pasta"/>
		<phrase i="836" t="Tempo por imagem (s)"/>
		<phrase i="837" t="Tempo de espera (min)"/>
		<phrase i="838" t="Tipo de protetor de tela"/>
		<phrase i="839" t="Nenhuma imagem encontrada."/>
		<phrase i="840" t="Imagem em segundo plano alterada."/>
		<phrase i="841" t="Tx/Rx de vídeo"/>
		<phrase i="842" t="Tx/Rx de áudio"/>
		<phrase i="843" t="Codec de mídia"/>
		<phrase i="844" t="Tx / RX de formato de vídeo"/>
		<phrase i="845" t="Tx/Rx taxa de quadros de vídeo"/>
		<phrase i="846" t="Tx/Rx taxa de bits de dados"/>
		<phrase i="847" t="Tx/Rx solicit. atual. vídeos"/>
		<phrase i="848" t="Pacotes de mídia"/>
		<phrase i="849" t="Hub USB conectado."/>
		<phrase i="850" t="Hub USB removido."/>
		<phrase i="851" t="Mouse USB conectado."/>
		<phrase i="852" t="Mouse USB removido."/>
		<phrase i="853" t="Teclado USB conectado."/>
		<phrase i="854" t="Teclado USB removido."/>
		<phrase i="855" t="Suporta vídeo"/>
		<phrase i="856" t="Vídeo ativo"/>
		<phrase i="857" t="Estatísticas de vídeo"/>
		<phrase i="858" t="Estatísticas de áudio"/>
		<phrase i="859" t="Tela limpa"/>
		<phrase i="860" t="A tela de toque está desativada."/>
		<phrase i="861" t="Pressione qualquer tecla para sair."/>
		<phrase i="862" t="Arquivo local"/>
		<phrase i="863" t="Teclado de carregamento do aplicativo"/>
		<phrase i="864" t="Codec de transmissão de áudio"/>
		<phrase i="865" t="Codec de recepção de áudio"/>
		<phrase i="866" t="Codec de transmissão de vídeo"/>
		<phrase i="867" t="Codec de recepção de vídeo"/>
		<phrase i="868" t="Tela em branco"/>
		<phrase i="869" t="Tela inteira de vídeo automático"/>
		<phrase i="870" t="Selecionar vídeo"/>
		<phrase i="871" t="Instal. rápida" t.VVX_1500="Instalação rápida"/>
		<phrase i="872" t="Instalação rápida"/>
		<phrase i="873" t="Form. não suportado de arq. seg. plano"/>
		<phrase i="874" t="Remover o telefone da rede"/>
		<phrase i="875" t="antes de executar Diag. de Ethernet."/>
		<phrase i="876" t="Pressione [0-4] para testes de rede."/>
		<phrase i="877" t="Modo: Modo normal"/>
		<phrase i="878" t="Modo não suportado."/>
		<phrase i="879" t="Saída auxiliar ativa."/>
		<phrase i="880" t="Saída auxiliar inativa."/>
		<phrase i="881" t="ACD"/>
		<phrase i="882" t="Fazer logon"/>
		<phrase i="883" t="Fazer logoff"/>
		<phrase i="884" t="Logon do agente" t.IP_330="LogonAg"/>
		<phrase i="885" t="Logoff do agente" t.IP_330="LogoffAg"/>
		<phrase i="886" t="Logon/logoff no ACD"/>
		<phrase i="887" t="Estado do Agente ACD"/>
		<phrase i="888" t="Estado inicial do ACD"/>
		<phrase i="889" t="Logon do agente"/>
		<phrase i="890" t="Logoff do agente"/>
		<phrase i="891" t="Finalizar"/>
		<phrase i="892" t="Estado do agente"/>
		<phrase i="893" t="Nenhum servidor configurado."/>
		<phrase i="894" t="Tremulação de pacotes (ms)"/>
		<phrase i="895" t="Tremulação máxima (ms)"/>
		<phrase i="896" t="Extensão HDX:"/>
		<phrase i="897" t="Digitar extensão HDX:"/>
		<phrase i="898" t="50 Hz"/>
		<phrase i="899" t="60 Hz"/>
		<phrase i="900" t="Selecionar ambiente"/>
		<phrase i="901" t="Configurações de chamada de vídeo"/>
		<phrase i="902" t="Modo da tela de vídeo"/>
		<phrase i="903" t="Exibição da câmera local"/>
		<phrase i="904" t="Exibição da câmera local (Normal)"/>
		<phrase i="905" t="Exibição da câmera local (Tela inteira)"/>
		<phrase i="906" t="Modo exib. câmera local (Tela inteira)"/>
		<phrase i="907" t="Cortar"/>
		<phrase i="908" t="Lado a lado"/>
		<phrase i="909" t="Vídeo ativo só\nc/ 1 part. por vez"/>
		<phrase i="910" t="Economia de energia"/>
		<phrase i="911" t="Tempos limites"/>
		<phrase i="912" t="Horário de trabalho"/>
		<phrase i="913" t="Deteccção de usuário"/>
		<phrase i="914" t="Horário de início"/>
		<phrase i="915" t="Tempo limite em horários de trabalho"/>
		<phrase i="916" t="Tempo limite em horário de trabalho"/>
		<phrase i="917" t="Tempo limite inativo entrada de usuário"/>
		<phrase i="918" t="Sensibilidade em horário de trabalho"/>
		<phrase i="919" t="Sensibilidade em horário de trabalho"/>
		<phrase i="920" t="Modo Horário de trabalho"/>
		<phrase i="921" t="Digite mais caracteres..." t.IP_330="Dig mais caract" t.VVX_1500="Muitos resultados recebidos. Digite mais caracteres."/>
		<phrase i="922" t="LocalizAvanç"/>
		<phrase i="923" t="Localização avançada"/>
		<phrase i="924" t="Terminar a conferência inteira?"/>
		<phrase i="925" t=""/>
		<phrase i="926" t=""/>
		<phrase i="927" t=""/>
		<phrase i="928" t=""/>
		<phrase i="929" t=""/>
		<phrase i="930" t=""/>
		<phrase i="931" t=""/>
		<phrase i="932" t=""/>
		<phrase i="933" t=""/>
		<phrase i="934" t=""/>
		<phrase i="935" t=""/>
		<phrase i="936" t=""/>
		<phrase i="937" t=""/>
		<phrase i="938" t="Speakerphone"/>
		<phrase i="939" t=""/>
		<phrase i="940" t=""/>
		<phrase i="941" t=""/>
		<phrase i="942" t=""/>
		<phrase i="943" t=""/>
		<phrase i="944" t=""/>
		<phrase i="945" t=""/>
		<phrase i="946" t=""/>
		<phrase i="947" t=""/>
		<phrase i="948" t=""/>
		<phrase i="949" t=""/>
		<phrase i="950" t=""/>
		<phrase i="951" t=""/>
		<phrase i="952" t=""/>
		<phrase i="953" t=""/>
		<phrase i="954" t=""/>
		<phrase i="955" t=""/>
		<phrase i="956" t=""/>
		<phrase i="957" t=""/>
		<phrase i="958" t=""/>
		<phrase i="959" t="Priorizar segundo plano"/>
		<phrase i="960" t="Selecionar segundo plano"/>
		<phrase i="961" t="Segundo plano"/>
		<phrase i="962" t="Configuração da linha"/>
		<phrase i="963" t="Configuração do servidor SIP" t.VVX_1500="Configuração do servidor de chamada"/>
		<phrase i="964" t="OAI Alert"/>
		<phrase i="965" t="OAI Call"/>
		<phrase i="966" t="LLDP"/>
		<phrase i="967" t="Localização das informações"/>
		<phrase i="968" t="Captura de tela"/>
		<phrase i="969" t="SK1"/>
		<phrase i="970" t="SK2"/>
		<phrase i="971" t="SK3"/>
		<phrase i="972" t="SK4"/>
		<phrase i="973" t="Armazenamento do USB: restam %s."/>
		<phrase i="974" t="Instalado"/>
		<phrase i="975" t="Não instalado"/>
		<phrase i="976" t="Inválido"/>
		<phrase i="977" t="Login da linha ACD necessário."/>
		<phrase i="978" t="Taxa de chamada"/>
		<phrase i="979" t="Selecionar taxa de chamada"/>
		<phrase i="980" t="Tx/Rx taxa de chamadas (kbps)"/>
		<phrase i="981" t="Armazenamento do USB: cheio."/>
		<phrase i="982" t="Configuração do protocolo"/>
		<phrase i="983" t="Selecionar protocolo"/>
		<phrase i="984" t="Tipo do protocolo"/>
		<phrase i="985" t="SIP"/>
		<phrase i="986" t="H.323"/>
		<phrase i="987" t="SIP + H.323"/>
		<phrase i="988" t="Descoberta de gatekeeper automática"/>
		<phrase i="989" t="ID do usuário"/>
		<phrase i="990" t="Teclas de linha"/>
		<phrase i="991" t="Servidor de chamadas"/>
		<phrase i="992" t="Lista do servidor de chamadas vazia"/>
		<phrase i="993" t="Saída da Campainha"/>
		<phrase i="994" t="Gravando"/>
		<phrase i="995" t="Gravação pausada"/>
		<phrase i="996" t="Licenças"/>
		<phrase i="997" t="Nenhuma licença instalada"/>
		<phrase i="998" t="Diffie-Hellman Secret Key"/>
		<phrase i="999" t="Link não suportado"/>
		<phrase i="1000" t="Protocolo Secure Shell"/>
		<phrase i="1001" t="Conexão SSH"/>
		<phrase i="1002" t="Status SSH"/>
		<phrase i="1003" t="Porta de Gateway"/>
		<phrase i="1004" t="Conectado"/>
		<phrase i="1005" t="Código de Erro"/>
		<phrase i="1006" t="Usar H.323"/>
		<phrase i="1007" t="Usar SIP"/>
		<phrase i="1008" t="Usar automático"/>
		<phrase i="1009" t="(roteamento SIP)"/>
		<phrase i="1010" t="(roteamento H.323)"/>
		<phrase i="1011" t="(roteamento automático)"/>
		<phrase i="1012" t="Selecione Usar SIP ou Usar H.323"/>
		<phrase i="1013" t="Não especificado"/>
		<phrase i="1014" t="Aplic. Continuar"/>
		<phrase i="1015" t="Aplic. Início"/>
		<phrase i="1016" t="Gravando (Espera)"/>
		<phrase i="1017" t="Roteamento de protocolo"/>
		<phrase i="1018" t="Roteamento de protocolo manual"/>
		<phrase i="1019" t="Controle por tecla programável"/>
		<phrase i="1020" t="Protocolo favorito"/>
		<phrase i="1021" t="Atendimento automático"/>
		<phrase i="1022" t="Atendimento automático de chamadas SIP"/>
		<phrase i="1023" t="Atendimento automático de chamadas H.323"/>
		<phrase i="1024" t="Microfone mudo"/>
		<phrase i="1025" t="Vídeo mudo"/>
		<phrase i="1026" t="Preferência de roteamento automático"/>
		<phrase i="1027" t="Protocolo"/>
		<phrase i="1028" t="Protocolo SIP"/>
		<phrase i="1029" t="Protocolo H.323"/>
		<phrase i="1030" t="Permitir compartilhamento com "/>
		<phrase i="1031" t="Campainha audível"/>
		<phrase i="1032" t="Formato Opção 60"/>
		<phrase i="1033" t="Binário RFC3925"/>
		<phrase i="1034" t="Sequência de caracteres ASCII"/>
		<phrase i="1035" t=""/>
		<phrase i="1036" t=""/>
		<phrase i="1037" t=""/>
		<phrase i="1038" t=""/>
		<phrase i="1039" t=""/>
		<phrase i="1040" t=""/>
		<phrase i="1041" t=""/>
		<phrase i="1042" t=""/>
		<phrase i="1043" t=""/>
		<phrase i="1044" t=""/>
		<phrase i="1045" t=""/>
		<phrase i="1046" t=""/>
		<phrase i="1047" t=""/>
		<phrase i="1048" t=""/>
		<phrase i="1049" t=""/>
		<phrase i="1050" t=""/>
		<phrase i="1051" t=""/>
		<phrase i="1052" t=""/>
		<phrase i="1053" t=""/>
		<phrase i="1054" t=""/>
		<phrase i="1055" t=""/>
		<phrase i="1056" t=""/>
		<phrase i="1057" t=""/>
		<phrase i="1058" t=""/>
		<phrase i="1059" t=""/>
		<phrase i="1060" t=""/>
		<phrase i="1061" t=""/>
		<phrase i="1062" t=""/>
		<phrase i="1063" t=""/>
		<phrase i="1064" t=""/>
		<phrase i="1065" t=""/>
		<phrase i="1066" t=""/>
		<phrase i="1067" t=""/>
		<phrase i="1068" t=""/>
		<phrase i="1069" t=""/>
		<phrase i="1070" t=""/>
		<phrase i="1071" t=""/>
		<phrase i="1072" t=""/>
		<phrase i="1073" t=""/>
		<phrase i="1074" t=""/>
		<phrase i="1075" t=""/>
		<phrase i="1076" t=""/>
		<phrase i="1077" t=""/>
		<phrase i="1078" t=""/>
		<phrase i="1079" t=""/>
		<phrase i="1080" t=""/>
		<phrase i="1081" t=""/>
		<phrase i="1082" t=""/>
		<phrase i="1083" t=""/>
		<phrase i="1084" t=""/>
		<phrase i="1085" t=""/>
		<phrase i="1086" t=""/>
		<phrase i="1087" t=""/>
		<phrase i="1088" t=""/>
		<phrase i="1089" t=""/>
		<phrase i="1090" t=""/>
		<phrase i="1091" t=""/>
		<phrase i="1092" t=""/>
		<phrase i="1093" t=""/>
		<phrase i="1094" t=""/>
		<phrase i="1095" t=""/>
		<phrase i="1096" t=""/>
		<phrase i="1097" t=""/>
		<phrase i="1098" t=""/>
		<phrase i="1099" t=""/>
		<phrase i="1100" t=""/>
		<phrase i="1101" t=""/>
		<phrase i="1102" t=""/>
		<phrase i="1103" t=""/>
		<phrase i="1104" t=""/>
		<phrase i="1105" t=""/>
		<phrase i="1106" t=""/>
		<phrase i="1107" t=""/>
		<phrase i="1108" t=""/>
		<phrase i="1109" t=""/>
		<phrase i="1110" t=""/>
		<phrase i="1111" t=""/>
		<phrase i="1112" t=""/>
		<phrase i="1113" t=""/>
		<phrase i="1114" t=""/>
		<phrase i="1115" t=""/>
		<phrase i="1116" t=""/>
		<phrase i="1117" t="Salvar e reiniciar"/>
		<phrase i="1118" t=""/>
		<phrase i="1119" t="2.5 mm Mode"/>
		<phrase i="1120" t="Cell Phone"/>
		<phrase i="1121" t="PC Link"/>
		<phrase i="1122" t="Prompt"/>
		<phrase i="1123" t="Operational Mode"/>
		<phrase i="1124" t="PSTN"/>
		<phrase i="1125" t="Retained Message"/>
		<phrase i="1126" t=""/>
		<phrase i="1127" t="Diagnóstico da Tela Sensível ao Toque"/>
		<phrase i="1128" t="Pressione qualquer tecla para sair."/>
		<phrase i="1129" t="Toque a tela para testar."/>
		<phrase i="1130" t="Diretório CMA"/>
		<phrase i="1131" t="Grupos"/>
		<phrase i="1132" t="Adicionar Contato"/>
		<phrase i="1133" t="Menu CMA"/>
		<phrase i="1134" t="Modo CMA"/>
		<phrase i="1135" t="Servidor CMA"/>
		<phrase i="1136" t="Credenciais de Logon"/>
		<phrase i="1137" t="Usuário"/>
		<phrase i="1138" t="Válido até"/>
		<phrase i="1139" t="Expirado"/>
		<phrase i="1140" t="Redefinir Configuração da Web" t.IP_330="Redef Conf Web"/>
		<phrase i="1141" t="TR-069 Enable"/>
		<phrase i="1142" t="TR-069 URL"/>
		<phrase i="1143" t="TR-069 SSL"/>
		<phrase i="1144" t="TR-069 Inform Interval"/>
		<phrase i="1145" t="TR-069 Username"/>
		<phrase i="1146" t="TR-069 Password"/>
		<phrase i="1147" t="Bloquear telefone"/>
		<phrase i="1148" t="Bloquear"/>
		<phrase i="1149" t="Desbloquear"/>
		<phrase i="1150" t="O telefone está bloqueado."/>
		<phrase i="1151" t="Somente chamadas autorizadas."/>
		<phrase i="1152" t="Não interromper quando bloqueado"/>
		<phrase i="1153" t="Permitir campainha quando bloqueado"/>
		<phrase i="1154" t="Desbloquear telefone?"/>
		<phrase i="1155" t="Atender chamda?"/>
		<phrase i="1156" t="Fazer Chamada Autorizada"/>
		<phrase i="1157" t="Número não autorizado"/>
		<phrase i="1158" t="Número de telefone"/>
		<phrase i="1159" t="Endereço SIP"/>
		<phrase i="1160" t="Shutdown initiated"/>
		<phrase i="1161" t="On-hook Dialing"/>
		<phrase i="1162" t="Off-hook Dialing"/>
		<phrase i="1163" t="Modo Áudio"/>
		<phrase i="1164" t="Country"/>
		<phrase i="1165" t="Contato s/presença. Salvar diret local?"/>
		<phrase i="1166" t="Flash Timing"/>
		<phrase i="1167" t="Caller ID"/>
		<phrase i="1168" t="80"/>
		<phrase i="1169" t="100"/>
		<phrase i="1170" t="300"/>
		<phrase i="1171" t="600"/>
		<phrase i="1172" t="Removed"/>
		<phrase i="1173" t="Registro de chamada"/>
		<phrase i="1174" t="Não é possível bloquear telefone."/>
		<phrase i="1175" t="PSTN Extension"/>
		<phrase i="1176" t="Enter PSTN Extension:"/>
		<phrase i="1177" t="Pesquisar em"/>
		<phrase i="1178" t="Fone/Headset"/>
		<phrase i="1179" t="Você não pode se adicionar aos amigos."/>
		<phrase i="1180" t="Dismiss"/>
		<phrase i="1181" t="Snooze"/>
		<phrase i="1182" t="%s will start in %d %s at %s"/>
		<phrase i="1183" t="Calendar"/>
		<phrase i="1184" t="minutes"/>
		<phrase i="1185" t="seconds"/>
		<phrase i="1186" t="minute"/>
		<phrase i="1187" t="second"/>
		<phrase i="1188" t="Keypad Lock"/>
		<phrase i="1189" t="Keypad Unlock"/>
		<phrase i="1190" t="Keypad locked."/>
		<phrase i="1191" t="Lock the phone?"/>
		<phrase i="1192" t="Nenhum grupo encontrado."/>
		<phrase i="1193" t="Certificados do dispositivo"/>
		<phrase i="1194" t="Cert Polycom" t.VVX_1500="Cert Polycom Configurado"/>
		<phrase i="1195" t="Cert Carregado" t.VVX_1500="Cert Configurado Carregado"/>
		<phrase i="1196" t="Polycom Presente" t.VVX_1500="Cert Polycom do Dispositivo Presente"/>
		<phrase i="1197" t="Personalizado Presente" t.VVX_1500="Cert Personalizado do Dispositivo Presente"/>
		<phrase i="1198" t="Descrição Personalizada" t.VVX_1500="Descrição do Cert Personalizado do Dispositivo"/>
		<phrase i="1199" t="TR-069 Upgrades Managed"/>
		<phrase i="1200" t="Cert do Dispositivo"/>
		<phrase i="1201" t="Reprodução em andamento."/>
		<phrase i="1202" t="Diret de cont local somente leitura."/>
		<phrase i="1203" t="Autenticação CMA falhou."/>
		<phrase i="1204" t="Erro de aprovisionamento CMA."/>
		<phrase i="1205" t="Teclado e mouse remotos"/>
		<phrase i="1206" t="O telefone está à direita ou à esquerda do seu computador?"/>
		<phrase i="1207" t="Esquerdo"/>
		<phrase i="1208" t="Direito"/>
		<phrase i="1209" t="Lista"/>
		<phrase i="1210" t="Digite o código de motivo"/>
		<phrase i="1211" t="Carregar configuração"/>
		<phrase i="1212" t="TR-069"/>
		<phrase i="1213" t="CMA"/>
		<phrase i="1214" t="Todas as fontes"/>
		<phrase i="1215" t="Local"/>
		<phrase i="1216" t="Web"/>
		<phrase i="1217" t="Carregar"/>
		<phrase i="1218" t="Arquivos de configuração" t.IP_330="Arquivos de config."/>
		<phrase i="1219" t="Código de motivo indisponível"/>
		<phrase i="1220" t="Agente indispon."/>
		<phrase i="1221" t="Aviso de arquivo de configuração" t.IP_330="Config Pre3.3.0"/>
		<phrase i="1222" t=" contém parâmetros pre-3.3.0"/>
		<phrase i="1223" t="nenhum"/>
		<phrase i="1224" t="Resumo"/>
		<phrase i="1225" t="Parâmetros duplicados encontrados" t.IP_330="Duplicados encontrados"/>
		<phrase i="1226" t="Erros encontrados"/>
		<phrase i="1227" t="Parâmetros aceitos"/>
		<phrase i="1228" t="Parâmetros Pre-3.3.0 encontrados."/>
		<phrase i="1229" t="Parâmetros pre-3.3.0 encontrados em:" t.IP_330="Parâmetros pre-3.3.0 em:"/>
		<phrase i="1230" t="Consulta pendente, tente mais tarde."/>
		<phrase i="1231" t="Diretório CMA não registrado."/>
		<phrase i="1232" t="Listas de meu status no CMA não registrado."/>
		<phrase i="1233" t="Info chamada"/>
		<phrase i="1234" t="Atualizar configuração"/>
		<phrase i="1235" t="Credenciais de login inválidas."/>
		<phrase i="1236" t="Não foi possível recuperar o endereço."/>
		<phrase i="1237" t="Falha no contato de discagem."/>
		<phrase i="1238" t="Falha ao adicionar contato."/>
		<phrase i="1239" t="Status do CMA"/>
		<phrase i="1240" t="Registro de lista de meu status"/>
		<phrase i="1241" t="Registro de diretório"/>
		<phrase i="1242" t="Status de provisão"/>
		<phrase i="1243" t="Nome de host do servidor"/>
		<phrase i="1244" t="Verificação de atualização de software"/>
		<phrase i="1245" t="Verificação de atualização de perfil"/>
		<phrase i="1246" t="Relatório de pulsação"/>
		<phrase i="1247" t="Êxito"/>
		<phrase i="1248" t="Erro"/>
		<phrase i="1249" t="Convites"/>
		<phrase i="1250" t="Convite de amigo pendente"/>
		<phrase i="1251" t="Listas de meu status"/>
		<phrase i="1252" t="Método de aceitar convites"/>
		<phrase i="1253" t="Intervalos de pesquisa do aprovisionamento"/>
		<phrase i="1254" t="Automático"/>
		<phrase i="1255" t="Revalidar"/>
		<phrase i="1256" t="A revalidação pode bloquear a conta do usuário se as credenciais não forem válidas."/>
		<phrase i="1257" t="Deseja continuar?"/>
		<phrase i="1258" t="Erro de aprovisionamento" t.IP_330="Erro de config."/>
		<phrase i="1259" t="Falha ao atualizar a configuração."/>
                <phrase i="1260" t="" />
                <phrase i="1261" t="" />
                <phrase i="1262" t="" />
                <phrase i="1263" t="Transf" />
	</phrases>
	<textEntry>
		<Entry ID="0" key="=, $/~_?0"/>
		<Entry ID="1" key="!|'^\@:1"/>
		<Entry ID="2" key="abc2áàâãç"/>
		<Entry ID="3" key="def3éè"/>
		<Entry ID="4" key="ghi4í"/>
		<Entry ID="5" key="jkl5"/>
		<Entry ID="6" key="mno6óôõ"/>
		<Entry ID="7" key="pqrs7"/>
		<Entry ID="8" key="tuv8úü"/>
		<Entry ID="9" key="wxyz9"/>
		<Entry ID="*" key=".*#-&amp;%+;"/>
		<Entry ID="#"/>
	</textEntry>
</dictionary>