﻿<?xml version="1.0" encoding="UTF-8" standalone="yes"?>
<dictionary>
	<phrases>
		<phrase i="0" t="Tilbake"/>
		<phrase i="1" t="Slå et nummer"/>
		<phrase i="2" t="Rediger kontakt"/>
		<phrase i="3" t="Rediger"/>
		<phrase i="4" t="Opp"/>
		<phrase i="5" t="Lagre"/>
		<phrase i="6" t="Flere"/>
		<phrase i="7" t="Nye"/>
		<phrase i="8" t="Ok"/>
		<phrase i="9" t="Legg til"/>
		<phrase i="10" t="Fjern"/>
		<phrase i="11" t="Info"/>
		<phrase i="12" t="Send"/>
		<phrase i="13" t="Velg"/>
		<phrase i="14" t="Slett"/>
		<phrase i="15" t="Importer"/>
		<phrase i="16" t="Sperr"/>
		<phrase i="17" t="Overvåk"/>
		<phrase i="18" t="Opphev sperre" t.IP_330="Opph. sp."/>
		<phrase i="19" t="MinStat" t.VVX_1500="Min status"/>
		<phrase i="20" t="Venner" t.IP_330="Venn"/>
		<phrase i="21" t="Fortsett"/>
		<phrase i="22" t="Spill av"/>
		<phrase i="23" t="Avslutt samtale" t.IP_330="Avsl.samt."/>
		<phrase i="24" t="Nytt anrop" t.IP_330="Nytt anr."/>
		<phrase i="25" t="Slå nummer på nytt"/>
		<phrase i="26" t="Svar"/>
		<phrase i="27" t="Navn"/>
		<phrase i="28" t="Nummer"/>
		<phrase i="29" t="Parker"/>
		<phrase i="30" t="Konferanse" t.IP_330="Konf." t.VVX_1500="Konferanse"/>
		<phrase i="31" t="Overfør" t.IP_330="Ovfr." t.VVX_1500="Overfør"/>
		<phrase i="32" t="Avslutt"/>
		<phrase i="33" t="Neste"/>
		<phrase i="34" t="Forrige" t.VVX_1500="Forrige"/>
		<phrase i="35" t="Svar"/>
		<phrase i="36" t="Avslutt"/>
		<phrase i="37" t="Avbryt"/>
		<phrase i="38" t="a-&gt;A"/>
		<phrase i="39" t="A-&gt;a"/>
		<phrase i="40" t="-&gt;ABC"/>
		<phrase i="41" t="&lt;&lt;"/>
		<phrase i="42" t="Send"/>
		<phrase i="43" t="Neste side" t.VVX_1500="Neste side"/>
		<phrase i="44" t="Oppdater"/>
		<phrase i="45" t="Direktebeskjeder"/>
		<phrase i="46" t="Ingen beskjeder"/>
		<phrase i="47" t="Send beskjed til "/>
		<phrase i="48" t="Skriv beskjed til "/>
		<phrase i="49" t="Min status"/>
		<phrase i="50" t="Adressebok"/>
		<phrase i="51" t="Adressebøker"/>
		<phrase i="52" t="Tjeneste"/>
		<phrase i="53" t="Anvendelse"/>
		<phrase i="54" t="Hurtigoppringing"/>
		<phrase i="55" t="Hurtigoppringingsinfo" t.VVX_1500="Hurtigoppringingsinfo"/>
		<phrase i="56" t="Anropslogg"/>
		<phrase i="57" t="Rediger kontakt"/>
		<phrase i="58" t="Venneliste"/>
		<phrase i="59" t="Overvåkingsliste"/>
		<phrase i="60" t="Sperret liste"/>
		<phrase i="61" t="Ubesvarte anrop"/>
		<phrase i="62" t="Mottatte anrop"/>
		<phrase i="63" t="Oppringte numre"/>
		<phrase i="64" t="CDP-kompatibilitet" t.IP_330="CDP-kompat."/>
		<phrase i="65" t="Programinformasjon"/>
		<phrase i="66" t="Kodeker som støttes"/>
		<phrase i="67" t="Tilføy overvåking"/>
		<phrase i="68" t="Nettverkssammendrag"/>
		<phrase i="69" t="Tilstedeværelse"/>
		<phrase i="70" t="Vennestatus"/>
		<phrase i="71" t="Ringetype"/>
		<phrase i="72" t="Status"/>
		<phrase i="73" t="Innstillinger"/>
		<phrase i="74" t="Hovedmeny"/>
		<phrase i="75" t="Nettverksstatistikk"/>
		<phrase i="76" t="Mediestatistikk"/>
		<phrase i="77" t="Fastvareversjon"/>
		<phrase i="78" t="Kontrast"/>
		<phrase i="79" t="Nettverkskonfigurasjon"/>
		<phrase i="80" t="Anropsinformasjon"/>
		<phrase i="81" t="Informasjon"/>
		<phrase i="82" t="Systeminformasjon"/>
		<phrase i="83" t="Aktiv"/>
		<phrase i="84" t="Inaktiv"/>
		<phrase i="85" t="Ukjent person"/>
		<phrase i="86" t="Dag"/>
		<phrase i="87" t="Dager"/>
		<phrase i="88" t="Anmoder"/>
		<phrase i="89" t="Anmodning mislyktes"/>
		<phrase i="90" t="Engelsk"/>
		<phrase i="91" t="Internt"/>
		<phrase i="92" t="Heldupleks"/>
		<phrase i="93" t="Halvdupleks"/>
		<phrase i="94" t="Vis"/>
		<phrase i="95" t="*** ADVARSEL ***"/>
		<phrase i="96" t="Ruter"/>
		<phrase i="97" t="Ned"/>
		<phrase i="98" t="Medgått tid"/>
		<phrase i="99" t="Pakker mottatt"/>
		<phrase i="100" t="Pakker sendt"/>
		<phrase i="101" t="Pakker tapt"/>
		<phrase i="102" t="LAN-port"/>
		<phrase i="103" t="PC-port"/>
		<phrase i="104" t="Direktemld." t.IP_330="Dir.mld."/>
		<phrase i="105" t="Angi opprinnelse"/>
		<phrase i="106" t="Aktiver"/>
		<phrase i="107" t="Støy (ms)"/>
		<phrase i="108" t="Maks. støy (ms)"/>
		<phrase i="109" t="Forsinkelse (ms)"/>
		<phrase i="110" t="Programversjon"/>
		<phrase i="111" t="Oppstartsversjon"/>
		<phrase i="112" t="Ringesignal"/>
		<phrase i="113" t="Ingen poster"/>
		<phrase i="114" t="Ubesvarte anrop"/>
		<phrase i="115" t="Mottatte anrop"/>
		<phrase i="116" t="Oppringte numre"/>
		<phrase i="117" t="Fjernet"/>
		<phrase i="118" t="Kontakt"/>
		<phrase i="119" t="PM"/>
		<phrase i="120" t="AM"/>
		<phrase i="121" t="Klokkeslett"/>
		<phrase i="122" t="Navn"/>
		<phrase i="123" t="Varighet"/>
		<phrase i="124" t=" sier: "/>
		<phrase i="125" t="Beskjed til "/>
		<phrase i="126" t="Fikk din beskjed."/>
		<phrase i="127" t="Ring meg."/>
		<phrase i="128" t="Ring senere"/>
		<phrase i="129" t="Kan ikke prate nå"/>
		<phrase i="130" t="Skal vi ta lunsj?"/>
		<phrase i="131" t="Importert"/>
		<phrase i="132" t="Import mislyktes"/>
		<phrase i="133" t="Språk"/>
		<phrase i="134" t="Skriv nummer"/>
		<phrase i="135" t="Skriv URL"/>
		<phrase i="136" t="Del"/>
		<phrase i="137" t="Gå inn"/>
		<phrase i="138" t="Til"/>
		<phrase i="139" t="Fra"/>
		<phrase i="140" t="Viderekoble" t.IP_330="Vid.kobl."/>
		<phrase i="141" t="For"/>
		<phrase i="142" t="Parker"/>
		<phrase i="143" t="Parkert"/>
		<phrase i="144" t=" ny melding"/>
		<phrase i="145" t=" nye meldinger"/>
		<phrase i="146" t="Ring"/>
		<phrase i="147" t="Nettverkskobling er nede"/>
		<phrase i="148" t="Konfigurerer nettverk på nytt" t.IP_330="Konfigurerer" t.VVX_1500="Konfigurerer på nytt"/>
		<phrase i="149" t=" nye tapte anrop"/>
		<phrase i="150" t=" nytt tapte anrop"/>
		<phrase i="151" t="Omstart initiert"/>
		<phrase i="152" t="Samtale parkert"/>
		<phrase i="153" t="Frakoblet"/>
		<phrase i="154" t="Tilkoblet"/>
		<phrase i="155" t="Opptatt"/>
		<phrase i="156" t="Straks tilbake"/>
		<phrase i="157" t="Borte"/>
		<phrase i="158" t="Opptatt i telefonen"/>
		<phrase i="159" t="Ute til lunsj"/>
		<phrase i="160" t="I møte"/>
		<phrase i="161" t="Frakoblet"/>
		<phrase i="162" t="Ikke forstyrr"/>
		<phrase i="163" t="Tidsavbrudd"/>
		<phrase i="164" t="Oppstartserver"/>
		<phrase i="165" t="Alternativ for oppstartserver"/>
		<phrase i="166" t="Type oppstartserver"/>
		<phrase i="167" t="Servertype" t.IP_330="Servertype"/>
		<phrase i="168" t="Serveradresse" t.IP_330="Serveradr."/>
		<phrase i="169" t="Serverbruker" t.IP_330="Serverbruker"/>
		<phrase i="170" t="Serverpassord" t.IP_330="Serverpass."/>
		<phrase i="171" t="DHCP-klient" t.IP_330="DHCP-klient"/>
		<phrase i="172" t="DHCP-meny"/>
		<phrase i="173" t="IP-adr. for telefon" t.VVX_1500="IP-addr. for telefon"/>
		<phrase i="174" t="Nettverksmaske" t.IP_330="SubnetMask"/>
		<phrase i="175" t="IP-gateway"/>
		<phrase i="176" t="Servermeny" t.IP_330="Servermeny"/>
		<phrase i="177" t="SNTP-adresse" t.IP_330="SNTP-adr."/>
		<phrase i="178" t="GMT-forskyvning"/>
		<phrase i="179" t="DNS-server"/>
		<phrase i="180" t="Alt. DNS-server"/>
		<phrase i="181" t="DNS-domene"/>
		<phrase i="182" t="VLAN-ID"/>
		<phrase i="183" t=" Lagre konfig."/>
		<phrase i="184" t=" Avslutt uten å lagre"/>
		<phrase i="185" t=" Fortsett"/>
		<phrase i="186" t="DHCP"/>
		<phrase i="187" t="MAC"/>
		<phrase i="188" t="IP"/>
		<phrase i="189" t="DNS"/>
		<phrase i="190" t="Oppstartserver"/>
		<phrase i="191" t="Alt. DNS"/>
		<phrase i="192" t="Alternativ 66"/>
		<phrase i="193" t="Egendefinert"/>
		<phrase i="194" t="Statisk"/>
		<phrase i="195" t="IP-adresse"/>
		<phrase i="196" t="Streng"/>
		<phrase i="197" t="FTP"/>
		<phrase i="198" t="Trivial FTP"/>
		<phrase i="199" t="Aktivert"/>
		<phrase i="200" t="Deaktivert"/>
		<phrase i="201" t="Maske"/>
		<phrase i="202" t="**-**"/>
		<phrase i="203" t="Domene"/>
		<phrase i="204" t="VLAN-ID"/>
		<phrase i="205" t="Server"/>
		<phrase i="206" t="Programversjon"/>
		<phrase i="207" t="Fil"/>
		<phrase i="208" t="Konfig."/>
		<phrase i="209" t="Boot ROM"/>
		<phrase i="210" t="P/N"/>
		<phrase i="211" t="Sendt kodek"/>
		<phrase i="212" t="Mottatt kodek"/>
		<phrase i="213" t="Språk endret."/>
		<phrase i="214" t="Endring av språk mislyktes."/>
		<phrase i="215" t="Vent litt..."/>
		<phrase i="216" t="Linjevalg"/>
		<phrase i="217" t="Linje"/>
		<phrase i="218" t="Søk"/>
		<phrase i="219" t="Sorter"/>
		<phrase i="220" t="Søk i adressebok"/>
		<phrase i="221" t="Sorter adressebok"/>
		<phrase i="222" t="Fornavn"/>
		<phrase i="223" t="Etternavn"/>
		<phrase i="224" t="Systemstatus"/>
		<phrase i="225" t="Generelt"/>
		<phrase i="226" t="Adressebok"/>
		<phrase i="227" t="Kontakter"/>
		<phrase i="228" t="Egendefinert+alternativ 66"/>
		<phrase i="229" t="Linjeinformasjon"/>
		<phrase i="230" t="Registrert"/>
		<phrase i="231" t="Ikke registrert"/>
		<phrase i="232" t="Autentisering"/>
		<phrase i="233" t="Reg. bruker"/>
		<phrase i="234" t="Reg. passord"/>
		<phrase i="235" t="Video"/>
		<phrase i="236" t="Beskjeder"/>
		<phrase i="237" t="Beskjedsenter"/>
		<phrase i="238" t="Opptatt i konferanse"/>
		<phrase i="239" t="Viktig"/>
		<phrase i="240" t="Viktig"/>
		<phrase i="241" t="Ny"/>
		<phrase i="242" t="Nye"/>
		<phrase i="243" t="Gammel"/>
		<phrase i="244" t="Gamle"/>
		<phrase i="245" t="Koble til" t.IP_330="Kobl."/>
		<phrase i="246" t="Tilføy i adressebok"/>
		<phrase i="247" t="Rediger kontakt"/>
		<phrase i="248" t="Hurtigoppringingsindeks"/>
		<phrase i="249" t="Viderekoble samtale"/>
		<phrase i="250" t="Avvis"/>
		<phrase i="251" t="Viderekoble" t.IP_330="Viderek."/>
		<phrase i="252" t="Dette anropet"/>
		<phrase i="253" t="Tilbakestill brukerinnstillinger"/>
		<phrase i="254" t="Flytt kontakt"/>
		<phrase i="255" t="Avvis automatisk"/>
		<phrase i="256" t="Flytt automatisk"/>
		<phrase i="257" t="Lagret"/>
		<phrase i="258" t="Feil"/>
		<phrase i="259" t="Kontakt finnes allerede"/>
		<phrase i="260" t="Deaktiver"/>
		<phrase i="261" t="Venneovervåking"/>
		<phrase i="262" t="Vennesperring"/>
		<phrase i="263" t="Prøv igjen."/>
		<phrase i="264" t="Klokke"/>
		<phrase i="265" t="Klokkeinnstilling"/>
		<phrase i="266" t="Format"/>
		<phrase i="267" t="søndag"/>
		<phrase i="268" t="mandag"/>
		<phrase i="269" t="tirsdag"/>
		<phrase i="270" t="onsdag"/>
		<phrase i="271" t="torsdag"/>
		<phrase i="272" t="fredag"/>
		<phrase i="273" t="lørdag"/>
		<phrase i="274" t="januar"/>
		<phrase i="275" t="februar"/>
		<phrase i="276" t="mars"/>
		<phrase i="277" t="april"/>
		<phrase i="278" t="mai"/>
		<phrase i="279" t="juni"/>
		<phrase i="280" t="juli"/>
		<phrase i="281" t="august"/>
		<phrase i="282" t="september"/>
		<phrase i="283" t="oktober"/>
		<phrase i="284" t="november"/>
		<phrase i="285" t="desember"/>
		<phrase i="286" t="Klokkeslett"/>
		<phrase i="287" t="Angi alle"/>
		<phrase i="288" t="Fjern alle"/>
		<phrase i="289" t="Hodetelefonminne"/>
		<phrase i="290" t="Hodetelefonminnemodus"/>
		<phrase i="291" t="Feil under import"/>
		<phrase i="292" t="Blokkert av aktiv samtale." t.VVX_1500="Aktiv samtale, handling avbrutt"/>
		<phrase i="293" t="Oppgi en kontakt."/>
		<phrase i="294" t="Overfør til"/>
		<phrase i="295" t="Konferanse med"/>
		<phrase i="296" t="Enter"/>
		<phrase i="297" t="Endre passord"/>
		<phrase i="298" t="Endre brukerpassord" t.VVX_1500="Endre brukerpassord"/>
		<phrase i="299" t="Endre admin.passord" t.VVX_1500="Endre admin.passord"/>
		<phrase i="300" t="Brukerpassord"/>
		<phrase i="301" t="Admin.passord" t.VVX_1500="Administratorpassord"/>
		<phrase i="302" t="Brukerpassord endret." t.VVX_1500="Brukerpassord endret."/>
		<phrase i="303" t="Admin.passord endret." t.VVX_1500="Administratorpassord endret."/>
		<phrase i="304" t="Beklager, prøv igjen."/>
		<phrase i="305" t="Gammelt passord"/>
		<phrase i="306" t="Nytt passord"/>
		<phrase i="307" t="Bekreft nytt"/>
		<phrase i="308" t="Passordet er for kort." t.VVX_1500="Beklager, passordet er for kort."/>
		<phrase i="309" t="Forrige side" t.VVX_1500="Forrige side"/>
		<phrase i="310" t="ASCII"/>
		<phrase i="311" t="Latinsk"/>
		<phrase i="312" t="Kyrillisk"/>
		<phrase i="313" t="Unicode"/>
		<phrase i="314" t="Minimumslengde er"/>
		<phrase i="315" t="1/A/a"/>
		<phrase i="316" t="Ringemuligheter utilgjengelige."/>
		<phrase i="317" t="Koding" t.IP_330="Kode"/>
		<phrase i="318" t="LAN-hastighet"/>
		<phrase i="319" t="PC-hastighet"/>
		<phrase i="320" t="Ukjent"/>
		<phrase i="321" t="Flash-innstillinger tilbakestilt."/>
		<phrase i="322" t="LAN-modus"/>
		<phrase i="323" t="PC-modus"/>
		<phrase i="324" t="SNTP"/>
		<phrase i="325" t="GMT-forskyvning"/>
		<phrase i="326" t="Sommertid"/>
		<phrase i="327" t="På"/>
		<phrase i="328" t="Av"/>
		<phrase i="329" t="Belastning"/>
		<phrase i="330" t="Hurtigere"/>
		<phrase i="331" t="Saktere"/>
		<phrase i="332" t="Last"/>
		<phrase i="333" t="Intervall"/>
		<phrase i="334" t="Adresseboken er for stor."/>
		<phrase i="335" t="Feltet finnes ikke."/>
		<phrase i="336" t="Slutt på adressebok."/>
		<phrase i="337" t="Kontakten ble slettet."/>
		<phrase i="338" t="Linjen brukes eksternt"/>
		<phrase i="339" t="Nettverksbelastning"/>
		<phrase i="340" t="Byte pr. sekund"/>
		<phrase i="341" t="Pakker pr. sekund"/>
		<phrase i="342" t="DSP-belastning"/>
		<phrase i="343" t="Vertsbelastning"/>
		<phrase i="344" t="Modus"/>
		<phrase i="345" t="Diagnostikk"/>
		<phrase i="346" t="Lyddiagnostikk"/>
		<phrase i="347" t="Tastaturdiagnostikk"/>
		<phrase i="348" t="Skjermdiagnostikk" t.VVX_1500="Skjermdiagnostikk"/>
		<phrase i="349" t="Høyttaler"/>
		<phrase i="350" t="Håndsett"/>
		<phrase i="351" t="Godkjent"/>
		<phrase i="352" t="Ikke godkjent"/>
		<phrase i="353" t="Test fullført"/>
		<phrase i="354" t="Avslutt: Trykk en tast to ganger."/>
		<phrase i="355" t="Trykk på en tast for å bekrefte funksjonen" t.VVX_1500="Bekreft: trykk en tast"/>
		<phrase i="356" t="Spill inn"/>
		<phrase i="357" t="Stopp"/>
		<phrase i="358" t="Ugyldig tast"/>
		<phrase i="359" t="Krokbryter"/>
		<phrase i="360" t="Stoppet"/>
		<phrase i="361" t="Spiller"/>
		<phrase i="362" t="Spiller inn"/>
		<phrase i="363" t="Duplikat IP"/>
		<phrase i="364" t="Omstart"/>
		<phrase i="365" t="oppdaget fra"/>
		<phrase i="366" t="søn."/>
		<phrase i="367" t="man."/>
		<phrase i="368" t="tirs."/>
		<phrase i="369" t="ons."/>
		<phrase i="370" t="tors."/>
		<phrase i="371" t="fre."/>
		<phrase i="372" t="lør."/>
		<phrase i="373" t="jan."/>
		<phrase i="374" t="feb."/>
		<phrase i="375" t="mar."/>
		<phrase i="376" t="apr."/>
		<phrase i="377" t="mai."/>
		<phrase i="378" t="jun."/>
		<phrase i="379" t="jul."/>
		<phrase i="380" t="aug."/>
		<phrase i="381" t="sep."/>
		<phrase i="382" t="okt."/>
		<phrase i="383" t="nov."/>
		<phrase i="384" t="des."/>
		<phrase i="385" t="Minnebruk"/>
		<phrase i="386" t="Samtale aktiv"/>
		<phrase i="387" t="Stillhet"/>
		<phrase i="388" t="Server utilgjengelig"/>
		<phrase i="389" t="Tidsformat"/>
		<phrase i="390" t="Dato over klokkeslett"/>
		<phrase i="391" t="Klokkeslett over dato"/>
		<phrase i="392" t="Dato før klokkeslett"/>
		<phrase i="393" t="Klokkeslett før dato"/>
		<phrase i="394" t="Katakana"/>
		<phrase i="395" t="Ringetoner"/>
		<phrase i="396" t="IF"/>
		<phrase i="397" t="Inn/ut" t.IP_330="Inn/ut"/>
		<phrase i="398" t="Agt. tilgj." t.IP_330="Tilgj."/>
		<phrase i="399" t="Endre"/>
		<phrase i="400" t="1-&gt;Aa"/>
		<phrase i="401" t="A-&gt;a1"/>
		<phrase i="402" t="a-&gt;1A"/>
		<phrase i="403" t="Vis navn" t.IP_330="Vis navn"/>
		<phrase i="404" t="Linjer"/>
		<phrase i="405" t="Etikett"/>
		<phrase i="406" t="Start tastaturlogging"/>
		<phrase i="407" t="Url-anrop er dekativert" t.IP_330="Url-anropet er dekativert"/>
		<phrase i="408" t="Ta av røret"/>
		<phrase i="409" t="Lyttemodus"/>
		<phrase i="410" t="Parker"/>
		<phrase i="411" t="Hent" t.VVX_1500="Hent"/>
		<phrase i="412" t="Gruppe"/>
		<phrase i="413" t="Dirigert" t.VVX_1500="Dirigert"/>
		<phrase i="414" t="Hjem"/>
		<phrase i="415" t="Oppdater"/>
		<phrase i="416" t="Ring tilbake"/>
		<phrase i="417" t="RT"/>
		<phrase i="418" t="Funksjoner"/>
		<phrase i="419" t="Blind"/>
		<phrase i="420" t="Hodetelefoner"/>
		<phrase i="421" t="ACD-agenttilgjengelighet"/>
		<phrase i="422" t="ACD-innlogging/-utlogging"/>
		<phrase i="423" t="Logg inn"/>
		<phrase i="424" t="Logg ut"/>
		<phrase i="425" t="Tilgjengelig"/>
		<phrase i="426" t="Utilgjengelig"/>
		<phrase i="427" t="Bruker-ID"/>
		<phrase i="428" t="Passord"/>
		<phrase i="429" t="Svar"/>
		<phrase i="430" t="Blindoverføring til"/>
		<phrase i="431" t="Tilgj." t.VVX_1500="Tilgjengelig"/>
		<phrase i="432" t="Utilgj." t.VVX_1500="Utilgjengelig"/>
		<phrase i="433" t="SIP-konfigurasjon"/>
		<phrase i="434" t="Adresse"/>
		<phrase i="435" t="Linjetype"/>
		<phrase i="436" t="Navn på tredjeperson"/>
		<phrase i="437" t="Privat"/>
		<phrase i="438" t="Delt"/>
		<phrase i="439" t="Port"/>
		<phrase i="440" t="Transport"/>
		<phrase i="441" t="Registrer"/>
		<phrase i="442" t="Utgående proxy" t.VVX_1500="SIP utgående proxy"/>
		<phrase i="443" t="Utgående port" t.VVX_1500="SIP utgående port"/>
		<phrase i="444" t="RFC2543 parker" t.IP_330="RFC2543Hold"/>
		<phrase i="445" t="Ja"/>
		<phrase i="446" t="Nei"/>
		<phrase i="447" t="Kun UDP"/>
		<phrase i="448" t="TCP foretrukket"/>
		<phrase i="449" t="Naptr"/>
		<phrase i="450" t="Godkj. bruker-ID" t.VVX_1500="Bruker-ID for godkjenning"/>
		<phrase i="451" t="Godkj. passord" t.VVX_1500="Passord for godkjenning"/>
		<phrase i="452" t="Start telefon på nytt"/>
		<phrase i="453" t="Er du sikker?"/>
		<phrase i="454" t="VLAN-søkemodus" t.IP_330="VLAN-søk"/>
		<phrase i="455" t="Fastsatt"/>
		<phrase i="456" t="Alt. for VLAN-ID" t.VVX_1500="Alternativ for VLAN-ID"/>
		<phrase i="457" t="Velg"/>
		<phrase i="458" t="Tilbakestille lokal sikkerhetskode"/>
		<phrase i="459" t="Velg beskjed"/>
		<phrase i="460" t="HTTP"/>
		<phrase i="461" t="HTTPS"/>
		<phrase i="462" t="FTPS"/>
		<phrase i="463" t="Installer egendefinert CA-sert" t.VVX_1500="Installert egendefinert CA-sertifikat"/>
		<phrase i="464" t="Last ned egendefinert CA-sert" t.VVX_1500="Last ned egendefinert CA-sertifikat"/>
		<phrase i="465" t="Godta"/>
		<phrase i="466" t="Konfigurer CA-sert" t.VVX_1500="Konfigurer CA-sertifikater"/>
		<phrase i="467" t="MD5-fingeravtrykk"/>
		<phrase i="468" t="Egendefinert sertifikat"/>
		<phrase i="469" t="Standard sertifikatliste" t.VVX_1500="Standard sertifikatliste"/>
		<phrase i="470" t="Alle sertifikater"/>
		<phrase i="471" t="Forsyningsmetode" t.VVX_1500="Klargjøringsmetode"/>
		<phrase i="472" t="Forsyningsstreng" t.VVX_1500="Klargjøringsstreng"/>
		<phrase i="473" t="Standard"/>
		<phrase i="474" t="SAS-VP"/>
		<phrase i="475" t="Nedlastningen mislyktes"/>
		<phrase i="476" t="Server"/>
		<phrase i="477" t="Applikasjon"/>
		<phrase i="478" t="Pakkestatistikk"/>
		<phrase i="479" t="Regionale innstillinger"/>
		<phrase i="480" t="Brukerinnstiliinger"/>
		<phrase i="481" t="Admin.innstillinger" t.VVX_1500="Administrasjonsinnstillinger"/>
		<phrase i="482" t="Filformatsystem"/>
		<phrase i="483" t="TCP/IP-parametere"/>
		<phrase i="484" t="Plattform"/>
		<phrase i="485" t="Nettverk"/>
		<phrase i="486" t="Telefon"/>
		<phrase i="487" t="Hoved"/>
		<phrase i="488" t="Komponenter"/>
		<phrase i="489" t="Opphavsrett"/>
		<phrase i="490" t="Konfigurasjon"/>
		<phrase i="491" t="Ethernet"/>
		<phrase i="492" t="Grunnleggende"/>
		<phrase i="493" t="Avansert"/>
		<phrase i="494" t="Preferanser"/>
		<phrase i="495" t="Lydeffekter"/>
		<phrase i="496" t="SSL-sikkerhet"/>
		<phrase i="497" t="Tilbakestill til standard"/>
		<phrase i="498" t="Tilbakestill lokal konfigurasjon" t.IP_330="Tilb. lokal konf" t.VVX_1500="Tilbakestill lokal konfigurasjon"/>
		<phrase i="499" t="Tilbakestill enhetsinnstillinger" t.IP_330="Tilb. enh.innst."/>
		<phrase i="500" t="Generelt"/>
		<phrase i="501" t="Test maskinvare"/>
		<phrase i="502" t="Diagrammer"/>
		<phrase i="503" t="CA-sertifikater"/>
		<phrase i="504" t="Tid og Dato"/>
		<phrase i="505" t="TFTP"/>
		<phrase i="506" t="Ugyldig"/>
		<phrase i="507" t="Samtaler per linjetast" t.IP_330="Anrop/linjetast"/>
		<phrase i="508" t="Antall linjetaster" t.IP_330="Ant. linjetast"/>
		<phrase i="509" t="Bredbåndshåndsett"/>
		<phrase i="510" t="TLS"/>
		<phrase i="511" t="Legg til venn"/>
		<phrase i="512" t="Forsøk på filoverføring"/>
		<phrase i="513" t="Ventetid før nytt forsøk"/>
		<phrase i="514" t="Tillat"/>
		<phrase i="515" t="Privat"/>
		<phrase i="516" t="Privatliste"/>
		<phrase i="517" t="Venn, privat"/>
		<phrase i="518" t="Legg til Privat"/>
		<phrase i="519" t="Rediger Privat"/>
		<phrase i="520" t="Tilgang"/>
		<phrase i="521" t="EM-strøm"/>
		<phrase i="522" t="Lagret sertifikatet."/>
		<phrase i="523" t="Kunne ikke lagre sertifikatet."/>
		<phrase i="524" t="Behandler foresp..."/>
		<phrase i="525" t="&gt;&gt;"/>
		<phrase i="526" t="Clink-modus"/>
		<phrase i="527" t="Klient"/>
		<phrase i="528" t="Ethernet-meny"/>
		<phrase i="529" t="LAN-portmodus"/>
		<phrase i="530" t="PC-portmodus"/>
		<phrase i="531" t="Auto"/>
		<phrase i="532" t="10HD"/>
		<phrase i="533" t="10FD"/>
		<phrase i="534" t="100HD"/>
		<phrase i="535" t="100FD"/>
		<phrase i="536" t="Video"/>
		<phrase i="537" t="Telefon"/>
		<phrase i="538" t="Off Hook-mod."/>
		<phrase i="539" t="TilfVideo"/>
		<phrase i="540" t="Velg"/>
		<phrase i="541" t="Bakbelysningsstyrke"/>
		<phrase i="542" t="Av"/>
		<phrase i="543" t="Lav"/>
		<phrase i="544" t="Midd."/>
		<phrase i="545" t="Høy"/>
		<phrase i="546" t="Samt. per lnj."/>
		<phrase i="547" t="Høyttalervolum"/>
		<phrase i="548" t="Ringevolum"/>
		<phrase i="549" t="Styre"/>
		<phrase i="550" t="Styre konferanse"/>
		<phrase i="551" t="Demp"/>
		<phrase i="552" t="DempAv"/>
		<phrase i="553" t="Fjern"/>
		<phrase i="554" t="Medieflyt"/>
		<phrase i="555" t="Deltakerinfo"/>
		<phrase i="556" t="Bakgr.belysn.intens."/>
		<phrase i="557" t="Intensitet for inaktiv bakbelysning"/>
		<phrase i="558" t="2,5mm-mod."/>
		<phrase i="559" t="Alle (std.)"/>
		<phrase i="560" t="Mobiltelefon"/>
		<phrase i="561" t="PC-datakobling"/>
		<phrase i="562" t="Videosamt."/>
		<phrase i="563" t="Tlf.samt."/>
		<phrase i="564" t="Bare SIP"/>
		<phrase i="565" t="Bare POTS"/>
		<phrase i="566" t="Auto (HDX-anropspreferanse)" t.VVX_1500="Auto (HDX-anropspreferanse)"/>
		<phrase i="567" t="Rekkef.Samt.tp."/>
		<phrase i="568" t="Innhold"/>
		<phrase i="569" t="Ringere"/>
		<phrase i="570" t="Adr"/>
		<phrase i="571" t="Ignor."/>
		<phrase i="572" t="Samt. fra:"/>
		<phrase i="573" t="Volum"/>
		<phrase i="574" t="Ringe"/>
		<phrase i="575" t="Høytt."/>
		<phrase i="576" t="Normal"/>
		<phrase i="577" t="&lt;Ny oppf.&gt;"/>
		<phrase i="578" t="Lagre adr.bok"/>
		<phrase i="579" t="Bekreftelse"/>
		<phrase i="580" t="TjenestenUtilgj." t.IP_330="Service utilgj."/>
		<phrase i="581" t="IF" t.VVX_1500="Ikke forstyrr"/>
		<phrase i="582" t="Kobler til"/>
		<phrase i="583" t="Innk. samtale:"/>
		<phrase i="584" t="DSP-tilstand"/>
		<phrase i="585" t="Enh. 0"/>
		<phrase i="586" t="Enh. 1"/>
		<phrase i="587" t="Enh. 2"/>
		<phrase i="588" t="Meld" t.VVX_1500="Meldinger"/>
		<phrase i="589" t="Tilf.Tlf."/>
		<phrase i="590" t="Angi flere sifre"/>
		<phrase i="591" t="Ufullstendig adr."/>
		<phrase i="592" t="Serverstatus"/>
		<phrase i="593" t="Registrerer"/>
		<phrase i="594" t="Avregistrerer"/>
		<phrase i="595" t="Aldri registr."/>
		<phrase i="596" t="Slett adresseoppføring"/>
		<phrase i="597" t="Konferanse i en annen"/>
		<phrase i="598" t="Video-/tlf.samtale?"/>
		<phrase i="599" t="FinnerIkkeOppf."/>
		<phrase i="600" t="E/etternavn"/>
		<phrase i="601" t="Etter fornavn"/>
		<phrase i="602" t="Nettverk"/>
		<phrase i="603" t="Ringt"/>
		<phrase i="604" t="Kabel/DSL"/>
		<phrase i="605" t="LAN"/>
		<phrase i="606" t="Konferanse pågår."/>
		<phrase i="607" t="Umulig"/>
		<phrase i="608" t="Syslog-meny"/>
		<phrase i="609" t="Funksjon"/>
		<phrase i="610" t="Gjengi nivå" t.IP_330="Gjengi nivå"/>
		<phrase i="611" t="UDP"/>
		<phrase i="612" t="TCP"/>
		<phrase i="613" t="Ing."/>
		<phrase i="614" t="Angi passord"/>
		<phrase i="615" t="Diskant"/>
		<phrase i="616" t="Bass"/>
		<phrase i="617" t="Aux lydinngang"/>
		<phrase i="618" t="Aux lydutgang"/>
		<phrase i="619" t="Aut. forsterknKontroll"/>
		<phrase i="620" t="Støydemping"/>
		<phrase i="621" t="URL"/>
		<phrase i="622" t="Bare send"/>
		<phrase i="623" t="Send/motta"/>
		<phrase i="624" t="Bare motta"/>
		<phrase i="625" t="Inaktiv"/>
		<phrase i="626" t="Bare TCP"/>
		<phrase i="627" t="Trådl. mikr."/>
		<phrase i="628" t="Annen inng."/>
		<phrase i="629" t="Opptak ut"/>
		<phrase i="630" t="Ekstern høyttaler"/>
		<phrase i="631" t="Bass og diskant"/>
		<phrase i="632" t="Aux lyd"/>
		<phrase i="633" t="Lok. transdusere"/>
		<phrase i="634" t="Lyd"/>
		<phrase i="635" t="Velg lokale transdusere"/>
		<phrase i="636" t="Mikrofon"/>
		<phrase i="637" t="Høyttaler"/>
		<phrase i="638" t="Konferanse"/>
		<phrase i="639" t="MAC først" t.IP_330="MAC først"/>
		<phrase i="640" t="Høyttalervolum"/>
		<phrase i="641" t="Hodetelefonvolum"/>
		<phrase i="642" t="Håndsettvolum"/>
		<phrase i="643" t="Samtalesvar"/>
		<phrase i="644" t="Dirigert svar"/>
		<phrase i="645" t="Gruppesvar"/>
		<phrase i="646" t="Trykk på en tast for å avslutte testen"/>
		<phrase i="647" t="Testen er avbrutt"/>
		<phrase i="648" t="Knytt serienummer til brukeragent" t.IP_330="Tilkn. serienr."/>
		<phrase i="649" t="1000HD"/>
		<phrase i="650" t="1000FD"/>
		<phrase i="651" t="Nettverksdiagnostikk"/>
		<phrase i="652" t="LAN-portdiagnostikk"/>
		<phrase i="653" t="PC-portdiagnostikk"/>
		<phrase i="654" t="Gigabit Ethernet-diagnostikk"/>
		<phrase i="655" t="Normalmodus"/>
		<phrase i="656" t="Sendingsbølgeform"/>
		<phrase i="657" t="Mastersendestøy"/>
		<phrase i="658" t="Slavesendestøy"/>
		<phrase i="659" t="Sendingsforvrenging"/>
		<phrase i="660" t="Aktiv mikrofon-visning"/>
		<phrase i="661" t="Mobillyd er deaktivert"/>
		<phrase i="662" t="Mobillyd er aktivert"/>
		<phrase i="663" t="Lydsamtale"/>
		<phrase i="664" t="Videosamtale"/>
		<phrase i="665" t="Lyd-/videosamtale"/>
		<phrase i="666" t="Alle samtaletyper"/>
		<phrase i="667" t="Velg viderekoblingstype" t.IP_330="Viderekobling"/>
		<phrase i="668" t="Alltid"/>
		<phrase i="669" t="Ikke svar"/>
		<phrase i="670" t="Viderekoble etter ring"/>
		<phrase i="671" t="Viderekoble samtale ved ikke svar" t.IP_330="Ikke svar"/>
		<phrase i="672" t="Viderekoble samtale ved opptatt" t.IP_330="Opptatt"/>
		<phrase i="673" t="Viderekoble samtale alltid" t.IP_330="Alltid"/>
		<phrase i="674" t="VLAN-filtrering"/>
		<phrase i="675" t="Stormfiltrering"/>
		<phrase i="676" t="SIP-webinnhold"/>
		<phrase i="677" t="Passiv"/>
		<phrase i="678" t="Kjedekoblingsfeil:"/>
		<phrase i="679" t="Flere Ethernet-kabler"/>
		<phrase i="680" t="Koble til bare én Ethernet-kabel"/>
		<phrase i="681" t="Versjonskonflikt"/>
		<phrase i="682" t="Kontakt systemadministratoren."/>
		<phrase i="683" t="Vis kontakt"/>
		<phrase i="684" t="Vis"/>
		<phrase i="685" t="Maksimal styrke"/>
		<phrase i="686" t="Testautomasjon"/>
		<phrase i="687" t="Nøkkel for testautomasjon" t.IP_330="Testaut.nøkkel"/>
		<phrase i="688" t="Testautomasjon aktivert"/>
		<phrase i="689" t="Testautomasjon deaktivert"/>
		<phrase i="690" t="Lagringsmedium tilkoblet"/>
		<phrase i="691" t="Lagringsmedium frakoblet"/>
		<phrase i="692" t="Flyttbart lagringsmedium"/>
		<phrase i="693" t="Bla gjennom innspiller"/>
		<phrase i="694" t="Egenskaper for lagringsmedium"/>
		<phrase i="695" t="Totalt"/>
		<phrase i="696" t="Brukt"/>
		<phrase i="697" t="Ledig"/>
		<phrase i="698" t="Ingen lagringsmedia tilkoblet."/>
		<phrase i="699" t="Ingen aktive samtaler."/>
		<phrase i="700" t="Siste registrerte avspilling"/>
		<phrase i="701" t="Start"/>
		<phrase i="702" t="Pause"/>
		<phrase i="703" t="Gi nytt navn"/>
		<phrase i="704" t="Slettet"/>
		<phrase i="705" t="Filinfo" t.VVX_1500="Filinformasjon"/>
		<phrase i="706" t="Fant ingen wav-filer."/>
		<phrase i="707" t="USB-filnavn"/>
		<phrase i="708" t="Gi filen nytt navn"/>
		<phrase i="709" t="Filnavnet kan ikke være tomt"/>
		<phrase i="710" t="Filen finnes allerede"/>
		<phrase i="711" t="Lagre som"/>
		<phrase i="712" t="Spesialtegn er ikke tillatt"/>
		<phrase i="713" t="Kunne ikke starte innspillingen."/>
		<phrase i="714" t="Ingen tilgjengelig ressurs."/>
		<phrase i="715" t="Spill igjen"/>
		<phrase i="716" t="Lagringsmediet er fullt."/>
		<phrase i="717" t="Innspilling avbrutt."/>
		<phrase i="718" t="Innspilling stoppet."/>
		<phrase i="719" t="Fjerndemping"/>
		<phrase i="720" t="Åpne"/>
		<phrase i="721" t="Lagringsmediet fjernet på usikker måte."/>
		<phrase i="722" t="Midlertidig stoppet"/>
		<phrase i="723" t="Ferdig"/>
		<phrase i="724" t="*R*" t.VVX_1500="R"/>
		<phrase i="725" t="*P*" t.VVX_1500="P"/>
		<phrase i="726" t="t"/>
		<phrase i="727" t="min"/>
		<phrase i="728" t="sek"/>
		<phrase i="729" t="Full"/>
		<phrase i="730" t="Firmaadressebok" t.IP_330="Firmaadr."/>
		<phrase i="731" t="Firmaadressebok"/>
		<phrase i="732" t="Katalogserver er ikke initialisert"/>
		<phrase i="733" t="Status for firmaadressebok" t.IP_330="CD-status"/>
		<phrase i="734" t="Behold søk"/>
		<phrase i="735" t="Håndfrimodus deaktivert" t.IP_330="Håndfri deaktivert"/>
		<phrase i="736" t="Telefoninnstillinger"/>
		<phrase i="737" t="Håndfrimodus"/>
		<phrase i="738" t="Ikke støttet USB-enhet er tilkoblet"/>
		<phrase i="739" t="Ikke støttet USB-enhet er frakoblet"/>
		<phrase i="740" t="Hodetelefoner tilkoblet."/>
		<phrase i="741" t="Hodetelefoner frakoblet."/>
		<phrase i="742" t="Hodetelefoner"/>
		<phrase i="743" t="Hodetelefoninnstillinger"/>
		<phrase i="744" t="Analog hodetelefonmodus"/>
		<phrase i="745" t="Analoge hodetelefoner"/>
		<phrase i="746" t="Vanlig modus"/>
		<phrase i="747" t="Jabra-modus"/>
		<phrase i="748" t="Ikke støttet wav-filformat"/>
		<phrase i="749" t="Brase inn" t.IP_330="Brase"/>
		<phrase i="750" t="Innspilling pågår"/>
		<phrase i="751" t="Handling avbrutt"/>
		<phrase i="752" t="Filtrert" t.IP_330="Filtr"/>
		<phrase i="753" t="Avspilling avbrutt."/>
		<phrase i="754" t="Filen er i bruk"/>
		<phrase i="755" t="Bakgrunn"/>
		<phrase i="756" t="Forhåndsvisning"/>
		<phrase i="757" t="Standard bakgrunn 1"/>
		<phrase i="758" t="Enheten er ikke klar. Prøv på nytt."/>
		<phrase i="759" t="Standard bakgrunn 2"/>
		<phrase i="760" t="Standard bakgrunn 3"/>
		<phrase i="761" t="Standard bakgrunn 4"/>
		<phrase i="762" t="Finner ikke fil" t.VVX_1500="Bakgrunnsbildet er ikke tilgjengelig."/>
		<phrase i="763" t="Lysere"/>
		<phrase i="764" t="Mørkere"/>
		<phrase i="765" t="Handling ikke tillatt"/>
		<phrase i="766" t="Sletting pågår"/>
		<phrase i="767" t="For lite minne til å fortsette."/>
		<phrase i="768" t="Tilgjengelig opptakstid"/>
		<phrase i="769" t="Enhets-ID"/>
		<phrase i="770" t="Katalogserver reagerer ikke" t.IP_330="CDSrvr reag ikke"/>
		<phrase i="771" t="Søker..."/>
		<phrase i="772" t="Tekstfarge"/>
		<phrase i="773" t="Tekst"/>
		<phrase i="774" t="Tilbakestill"/>
		<phrase i="775" t="Angre"/>
		<phrase i="776" t="Finner ingen poster." t.IP_330="Ingen poster"/>
		<phrase i="777" t="Verifiserer USB-enhet." t.IP_330="Sjekker USB-enhet"/>
		<phrase i="778" t="Vent inntil ett minutt..."/>
		<phrase i="779" t="Kan ikke lagre denne fargen."/>
		<phrase i="780" t="Teksten kan bli uleselig."/>
		<phrase i="781" t="Starter telefon på nytt"/>
		<phrase i="782" t="Start telefon på nytt"/>
		<phrase i="783" t="Standard bakgrunn 5"/>
		<phrase i="784" t="Hurtigoppringingsindeksen er ugyldig." t.IP_330="Ugyldig hurtigringindeks."/>
		<phrase i="785" t="Start video"/>
		<phrase i="786" t="Stopp video"/>
		<phrase i="787" t="Fullskjerm"/>
		<phrase i="788" t="PIP"/>
		<phrase i="789" t="Hent"/>
		<phrase i="790" t="Vol. opp"/>
		<phrase i="791" t="Vol. ned"/>
		<phrase i="792" t="Kontakt kreves." t.VVX_1500="Det må være en kontaktverdi."/>
		<phrase i="793" t="Duplisert kontaktverdi." t.VVX_1500="Kontaktverdien finnes allerede."/>
		<phrase i="794" t="Skriv inn navn"/>
		<phrase i="795" t="Bytt"/>
		<phrase i="796" t="Plantronics-modus"/>
		<phrase i="797" t="Duplisert hurtigoppringingsindeks." t.VVX_1500="Hurtigoppringingsindeksen finnes allerede."/>
		<phrase i="798" t="Lokalt kamera"/>
		<phrase i="799" t="Kontrolløranrop"/>
		<phrase i="800" t="Bilderamme"/>
		<phrase i="801" t="Kamerainnstillinger"/>
		<phrase i="802" t="ABC"/>
		<phrase i="803" t="123"/>
		<phrase i="804" t="(ABC) Skriv nummer"/>
		<phrase i="805" t="(123) Skriv nummer"/>
		<phrase i="806" t="Ugyldig konfigurasjon" t.VVX_1500="Ugyldig konfigurasjon"/>
		<phrase i="807" t="Påloggingsfeil"/>
		<phrase i="808" t="Overfører"/>
		<phrase i="809" t="Målbildehastighet"/>
		<phrase i="810" t="Lysstyrkenivå"/>
		<phrase i="811" t="Metningsnivå"/>
		<phrase i="812" t="Kontrastnivå"/>
		<phrase i="813" t="Skarphetsnivå"/>
		<phrase i="814" t="Flimmerreduksjon"/>
		<phrase i="815" t="Meny"/>
		<phrase i="816" t="Videoinnstillinger"/>
		<phrase i="817" t="Autostart videooverføring"/>
		<phrase i="818" t="Videoskjermmodus (vindu)"/>
		<phrase i="819" t="Master"/>
		<phrase i="820" t="Slave"/>
		<phrase i="821" t="1000BT LAN-klokke"/>
		<phrase i="822" t="1000BT PC-klokke"/>
		<phrase i="823" t="Anropstype"/>
		<phrase i="824" t="Lyd"/>
		<phrase i="825" t="Video"/>
		<phrase i="826" t="Konferansetelefon-SIP"/>
		<phrase i="827" t="HDX-preferanse"/>
		<phrase i="828" t="Taleanropstype"/>
		<phrase i="829" t="Ekkokansellering"/>
		<phrase i="830" t="Ekkokanselleringsmodus"/>
		<phrase i="831" t="Gå til"/>
		<phrase i="832" t="Videoskjermmodus (fullskjerm)"/>
		<phrase i="833" t="Bilderamme"/>
		<phrase i="834" t="Skjermsparer"/>
		<phrase i="835" t="Mappe"/>
		<phrase i="836" t="Tid per bilde (sek)"/>
		<phrase i="837" t="Ventetid (min)"/>
		<phrase i="838" t="Skjermsparertype"/>
		<phrase i="839" t="Finner ingen bilder."/>
		<phrase i="840" t="Bakgrunnsbilde endret."/>
		<phrase i="841" t="Sending/mottak av video"/>
		<phrase i="842" t="Sending/mottak av lyd"/>
		<phrase i="843" t="Mediekodeks"/>
		<phrase i="844" t="Videoformat for sende/motta"/>
		<phrase i="845" t="Videobildefr. for sende/motta"/>
		<phrase i="846" t="Vid.bitfr. (kbps) for snd/mot"/>
		<phrase i="847" t="Oppdat.foresp. for snd/mot"/>
		<phrase i="848" t="Mediepakker"/>
		<phrase i="849" t="USB-hub tilkoblet."/>
		<phrase i="850" t="USB-hub fjernet."/>
		<phrase i="851" t="USB-mus tilkoblet."/>
		<phrase i="852" t="USB-mus fjernet."/>
		<phrase i="853" t="USB-tastatur tilkoblet."/>
		<phrase i="854" t="USB-tastatur fjernet."/>
		<phrase i="855" t="Egnet for video"/>
		<phrase i="856" t="Aktiv video"/>
		<phrase i="857" t="Videostatistikk"/>
		<phrase i="858" t="Lydstatistikk"/>
		<phrase i="859" t="Skjermrengjøring"/>
		<phrase i="860" t="Berøringsskjerm deaktivert."/>
		<phrase i="861" t="Trykk en tast for å avslutte."/>
		<phrase i="862" t="Lokal fil"/>
		<phrase i="863" t="Startkontroll for programmer"/>
		<phrase i="864" t="Lydoverføringskodeks"/>
		<phrase i="865" t="Lydmottakskodeks"/>
		<phrase i="866" t="Videooverføringskodeks"/>
		<phrase i="867" t="Videomottakskodeks"/>
		<phrase i="868" t="Blank skjerm"/>
		<phrase i="869" t="Auto fullskjermvideo"/>
		<phrase i="870" t="Velg video"/>
		<phrase i="871" t="H.oppsett" t.VVX_1500="Hurtigoppsett"/>
		<phrase i="872" t="Hurtigoppsett"/>
		<phrase i="873" t="Ikke støttet bakgrunnsfilformat"/>
		<phrase i="874" t="Koble telefonen fra nettverket"/>
		<phrase i="875" t="før Ethernet Diagnostics kjøres."/>
		<phrase i="876" t="Trykk (0-4) for nettverkstester."/>
		<phrase i="877" t="Modus: Normal modus"/>
		<phrase i="878" t="Ikke støttet modus."/>
		<phrase i="879" t="Aux-utgang aktiv."/>
		<phrase i="880" t="Aux-utgang inaktiv."/>
		<phrase i="881" t="ACD"/>
		<phrase i="882" t="Pålogging"/>
		<phrase i="883" t="Avlogging"/>
		<phrase i="884" t="APålogging" t.IP_330="APålogging"/>
		<phrase i="885" t="AAvlogging" t.IP_330="AAvlogging"/>
		<phrase i="886" t="ACD-pålogging/-avlogging"/>
		<phrase i="887" t="ACD-agentstatus"/>
		<phrase i="888" t="Første ACD-tilstand"/>
		<phrase i="889" t="Agentpålogging"/>
		<phrase i="890" t="Agentavlogging"/>
		<phrase i="891" t="Etterbehandling"/>
		<phrase i="892" t="Agenttilstand"/>
		<phrase i="893" t="Ingen server konfigurert."/>
		<phrase i="894" t="Pakkeustabilitet (ms)"/>
		<phrase i="895" t="Maks. ustabilitet (ms)"/>
		<phrase i="896" t="HDX-internnummer"/>
		<phrase i="897" t="Skriv inn HDX-internnummer:"/>
		<phrase i="898" t="50 Hz"/>
		<phrase i="899" t="60 Hz"/>
		<phrase i="900" t="Velg miljø"/>
		<phrase i="901" t="Innstillinger for videosamtale"/>
		<phrase i="902" t="Skjermmodus for video"/>
		<phrase i="903" t="Visning av lokalt kamera"/>
		<phrase i="904" t="Visning av lokalt kamera (normal)"/>
		<phrase i="905" t="Visning av lokalt kamera (fullskjerm)"/>
		<phrase i="906" t="Visn.modus for lokalt kamera (fullskj.)"/>
		<phrase i="907" t="Beskjære"/>
		<phrase i="908" t="Ved siden av"/>
		<phrase i="909" t="Video kan bare være aktiv\nmed én part om gangen."/>
		<phrase i="910" t="Strømsparing"/>
		<phrase i="911" t="Tidsavbrudd"/>
		<phrase i="912" t="Kontortid"/>
		<phrase i="913" t="Brukerpåvisning"/>
		<phrase i="914" t="Starttime"/>
		<phrase i="915" t="Tidsavbrudd inaktivitet i kontortid"/>
		<phrase i="916" t="Tidsavbrudd inaktiv. utenfor kontortid"/>
		<phrase i="917" t="Tidsavbr. inaktiv. ved brukerinnskriving"/>
		<phrase i="918" t="Sensitivitet i kontortiden"/>
		<phrase i="919" t="Sensitivitet utenfor kontortiden"/>
		<phrase i="920" t="Utenfor kontortid-modus"/>
		<phrase i="921" t="Angi flere tegn..." t.IP_330="Flere tegn..." t.VVX_1500="For mange resultater ble mottatt. Angi flere tegn."/>
		<phrase i="922" t="Avans. søk"/>
		<phrase i="923" t="Avansert søk"/>
		<phrase i="924" t="Avslutt hele konferansen?"/>
		<phrase i="925" t=""/>
		<phrase i="926" t=""/>
		<phrase i="927" t=""/>
		<phrase i="928" t=""/>
		<phrase i="929" t=""/>
		<phrase i="930" t=""/>
		<phrase i="931" t=""/>
		<phrase i="932" t=""/>
		<phrase i="933" t=""/>
		<phrase i="934" t=""/>
		<phrase i="935" t=""/>
		<phrase i="936" t=""/>
		<phrase i="937" t=""/>
		<phrase i="938" t="Speakerphone"/>
		<phrase i="939" t=""/>
		<phrase i="940" t=""/>
		<phrase i="941" t=""/>
		<phrase i="942" t=""/>
		<phrase i="943" t=""/>
		<phrase i="944" t=""/>
		<phrase i="945" t=""/>
		<phrase i="946" t=""/>
		<phrase i="947" t=""/>
		<phrase i="948" t=""/>
		<phrase i="949" t=""/>
		<phrase i="950" t=""/>
		<phrase i="951" t=""/>
		<phrase i="952" t=""/>
		<phrase i="953" t=""/>
		<phrase i="954" t=""/>
		<phrase i="955" t=""/>
		<phrase i="956" t=""/>
		<phrase i="957" t=""/>
		<phrase i="958" t=""/>
		<phrase i="959" t="Prioriter bakgrunn"/>
		<phrase i="960" t="Velg bakgrunn"/>
		<phrase i="961" t="Bakgrunn"/>
		<phrase i="962" t="Linjekonfigurasjon"/>
		<phrase i="963" t="SIP-serverkonfigurasjon" t.VVX_1500="Samtaleserverkonfigurasjon"/>
		<phrase i="964" t="OAI Alert"/>
		<phrase i="965" t="OAI Call"/>
		<phrase i="966" t="LLDP"/>
		<phrase i="967" t="Stedsinformasjon"/>
		<phrase i="968" t="Skjerminnspilling"/>
		<phrase i="969" t="SK1"/>
		<phrase i="970" t="SK2"/>
		<phrase i="971" t="SK3"/>
		<phrase i="972" t="SK4"/>
		<phrase i="973" t="USB-lagring: %s tilgjengelig."/>
		<phrase i="974" t="Installert"/>
		<phrase i="975" t="Ikke installert"/>
		<phrase i="976" t="Ugyldig"/>
		<phrase i="977" t="ACD-linjepålogging kreves."/>
		<phrase i="978" t="Samtalehastighet"/>
		<phrase i="979" t="Velg samtalehastighet"/>
		<phrase i="980" t="Samtalehast. for overf./mottak (kbps)"/>
		<phrase i="981" t="USB-lagring: full."/>
		<phrase i="982" t="Protokollkonfigurasjon"/>
		<phrase i="983" t="Velg protokoll"/>
		<phrase i="984" t="Protokolltype"/>
		<phrase i="985" t="SIP"/>
		<phrase i="986" t="H.323"/>
		<phrase i="987" t="SIP + H.323"/>
		<phrase i="988" t="Automatisk gatekeeper-søk"/>
		<phrase i="989" t="Bruker-ID"/>
		<phrase i="990" t="Linjetaster"/>
		<phrase i="991" t="Samtaleserver"/>
		<phrase i="992" t="Tom samtaleserverliste"/>
		<phrase i="993" t="Ringeutgang"/>
		<phrase i="994" t="Innspilling"/>
		<phrase i="995" t="Innspilling på pause"/>
		<phrase i="996" t="Lisenser"/>
		<phrase i="997" t="Ingen lisenser er installert"/>
		<phrase i="998" t="Diffie-Hellman Secret Key"/>
		<phrase i="999" t="Koblingen støttes ikke"/>
		<phrase i="1000" t="Sikkert skall"/>
		<phrase i="1001" t="SSH-tilkobling"/>
		<phrase i="1002" t="SSH-status"/>
		<phrase i="1003" t="Gateway-port"/>
		<phrase i="1004" t="Tilkoblet"/>
		<phrase i="1005" t="Feilkode"/>
		<phrase i="1006" t="Bruk H.323"/>
		<phrase i="1007" t="Bruk SIP"/>
		<phrase i="1008" t="Bruk auto"/>
		<phrase i="1009" t="(SIP-ruting)"/>
		<phrase i="1010" t="(H.323-ruting)"/>
		<phrase i="1011" t="(autoruting)"/>
		<phrase i="1012" t="Velg Bruk SIP eller Bruk H.323"/>
		<phrase i="1013" t="Uspesifisert"/>
		<phrase i="1014" t="Programmer forts."/>
		<phrase i="1015" t="Hjem til programmer"/>
		<phrase i="1016" t="Innspilling (vent)"/>
		<phrase i="1017" t="Protokollruting"/>
		<phrase i="1018" t="Manuell protokollruting"/>
		<phrase i="1019" t="Programvaretastkontroll"/>
		<phrase i="1020" t="Foretrukket protokoll"/>
		<phrase i="1021" t="Autosvar"/>
		<phrase i="1022" t="Autosvar SIP-samtaler"/>
		<phrase i="1023" t="Autosvar H.323-samtaler"/>
		<phrase i="1024" t="Dempet mikrofon"/>
		<phrase i="1025" t="Dempet video"/>
		<phrase i="1026" t="Preferanse for autoruting"/>
		<phrase i="1027" t="Protokoll"/>
		<phrase i="1028" t="SIP-protokoll"/>
		<phrase i="1029" t="H.323-protokoll"/>
		<phrase i="1030" t="Tillat deling med "/>
		<phrase i="1031" t="Hørbar ringer"/>
		<phrase i="1032" t="Option 60-format"/>
		<phrase i="1033" t="RFC3925-binær"/>
		<phrase i="1034" t="ASCII-streng"/>
		<phrase i="1035" t=""/>
		<phrase i="1036" t=""/>
		<phrase i="1037" t=""/>
		<phrase i="1038" t=""/>
		<phrase i="1039" t=""/>
		<phrase i="1040" t=""/>
		<phrase i="1041" t=""/>
		<phrase i="1042" t=""/>
		<phrase i="1043" t=""/>
		<phrase i="1044" t=""/>
		<phrase i="1045" t=""/>
		<phrase i="1046" t=""/>
		<phrase i="1047" t=""/>
		<phrase i="1048" t=""/>
		<phrase i="1049" t=""/>
		<phrase i="1050" t=""/>
		<phrase i="1051" t=""/>
		<phrase i="1052" t=""/>
		<phrase i="1053" t=""/>
		<phrase i="1054" t=""/>
		<phrase i="1055" t=""/>
		<phrase i="1056" t=""/>
		<phrase i="1057" t=""/>
		<phrase i="1058" t=""/>
		<phrase i="1059" t=""/>
		<phrase i="1060" t=""/>
		<phrase i="1061" t=""/>
		<phrase i="1062" t=""/>
		<phrase i="1063" t=""/>
		<phrase i="1064" t=""/>
		<phrase i="1065" t=""/>
		<phrase i="1066" t=""/>
		<phrase i="1067" t=""/>
		<phrase i="1068" t=""/>
		<phrase i="1069" t=""/>
		<phrase i="1070" t=""/>
		<phrase i="1071" t=""/>
		<phrase i="1072" t=""/>
		<phrase i="1073" t=""/>
		<phrase i="1074" t=""/>
		<phrase i="1075" t=""/>
		<phrase i="1076" t=""/>
		<phrase i="1077" t=""/>
		<phrase i="1078" t=""/>
		<phrase i="1079" t=""/>
		<phrase i="1080" t=""/>
		<phrase i="1081" t=""/>
		<phrase i="1082" t=""/>
		<phrase i="1083" t=""/>
		<phrase i="1084" t=""/>
		<phrase i="1085" t=""/>
		<phrase i="1086" t=""/>
		<phrase i="1087" t=""/>
		<phrase i="1088" t=""/>
		<phrase i="1089" t=""/>
		<phrase i="1090" t=""/>
		<phrase i="1091" t=""/>
		<phrase i="1092" t=""/>
		<phrase i="1093" t=""/>
		<phrase i="1094" t=""/>
		<phrase i="1095" t=""/>
		<phrase i="1096" t=""/>
		<phrase i="1097" t=""/>
		<phrase i="1098" t=""/>
		<phrase i="1099" t=""/>
		<phrase i="1100" t=""/>
		<phrase i="1101" t=""/>
		<phrase i="1102" t=""/>
		<phrase i="1103" t=""/>
		<phrase i="1104" t=""/>
		<phrase i="1105" t=""/>
		<phrase i="1106" t=""/>
		<phrase i="1107" t=""/>
		<phrase i="1108" t=""/>
		<phrase i="1109" t=""/>
		<phrase i="1110" t=""/>
		<phrase i="1111" t=""/>
		<phrase i="1112" t=""/>
		<phrase i="1113" t=""/>
		<phrase i="1114" t=""/>
		<phrase i="1115" t=""/>
		<phrase i="1116" t=""/>
		<phrase i="1117" t="Lagre og start på nytt"/>
		<phrase i="1118" t=""/>
		<phrase i="1119" t="2.5 mm Mode"/>
		<phrase i="1120" t="Cell Phone"/>
		<phrase i="1121" t="PC Link"/>
		<phrase i="1122" t="Prompt"/>
		<phrase i="1123" t="Operational Mode"/>
		<phrase i="1124" t="PSTN"/>
		<phrase i="1125" t="Retained Message"/>
		<phrase i="1126" t=""/>
		<phrase i="1127" t="Berøringsskjermdiagnostikk"/>
		<phrase i="1128" t="Trykk en tast for å avslutte."/>
		<phrase i="1129" t="Berør skjermen for å teste."/>
		<phrase i="1130" t="CMA-adressebok"/>
		<phrase i="1131" t="Grupper"/>
		<phrase i="1132" t="Legg til kontakt"/>
		<phrase i="1133" t="CMA-meny"/>
		<phrase i="1134" t="CMA-modus"/>
		<phrase i="1135" t="CMA-server"/>
		<phrase i="1136" t="Påloggingslegitimasjon"/>
		<phrase i="1137" t="Bruker"/>
		<phrase i="1138" t="Gyldig til"/>
		<phrase i="1139" t="Utløpt"/>
		<phrase i="1140" t="Tilbakestill webkonfigurasjon" t.IP_330="Tilbakestill webkonfig."/>
		<phrase i="1141" t="TR-069 Enable"/>
		<phrase i="1142" t="TR-069 URL"/>
		<phrase i="1143" t="TR-069 SSL"/>
		<phrase i="1144" t="TR-069 Inform Interval"/>
		<phrase i="1145" t="TR-069 Username"/>
		<phrase i="1146" t="TR-069 Password"/>
		<phrase i="1147" t="Lås telefonen"/>
		<phrase i="1148" t="Lås"/>
		<phrase i="1149" t="Lås opp"/>
		<phrase i="1150" t="Telefonen er låst."/>
		<phrase i="1151" t="Kun godkjente samtaler."/>
		<phrase i="1152" t="Ikke forstyrr når låst"/>
		<phrase i="1153" t="Tillat ringing når låst"/>
		<phrase i="1154" t="Låse opp telefonen?"/>
		<phrase i="1155" t="Besvare anropet?"/>
		<phrase i="1156" t="Ring en godkjent samtale"/>
		<phrase i="1157" t="Ikke godkjent nummer"/>
		<phrase i="1158" t="Telefonnummer"/>
		<phrase i="1159" t="SIP-adresse"/>
		<phrase i="1160" t="Shutdown initiated"/>
		<phrase i="1161" t="On-hook Dialing"/>
		<phrase i="1162" t="Off-hook Dialing"/>
		<phrase i="1163" t="Lydmodus"/>
		<phrase i="1164" t="Country"/>
		<phrase i="1165" t="Kontakten støtter ikke tilstedeværelse. Lagre i lokal adressebok?"/>
		<phrase i="1166" t="Flash Timing"/>
		<phrase i="1167" t="Caller ID"/>
		<phrase i="1168" t="80"/>
		<phrase i="1169" t="100"/>
		<phrase i="1170" t="300"/>
		<phrase i="1171" t="600"/>
		<phrase i="1172" t="Removed"/>
		<phrase i="1173" t="Samtalelogg"/>
		<phrase i="1174" t="Kan ikke låse telefonen."/>
		<phrase i="1175" t="PSTN Extension"/>
		<phrase i="1176" t="Enter PSTN Extension:"/>
		<phrase i="1177" t="Søk i"/>
		<phrase i="1178" t="Håndsett/hodesett"/>
		<phrase i="1179" t="Du kan ikke legge deg selv i vennelisten."/>
		<phrase i="1180" t="Dismiss"/>
		<phrase i="1181" t="Snooze"/>
		<phrase i="1182" t="%s will start in %d %s at %s"/>
		<phrase i="1183" t="Calendar"/>
		<phrase i="1184" t="minutes"/>
		<phrase i="1185" t="seconds"/>
		<phrase i="1186" t="minute"/>
		<phrase i="1187" t="second"/>
		<phrase i="1188" t="Keypad Lock"/>
		<phrase i="1189" t="Keypad Unlock"/>
		<phrase i="1190" t="Keypad locked."/>
		<phrase i="1191" t="Lock the phone?"/>
		<phrase i="1192" t="Finner ingen grupper."/>
		<phrase i="1193" t="Enhetssertifikater"/>
		<phrase i="1194" t="Polycom-sert." t.VVX_1500="Polycom-sert konfigurert"/>
		<phrase i="1195" t="Sert. lastet inn" t.VVX_1500="Konfigurert sert. lastet inn"/>
		<phrase i="1196" t="Polycom finnes" t.VVX_1500="Enhetssert. Polycom finnes"/>
		<phrase i="1197" t="Egendefinert finnes" t.VVX_1500="Enhetssert. egendefinert finnes"/>
		<phrase i="1198" t="Egendefinert beskrivelse" t.VVX_1500="Enhetssert. egendefinert beskrivelse"/>
		<phrase i="1199" t="TR-069 Upgrades Managed"/>
		<phrase i="1200" t="Enhetssert."/>
		<phrase i="1201" t="Avspilling pågår."/>
		<phrase i="1202" t="Lokal adressebok er skrivebeskyttet."/>
		<phrase i="1203" t="CMA-godkjenning mislyktes."/>
		<phrase i="1204" t="CMA-forsyningsfeil."/>
		<phrase i="1205" t="Fjerntastatur og mus"/>
		<phrase i="1206" t="Står telefonen til venstre eller høyre for datamaskinen din?"/>
		<phrase i="1207" t="Venstre"/>
		<phrase i="1208" t="Høyre"/>
		<phrase i="1209" t="Liste"/>
		<phrase i="1210" t="Tast årsakskode"/>
		<phrase i="1211" t="Last opp konfigurasjon"/>
		<phrase i="1212" t="TR-069"/>
		<phrase i="1213" t="CMA"/>
		<phrase i="1214" t="Alle kilder"/>
		<phrase i="1215" t="Lokal"/>
		<phrase i="1216" t="Internett"/>
		<phrase i="1217" t="Last opp"/>
		<phrase i="1218" t="Konfigurasjonsfiler" t.IP_330="Konfig. filer"/>
		<phrase i="1219" t="Utilgjengelig årsakskode"/>
		<phrase i="1220" t="Agent utilgj."/>
		<phrase i="1221" t="Konfigurasjonsfiladvarsel" t.IP_330="Pre3.3.0 konfig"/>
		<phrase i="1222" t=" inneholder pre-3.3.0 parametere"/>
		<phrase i="1223" t="ingen"/>
		<phrase i="1224" t="Sammendrag"/>
		<phrase i="1225" t="Fant dupliserte parametere" t.IP_330="Fant duplikater"/>
		<phrase i="1226" t="Fant feil"/>
		<phrase i="1227" t="Parametrene er akseptert"/>
		<phrase i="1228" t="Fant pre-3.3.0-parametere."/>
		<phrase i="1229" t="Fant pre-3.3.0-parametere i:" t.IP_330="Pre-3.3.0-parametere i:"/>
		<phrase i="1230" t="Forespørselen venter fortsatt, prøv senere."/>
		<phrase i="1231" t="CMA-folder er ikke registrert."/>
		<phrase i="1232" t="CMA-tilstedeværelse er ikke registrert."/>
		<phrase i="1233" t="Anropsinfo"/>
		<phrase i="1234" t="Oppdater konfigurasjon"/>
		<phrase i="1235" t="Ugyldig påloggingsinformasjon."/>
		<phrase i="1236" t="Kunne ikke hente adresse."/>
		<phrase i="1237" t="Kunne ikke ringe kontakt."/>
		<phrase i="1238" t="Kunne ikke legge til kontakt."/>
		<phrase i="1239" t="CMA-status"/>
		<phrase i="1240" t="Tilstede-registrering"/>
		<phrase i="1241" t="Katalogregistrering"/>
		<phrase i="1242" t="Leveringsstatus"/>
		<phrase i="1243" t="Server vertsnavn"/>
		<phrase i="1244" t="Kontroll av programoppdatering"/>
		<phrase i="1245" t="Kontroll av profilppdatering"/>
		<phrase i="1246" t="Hjerteslagrapport"/>
		<phrase i="1247" t="Vellykket"/>
		<phrase i="1248" t="Mislykket"/>
		<phrase i="1249" t="Invitasjoner"/>
		<phrase i="1250" t="Venneinvitasjon venter"/>
		<phrase i="1251" t="Tilstedeværelse"/>
		<phrase i="1252" t="Metode for å akseptere invitasjoner"/>
		<phrase i="1253" t="Intervaller for leveransepolling"/>
		<phrase i="1254" t="Automatisk"/>
		<phrase i="1255" t="Revalider"/>
		<phrase i="1256" t="Revalidering kan låse brukerens konto hvis informasjonen ikke er gyldig."/>
		<phrase i="1257" t="Vil du fortsette?"/>
		<phrase i="1258" t="Leveransefeil" t.IP_330="Konfig-feil"/>
		<phrase i="1259" t="Kunne ikke oppdatere konfigurasjonen."/>
                <phrase i="1260" t="" />
                <phrase i="1261" t="" />
                <phrase i="1262" t="" />
                <phrase i="1263" t="Vid.kobl." />
	</phrases>
	<textEntry>
		<Entry ID="0" key="=, $/~_?0"/>
		<Entry ID="1" key="!|'^\@:1"/>
		<Entry ID="2" key="abc2æåäà"/>
		<Entry ID="3" key="def3éèê"/>
		<Entry ID="4" key="ghi4ï"/>
		<Entry ID="5" key="jkl5"/>
		<Entry ID="6" key="mno6øöóòô"/>
		<Entry ID="7" key="pqrs7"/>
		<Entry ID="8" key="tuv8ü"/>
		<Entry ID="9" key="wxyz9þ"/>
		<Entry ID="*" key=".*#-&amp;%+;"/>
		<Entry ID="#"/>
	</textEntry>
</dictionary>