﻿<?xml version="1.0" encoding="UTF-8" standalone="yes"?>
<dictionary>
	<phrases>
		<phrase i="0" t="Wstecz"/>
		<phrase i="1" t="Wybierz numer"/>
		<phrase i="2" t="Edytuj kontakt"/>
		<phrase i="3" t="Edytuj"/>
		<phrase i="4" t="W górę"/>
		<phrase i="5" t="Zapisz"/>
		<phrase i="6" t="Więcej"/>
		<phrase i="7" t="Nowy"/>
		<phrase i="8" t="OK"/>
		<phrase i="9" t="Dodaj"/>
		<phrase i="10" t="Wyczyść"/>
		<phrase i="11" t="Informacje"/>
		<phrase i="12" t="Wyślij"/>
		<phrase i="13" t="Wybierz"/>
		<phrase i="14" t="Usuń"/>
		<phrase i="15" t="Importuj"/>
		<phrase i="16" t="Zablokuj"/>
		<phrase i="17" t="Obserwuj"/>
		<phrase i="18" t="Odblokuj" t.IP_330="Odblokuj"/>
		<phrase i="19" t="Mój status" t.VVX_1500="My Status"/>
		<phrase i="20" t="Znajomi" t.IP_330="Znajomy"/>
		<phrase i="21" t="Wznów"/>
		<phrase i="22" t="Odtwórz"/>
		<phrase i="23" t="Zakończ" t.IP_330="Zakończ"/>
		<phrase i="24" t="Nowe" t.IP_330="Nowe"/>
		<phrase i="25" t="Ponów"/>
		<phrase i="26" t="Odpowiedz"/>
		<phrase i="27" t="Nazwa"/>
		<phrase i="28" t="Numer"/>
		<phrase i="29" t="Wstrzymaj"/>
		<phrase i="30" t="Konf." t.IP_330="Konf." t.VVX_1500="Konferencja"/>
		<phrase i="31" t="Przekaż" t.IP_330="Przekaż" t.VVX_1500="Przekaż"/>
		<phrase i="32" t="Koniec"/>
		<phrase i="33" t="Następny"/>
		<phrase i="34" t="Poprzedni" t.VVX_1500="Poprzedni"/>
		<phrase i="35" t="Odpowiedz"/>
		<phrase i="36" t="Zakończ"/>
		<phrase i="37" t="Anuluj"/>
		<phrase i="38" t="a-&gt;A"/>
		<phrase i="39" t="A-&gt;a"/>
		<phrase i="40" t="-&gt;ABC"/>
		<phrase i="41" t="&lt;&lt;"/>
		<phrase i="42" t="Prześlij"/>
		<phrase i="43" t="Nast." t.VVX_1500="Następna strona"/>
		<phrase i="44" t="Aktualizuj"/>
		<phrase i="45" t="Wiadomości kom."/>
		<phrase i="46" t="Brak wiadomosci"/>
		<phrase i="47" t="Wyślij wiad. do "/>
		<phrase i="48" t="Wpisz wiad. dla "/>
		<phrase i="49" t="Mój status"/>
		<phrase i="50" t="Spis telefonów"/>
		<phrase i="51" t="Spisy telefonów"/>
		<phrase i="52" t="Usługa"/>
		<phrase i="53" t="Aplikacje"/>
		<phrase i="54" t="Szybkie wybier."/>
		<phrase i="55" t="Inf. sz. wyb." t.VVX_1500="Informacje szybkiego wybierania"/>
		<phrase i="56" t="Spisy połączeń"/>
		<phrase i="57" t="Edytuj kontakt"/>
		<phrase i="58" t="Lista znajomych"/>
		<phrase i="59" t="Lista obserw."/>
		<phrase i="60" t="Lista zablok."/>
		<phrase i="61" t="Poł. nieodebr."/>
		<phrase i="62" t="Poł. odebrane"/>
		<phrase i="63" t="Wybrane numery"/>
		<phrase i="64" t="Zgod. CDP" t.IP_330="Zgod. CDP"/>
		<phrase i="65" t="Info. o aplik."/>
		<phrase i="66" t="Obsług. kodeki"/>
		<phrase i="67" t="Dodaj obserw."/>
		<phrase i="68" t="Status sieci"/>
		<phrase i="69" t="Obecność"/>
		<phrase i="70" t="Stat. znajomego"/>
		<phrase i="71" t="Typ dzwonka"/>
		<phrase i="72" t="Status"/>
		<phrase i="73" t="Ustawienia"/>
		<phrase i="74" t="Menu główne"/>
		<phrase i="75" t="Stat. sieci"/>
		<phrase i="76" t="Statyst. mediów"/>
		<phrase i="77" t="Firmware"/>
		<phrase i="78" t="Kontrast"/>
		<phrase i="79" t="Konfig. sieci"/>
		<phrase i="80" t="Info. o poł."/>
		<phrase i="81" t="Informacje"/>
		<phrase i="82" t="Info. o systemie"/>
		<phrase i="83" t="Aktywny"/>
		<phrase i="84" t="Nieaktywny"/>
		<phrase i="85" t="Nieznany"/>
		<phrase i="86" t="dzień"/>
		<phrase i="87" t="dni"/>
		<phrase i="88" t="żądanie"/>
		<phrase i="89" t="żądanie nieud."/>
		<phrase i="90" t="Angielski"/>
		<phrase i="91" t="Wewn."/>
		<phrase i="92" t="Pełny dupl."/>
		<phrase i="93" t="Półdupleks"/>
		<phrase i="94" t="(Widok)"/>
		<phrase i="95" t="**OSTRZEŻENIE**"/>
		<phrase i="96" t="Ruter"/>
		<phrase i="97" t="W dół"/>
		<phrase i="98" t="Upłynęło"/>
		<phrase i="99" t="Pakiety Rx"/>
		<phrase i="100" t="Pakiety Tx"/>
		<phrase i="101" t="Pakiety utrac."/>
		<phrase i="102" t="Port LAN"/>
		<phrase i="103" t="Port PC"/>
		<phrase i="104" t="Kom. IM" t.IP_330="IM"/>
		<phrase i="105" t="Określ pochodz."/>
		<phrase i="106" t="Włącz"/>
		<phrase i="107" t="Jitter(ms)"/>
		<phrase i="108" t="Maks.jitter (ms)"/>
		<phrase i="109" t="Opóźn.(ms)"/>
		<phrase i="110" t="Wersja aplik."/>
		<phrase i="111" t="Wersja Boot."/>
		<phrase i="112" t="Dzwonek"/>
		<phrase i="113" t="Brak wpisów"/>
		<phrase i="114" t="Nieodebr. poł.?"/>
		<phrase i="115" t="Odebrane poł.?"/>
		<phrase i="116" t="Wybierane nr-y"/>
		<phrase i="117" t="Wyczyszczono"/>
		<phrase i="118" t="Kontakt"/>
		<phrase i="119" t="PM"/>
		<phrase i="120" t="AM"/>
		<phrase i="121" t="Czas"/>
		<phrase i="122" t="Nazwa"/>
		<phrase i="123" t="Czas trwania"/>
		<phrase i="124" t=" mówi: "/>
		<phrase i="125" t="Wiad. do "/>
		<phrase i="126" t="Wiad. odebrana."/>
		<phrase i="127" t="Zadzwoń do mnie"/>
		<phrase i="128" t="Zadzwoń później"/>
		<phrase i="129" t="Nie mogę rozm."/>
		<phrase i="130" t="Na obiad?"/>
		<phrase i="131" t="Zaimportowano"/>
		<phrase i="132" t="Import nieudany"/>
		<phrase i="133" t="Język"/>
		<phrase i="134" t="Wprowadź nr"/>
		<phrase i="135" t="Wpisz URL"/>
		<phrase i="136" t="Podziel"/>
		<phrase i="137" t="Dołącz"/>
		<phrase i="138" t="Do"/>
		<phrase i="139" t="Od"/>
		<phrase i="140" t="Przekaż" t.IP_330="PD"/>
		<phrase i="141" t="Dla"/>
		<phrase i="142" t="Wstrzymaj"/>
		<phrase i="143" t="Wstrzymane"/>
		<phrase i="144" t=" nowa wiad."/>
		<phrase i="145" t=" nowe wiad."/>
		<phrase i="146" t="Połącz"/>
		<phrase i="147" t="Sieć nie dziala"/>
		<phrase i="148" t="Rekonfig. sieci" t.IP_330="Rekonfig." t.VVX_1500="Rekonfig."/>
		<phrase i="149" t=" nowe poł. Nieod"/>
		<phrase i="150" t=" nowe nieod. Poł"/>
		<phrase i="151" t="Restartowanie"/>
		<phrase i="152" t="Poł. wstrzymane"/>
		<phrase i="153" t="Rozłączono"/>
		<phrase i="154" t="Online"/>
		<phrase i="155" t="Zajęty"/>
		<phrase i="156" t="Zaraz wracam"/>
		<phrase i="157" t="Z dala"/>
		<phrase i="158" t="Mam telefon"/>
		<phrase i="159" t="Na obiedzie"/>
		<phrase i="160" t="Na zebraniu"/>
		<phrase i="161" t="Offline"/>
		<phrase i="162" t="Nie przeszkadz."/>
		<phrase i="163" t="Limit czasu"/>
		<phrase i="164" t="Boot. Serwer"/>
		<phrase i="165" t="Opcja boot."/>
		<phrase i="166" t="Typ boot."/>
		<phrase i="167" t="Typ serwera" t.IP_330="Typ serwera"/>
		<phrase i="168" t="Adres serwera" t.IP_330="Adres serwera"/>
		<phrase i="169" t="Użytk. serwera" t.IP_330="Uż. serwera"/>
		<phrase i="170" t="Hasło serwera" t.IP_330="Hasło serwera"/>
		<phrase i="171" t="Klient DHCP" t.IP_330="Klient DHCP"/>
		<phrase i="172" t="Menu DHCP"/>
		<phrase i="173" t="IP telefonu" t.VVX_1500="Adres IP telefonu"/>
		<phrase i="174" t="Maska podsieci" t.IP_330="Maska podsieci"/>
		<phrase i="175" t="Adres IP bramy"/>
		<phrase i="176" t="Menu serwera" t.IP_330="Menu serwera"/>
		<phrase i="177" t="Adres SNTP" t.IP_330="Adres SNTP"/>
		<phrase i="178" t="Różnica GMT"/>
		<phrase i="179" t="Serwer DNS"/>
		<phrase i="180" t="Alt. serwer DNS"/>
		<phrase i="181" t="Domena DNS"/>
		<phrase i="182" t="Ident. VLAN"/>
		<phrase i="183" t=" Zapisz konfig."/>
		<phrase i="184" t=" Zak. bez zapis."/>
		<phrase i="185" t=" Wznów konfig."/>
		<phrase i="186" t="DHCP"/>
		<phrase i="187" t="MAC"/>
		<phrase i="188" t="IP"/>
		<phrase i="189" t="DNS"/>
		<phrase i="190" t="Serwer Boot."/>
		<phrase i="191" t="Alt. DNS"/>
		<phrase i="192" t="Opcja 66"/>
		<phrase i="193" t="Dostosuj"/>
		<phrase i="194" t="Statyczny"/>
		<phrase i="195" t="Adres IP"/>
		<phrase i="196" t="Ciąg"/>
		<phrase i="197" t="FTP"/>
		<phrase i="198" t="TFTP"/>
		<phrase i="199" t="Włączone"/>
		<phrase i="200" t="Wyłączone"/>
		<phrase i="201" t="Maska"/>
		<phrase i="202" t="**-**"/>
		<phrase i="203" t="Domena"/>
		<phrase i="204" t="Ident. VLAN"/>
		<phrase i="205" t="Serwer"/>
		<phrase i="206" t="Wersja aplik."/>
		<phrase i="207" t="Plik"/>
		<phrase i="208" t="Konfig."/>
		<phrase i="209" t="BootROM"/>
		<phrase i="210" t="Nr kat."/>
		<phrase i="211" t="Kodek Tx"/>
		<phrase i="212" t="Kodek Rx"/>
		<phrase i="213" t="Język zmieniony"/>
		<phrase i="214" t="Zmiana języka nieud."/>
		<phrase i="215" t="Czekaj proszę.."/>
		<phrase i="216" t="Wybór linii"/>
		<phrase i="217" t="Linia"/>
		<phrase i="218" t="Wyszukaj"/>
		<phrase i="219" t="Sortuj"/>
		<phrase i="220" t="Wyszuk. w spisie"/>
		<phrase i="221" t="Sort. spisu tel"/>
		<phrase i="222" t="Imię"/>
		<phrase i="223" t="Nazwisko"/>
		<phrase i="224" t="Status systemu"/>
		<phrase i="225" t="Ogólne"/>
		<phrase i="226" t="Spis kontaktów"/>
		<phrase i="227" t="Kontakty"/>
		<phrase i="228" t="Dost. + Opc. 66"/>
		<phrase i="229" t="Info o linii"/>
		<phrase i="230" t="Zarejestr."/>
		<phrase i="231" t="Nie zarejestr."/>
		<phrase i="232" t="Uwierzytelnian."/>
		<phrase i="233" t="Zarej. użytk."/>
		<phrase i="234" t="Zarej. hasło"/>
		<phrase i="235" t="Wideo"/>
		<phrase i="236" t="Wiadomości"/>
		<phrase i="237" t="Centrum wiadom."/>
		<phrase i="238" t="W konferencji"/>
		<phrase i="239" t="Pilne"/>
		<phrase i="240" t="Pilne"/>
		<phrase i="241" t="Nowy"/>
		<phrase i="242" t="Nowy"/>
		<phrase i="243" t="Stare"/>
		<phrase i="244" t="Stare"/>
		<phrase i="245" t="Połącz" t.IP_330="Połącz"/>
		<phrase i="246" t="Dodaj do spisu"/>
		<phrase i="247" t="Edytuj kontakt"/>
		<phrase i="248" t="Indeks sz. wyb."/>
		<phrase i="249" t="Przekier. poł."/>
		<phrase i="250" t="Odrzuć"/>
		<phrase i="251" t="Przekaż" t.IP_330="PD"/>
		<phrase i="252" t="Obecne po."/>
		<phrase i="253" t="Reset ust. użytk."/>
		<phrase i="254" t="Kontakt przekier."/>
		<phrase i="255" t="Auto. odrzuć"/>
		<phrase i="256" t="Auto. przek."/>
		<phrase i="257" t="Zapisano"/>
		<phrase i="258" t="Błąd"/>
		<phrase i="259" t="Wpis już istnieje."/>
		<phrase i="260" t="Wyłącz"/>
		<phrase i="261" t="Obserwuj znaj."/>
		<phrase i="262" t="Zablokuj znaj."/>
		<phrase i="263" t="Spróbuj ponownie."/>
		<phrase i="264" t="Zegar"/>
		<phrase i="265" t="Data zegara"/>
		<phrase i="266" t="Format"/>
		<phrase i="267" t="Niedziela"/>
		<phrase i="268" t="Poniedziałek"/>
		<phrase i="269" t="Wtorek"/>
		<phrase i="270" t="Środa"/>
		<phrase i="271" t="Czwartek"/>
		<phrase i="272" t="Piątek"/>
		<phrase i="273" t="Sobota"/>
		<phrase i="274" t="Styczeń"/>
		<phrase i="275" t="Luty"/>
		<phrase i="276" t="Marzec"/>
		<phrase i="277" t="Kwiecień"/>
		<phrase i="278" t="Maj"/>
		<phrase i="279" t="Czerwiec"/>
		<phrase i="280" t="Lipiec"/>
		<phrase i="281" t="Sierpień"/>
		<phrase i="282" t="Wrzesień"/>
		<phrase i="283" t="Październik"/>
		<phrase i="284" t="Listopad"/>
		<phrase i="285" t="Grudzień"/>
		<phrase i="286" t="Godzina zegara"/>
		<phrase i="287" t="Ustaw wszystko"/>
		<phrase i="288" t="Wyczyść wszyst."/>
		<phrase i="289" t="Pam. zest. sł."/>
		<phrase i="290" t="Tryb pam. zest. sł."/>
		<phrase i="291" t="Błąd importu"/>
		<phrase i="292" t="Zabl. przez akt. poł." t.VVX_1500="Poł. akt., akcja przerwana."/>
		<phrase i="293" t="Wpisz kontakt"/>
		<phrase i="294" t="Przenieś do"/>
		<phrase i="295" t="Konferencja z"/>
		<phrase i="296" t="Wprowadź kontakt"/>
		<phrase i="297" t="Zmień hasło"/>
		<phrase i="298" t="Zmień hasło uż." t.VVX_1500="Zmień hasło użytkownika"/>
		<phrase i="299" t="Zmień hasło adm" t.VVX_1500="Zmień hasło administratora"/>
		<phrase i="300" t="Hasło użytk."/>
		<phrase i="301" t="Hasło admin." t.VVX_1500="Hasło administratora"/>
		<phrase i="302" t="Hasło uż. zmienione" t.VVX_1500="Hasło użytkownika zmienione."/>
		<phrase i="303" t="Hasło adm. zmienione" t.VVX_1500="Hasło administratora zmienione."/>
		<phrase i="304" t="Spróbuj ponownie."/>
		<phrase i="305" t="Stare hasło"/>
		<phrase i="306" t="Nowe hasło"/>
		<phrase i="307" t="Potwierdź nowe"/>
		<phrase i="308" t="Hasło za krótkie." t.VVX_1500="Za krótkie hasło."/>
		<phrase i="309" t="Poprz. strona" t.VVX_1500="Poprzednia strona"/>
		<phrase i="310" t="ASCII"/>
		<phrase i="311" t="Latin"/>
		<phrase i="312" t="Cyrylica"/>
		<phrase i="313" t="Unicode"/>
		<phrase i="314" t="Min. długość to"/>
		<phrase i="315" t="1/A/a"/>
		<phrase i="316" t="Zasoby zapełn."/>
		<phrase i="317" t="Kodowanie" t.IP_330="Koduj"/>
		<phrase i="318" t="Szybkość LAN"/>
		<phrase i="319" t="Szybkość PC"/>
		<phrase i="320" t="Nieznane "/>
		<phrase i="321" t="Ustaw. flash reset."/>
		<phrase i="322" t="Tryb LAN "/>
		<phrase i="323" t="Tryb PC "/>
		<phrase i="324" t="SNTP"/>
		<phrase i="325" t="Różnica GMT"/>
		<phrase i="326" t="Czas letni"/>
		<phrase i="327" t="Wł."/>
		<phrase i="328" t="Wył."/>
		<phrase i="329" t="Obciąż. CPU"/>
		<phrase i="330" t="Szybciej"/>
		<phrase i="331" t="Wolniej"/>
		<phrase i="332" t="Obciążenie"/>
		<phrase i="333" t="Interwał"/>
		<phrase i="334" t="Spis tel. za duży."/>
		<phrase i="335" t="Brak tego pola."/>
		<phrase i="336" t="Koniec spisu tel."/>
		<phrase i="337" t="Kontakt usunięty."/>
		<phrase i="338" t="Linia użyta zdaln."/>
		<phrase i="339" t="Obciąż. sieci"/>
		<phrase i="340" t="Bajty na sek."/>
		<phrase i="341" t="Pakiety na sek."/>
		<phrase i="342" t="Obciąż. DSP"/>
		<phrase i="343" t="Obciąż. hosta"/>
		<phrase i="344" t="Tryb"/>
		<phrase i="345" t="Diagnostyka"/>
		<phrase i="346" t="Diagn. audio"/>
		<phrase i="347" t="Diagn. klaw."/>
		<phrase i="348" t="Diagn. wyświetl." t.VVX_1500="Diagnostyka wyśw."/>
		<phrase i="349" t="Głośnik"/>
		<phrase i="350" t="Słuchawka"/>
		<phrase i="351" t="Udane"/>
		<phrase i="352" t="Nieudane"/>
		<phrase i="353" t="Koniec testu"/>
		<phrase i="354" t="Koniec: nac. 2x klaw."/>
		<phrase i="355" t="Zweryf.: nac. kl." t.VVX_1500="Zweryfikuj: naciśnij klawisz"/>
		<phrase i="356" t="Nagraj"/>
		<phrase i="357" t="Stop"/>
		<phrase i="358" t="Niewł. klawisz."/>
		<phrase i="359" t="Przeł. telef."/>
		<phrase i="360" t="Zatrzymano"/>
		<phrase i="361" t="Odtwarzanie"/>
		<phrase i="362" t="Nagrywanie"/>
		<phrase i="363" t="Zduplikowany IP"/>
		<phrase i="364" t="Restartuj"/>
		<phrase i="365" t="wykryto z"/>
		<phrase i="366" t="N"/>
		<phrase i="367" t="Pn"/>
		<phrase i="368" t="Wt"/>
		<phrase i="369" t="śr"/>
		<phrase i="370" t="Cz"/>
		<phrase i="371" t="Pt"/>
		<phrase i="372" t="So"/>
		<phrase i="373" t="Sty"/>
		<phrase i="374" t="Lut"/>
		<phrase i="375" t="Mar"/>
		<phrase i="376" t="Kwi"/>
		<phrase i="377" t="Maj"/>
		<phrase i="378" t="Cze"/>
		<phrase i="379" t="Lip"/>
		<phrase i="380" t="Sie"/>
		<phrase i="381" t="Wrz"/>
		<phrase i="382" t="Paź"/>
		<phrase i="383" t="Lis"/>
		<phrase i="384" t="Gru"/>
		<phrase i="385" t="Użycie pamięci"/>
		<phrase i="386" t="Poł. aktywne"/>
		<phrase i="387" t="Cisza"/>
		<phrase i="388" t="Serwer niedost."/>
		<phrase i="389" t="Kolejn. zegara"/>
		<phrase i="390" t="Data nad godz."/>
		<phrase i="391" t="Godz. nad datą"/>
		<phrase i="392" t="Data przed godz."/>
		<phrase i="393" t="Godz. przed datą"/>
		<phrase i="394" t="Katakana"/>
		<phrase i="395" t="Tony przebiegu poł."/>
		<phrase i="396" t="Zajęty"/>
		<phrase i="397" t="We/wyj." t.IP_330="We/Wy"/>
		<phrase i="398" t="Agent dost." t.IP_330="Dost."/>
		<phrase i="399" t="Zmień"/>
		<phrase i="400" t="1-&gt;Aa"/>
		<phrase i="401" t="A-&gt;a1"/>
		<phrase i="402" t="a-&gt;1A"/>
		<phrase i="403" t="Nazwa wyśw." t.IP_330="Nazwa wyśw."/>
		<phrase i="404" t="Linie"/>
		<phrase i="405" t="Opis"/>
		<phrase i="406" t="Start rejestr. klaw."/>
		<phrase i="407" t="Łączenie z URL jest wyłączone" t.IP_330="Połączenie z URL jest wyłączone"/>
		<phrase i="408" t="Podnieś słuchawke"/>
		<phrase i="409" t="Tryb słuchania"/>
		<phrase i="410" t="Parkuj"/>
		<phrase i="411" t="Wyszukaj" t.VVX_1500="Pobierz"/>
		<phrase i="412" t="Grupa"/>
		<phrase i="413" t="Skierowano" t.VVX_1500="Skierowano"/>
		<phrase i="414" t="Strona główna"/>
		<phrase i="415" t="Odśwież"/>
		<phrase i="416" t="Do ost. poł."/>
		<phrase i="417" t="LCR"/>
		<phrase i="418" t="Funkcje"/>
		<phrase i="419" t="Ukryty"/>
		<phrase i="420" t="Zestaw słuch."/>
		<phrase i="421" t="Dost. agenta ACD"/>
		<phrase i="422" t="Zaloguj/wyl. ACD"/>
		<phrase i="423" t="Zaloguj"/>
		<phrase i="424" t="Wyloguj"/>
		<phrase i="425" t="Dostępny"/>
		<phrase i="426" t="Niedostępny"/>
		<phrase i="427" t="ID użytkow."/>
		<phrase i="428" t="Hasło"/>
		<phrase i="429" t="Odbieranie"/>
		<phrase i="430" t="Ukryte przek. do"/>
		<phrase i="431" t="Dost." t.VVX_1500="Dostępny"/>
		<phrase i="432" t="Niedost." t.VVX_1500="Niedostępny"/>
		<phrase i="433" t="Konfiguracja SIP"/>
		<phrase i="434" t="Adres"/>
		<phrase i="435" t="Typ linii"/>
		<phrase i="436" t="Nazwa 3 osoby"/>
		<phrase i="437" t="Prywatne"/>
		<phrase i="438" t="Wspólne"/>
		<phrase i="439" t="Port"/>
		<phrase i="440" t="Transport"/>
		<phrase i="441" t="Zarejestruj"/>
		<phrase i="442" t="Wych. proxy" t.VVX_1500="Wych. proxy SIP"/>
		<phrase i="443" t="Port wych." t.VVX_1500="Port wych. SIP"/>
		<phrase i="444" t="Wstrz. RFC2543" t.IP_330="RFC2543Hold"/>
		<phrase i="445" t="Tak"/>
		<phrase i="446" t="Nie"/>
		<phrase i="447" t="Tylko UDP"/>
		<phrase i="448" t="Pref. TCP"/>
		<phrase i="449" t="NAPTR"/>
		<phrase i="450" t="ID uż. uwierz." t.VVX_1500="ID użytkownika uwierzytelniania"/>
		<phrase i="451" t="Hasło uwierzyt." t.VVX_1500="Hasło uwierzytelniania"/>
		<phrase i="452" t="Restart telef."/>
		<phrase i="453" t="Czy na pewno?"/>
		<phrase i="454" t="Wykrywanie VLAN" t.IP_330="Wykr. VLAN"/>
		<phrase i="455" t="Ustalony"/>
		<phrase i="456" t="Opcje id. VLAN" t.VVX_1500="Opcja identyfikatora VLAN"/>
		<phrase i="457" t="Wybierz"/>
		<phrase i="458" t="Reset lok. klucz zabezp."/>
		<phrase i="459" t="Wybierz wiadom."/>
		<phrase i="460" t="HTTP"/>
		<phrase i="461" t="HTTPS"/>
		<phrase i="462" t="FTPS"/>
		<phrase i="463" t="Instaluj wł. cert. CA" t.VVX_1500="Instaluj własny certyfikat CA"/>
		<phrase i="464" t="Pobierz własny cert. CA" t.VVX_1500="Download Custom CA Certificate"/>
		<phrase i="465" t="Akceptuj"/>
		<phrase i="466" t="Konf. certyfik. CA" t.VVX_1500="Konfiguruj certyfikaty CA"/>
		<phrase i="467" t="Id. MD5"/>
		<phrase i="468" t="Certyfikat własny"/>
		<phrase i="469" t="Lista cert. dom." t.VVX_1500="Lista certyfikatów domyślnych"/>
		<phrase i="470" t="Wszystkie cert."/>
		<phrase i="471" t="Metoda autokon." t.VVX_1500="Metoda autokonfiguracji"/>
		<phrase i="472" t="Ciąg autokonf." t.VVX_1500="Ciąg autokonfiguracji"/>
		<phrase i="473" t="Domyślny"/>
		<phrase i="474" t="SAS-VP"/>
		<phrase i="475" t="Pob. nieudane"/>
		<phrase i="476" t="Serwer"/>
		<phrase i="477" t="Aplikacja"/>
		<phrase i="478" t="Stat. pakietów"/>
		<phrase i="479" t="Pref. regionalne"/>
		<phrase i="480" t="Ustaw. użytkow."/>
		<phrase i="481" t="Ustaw. admina" t.VVX_1500="Ustawienia administracyjne"/>
		<phrase i="482" t="Format sys. plików"/>
		<phrase i="483" t="Parametry TCP/IP"/>
		<phrase i="484" t="Platforma"/>
		<phrase i="485" t="Sieć"/>
		<phrase i="486" t="Telefon"/>
		<phrase i="487" t="Główna"/>
		<phrase i="488" t="Składniki"/>
		<phrase i="489" t="Prawa autorskie"/>
		<phrase i="490" t="Konfiguracja"/>
		<phrase i="491" t="Ethernet"/>
		<phrase i="492" t="Podstawowe"/>
		<phrase i="493" t="Zaawansowane"/>
		<phrase i="494" t="Preferencje"/>
		<phrase i="495" t="Efekty dźw."/>
		<phrase i="496" t="Zabezp. SSL"/>
		<phrase i="497" t="Przywróć fabr."/>
		<phrase i="498" t="Reset lok. konfigurację" t.IP_330="Resetuj lok. konf." t.VVX_1500="Resetuj lokalną konfigurację"/>
		<phrase i="499" t="Reset ustaw. urz." t.IP_330="Resetuj ustaw. urz."/>
		<phrase i="500" t="Wszystkie"/>
		<phrase i="501" t="Testuj sprzęt"/>
		<phrase i="502" t="Wykresy"/>
		<phrase i="503" t="Certyfikaty CA"/>
		<phrase i="504" t="Godzina i data"/>
		<phrase i="505" t="TFTP"/>
		<phrase i="506" t="Nieprawidłowy"/>
		<phrase i="507" t="Poł. na kl. linii" t.IP_330="Poł/kl. linii"/>
		<phrase i="508" t="Lb. klaw. linii" t.IP_330="Lb. kl. linii"/>
		<phrase i="509" t="Sł. szerokopas."/>
		<phrase i="510" t="TLS"/>
		<phrase i="511" t="Dodaj znajomego"/>
		<phrase i="512" t="Próby tr. pliku"/>
		<phrase i="513" t="Ponów oczekiw."/>
		<phrase i="514" t="Zezwól"/>
		<phrase i="515" t="Prywatność"/>
		<phrase i="516" t="Lista prywatn."/>
		<phrase i="517" t="Prywat. znajom."/>
		<phrase i="518" t="Dodaj prywat."/>
		<phrase i="519" t="Edytuj prywat."/>
		<phrase i="520" t="Dostęp"/>
		<phrase i="521" t="Moc EM"/>
		<phrase i="522" t="Zapisano certyfikat."/>
		<phrase i="523" t="Zapisanie certyfikatu nie powiodło się."/>
		<phrase i="524" t="Przetw. żądania"/>
		<phrase i="525" t="&gt;&gt;"/>
		<phrase i="526" t="Tryb CLink"/>
		<phrase i="527" t="Klient"/>
		<phrase i="528" t="Menu Ethernet"/>
		<phrase i="529" t="Tryb portu LAN"/>
		<phrase i="530" t="Tryb portu PC"/>
		<phrase i="531" t="Auto"/>
		<phrase i="532" t="10HD"/>
		<phrase i="533" t="10FD"/>
		<phrase i="534" t="100HD"/>
		<phrase i="535" t="100FD"/>
		<phrase i="536" t="Wideo"/>
		<phrase i="537" t="Telefon"/>
		<phrase i="538" t="Tryb nat. poł."/>
		<phrase i="539" t="Dodaj wideo"/>
		<phrase i="540" t="Wybierz"/>
		<phrase i="541" t="Natęż. podśw."/>
		<phrase i="542" t="Wył."/>
		<phrase i="543" t="Niska"/>
		<phrase i="544" t="Średnia"/>
		<phrase i="545" t="Wysoka"/>
		<phrase i="546" t="Poł. na linię?"/>
		<phrase i="547" t="Gł. głośnika"/>
		<phrase i="548" t="Gł. dzwonka"/>
		<phrase i="549" t="Zarządzaj"/>
		<phrase i="550" t="Zarządz. konf."/>
		<phrase i="551" t="Wycisz"/>
		<phrase i="552" t="Cofnij wycisz."/>
		<phrase i="553" t="Usuń"/>
		<phrase i="554" t="Przepływ mediów"/>
		<phrase i="555" t="Info o uczestn."/>
		<phrase i="556" t="Natęż. wł. podśw."/>
		<phrase i="557" t="Natęż podś. bezczynności"/>
		<phrase i="558" t="Tryb 2.5 mm"/>
		<phrase i="559" t="Dowolny (dom.)"/>
		<phrase i="560" t="Tel. komórkowy"/>
		<phrase i="561" t="PC Data Link"/>
		<phrase i="562" t="Poł. wideo"/>
		<phrase i="563" t="Poł. telef."/>
		<phrase i="564" t="Tylko SIP"/>
		<phrase i="565" t="Tylko POTS"/>
		<phrase i="566" t="Auto (pref. poł. HDX)" t.VVX_1500="Automatycznie (preferencje poł. HDX)"/>
		<phrase i="567" t="Kol typ. pol."/>
		<phrase i="568" t="Zawartość"/>
		<phrase i="569" t="Dzwoniący"/>
		<phrase i="570" t="Kierunek"/>
		<phrase i="571" t="Ignoruj"/>
		<phrase i="572" t="Poł. od:"/>
		<phrase i="573" t="Głośność"/>
		<phrase i="574" t="Dzwonek"/>
		<phrase i="575" t="Zestaw głośnom."/>
		<phrase i="576" t="Normalny"/>
		<phrase i="577" t="&lt;Nowy wpis&gt;"/>
		<phrase i="578" t="Zapisz sp. tel."/>
		<phrase i="579" t="Potwierdzenie"/>
		<phrase i="580" t="Usługa niedostępna" t.IP_330="Usługa niedost.:"/>
		<phrase i="581" t="Nie przeszkadz." t.VVX_1500="Nie przeszkadzać"/>
		<phrase i="582" t="Łączę z"/>
		<phrase i="583" t="Poł. przych:"/>
		<phrase i="584" t="Stan DSP"/>
		<phrase i="585" t="Jednostka 0"/>
		<phrase i="586" t="Jednostka 1"/>
		<phrase i="587" t="Jednostka 2"/>
		<phrase i="588" t="Wiadom." t.VVX_1500="Wiadomości"/>
		<phrase i="589" t="Dodaj telefon"/>
		<phrase i="590" t="Wpisz więcej cyfr"/>
		<phrase i="591" t="Adres niekompletny"/>
		<phrase i="592" t="Status serwera"/>
		<phrase i="593" t="Rejestrowanie"/>
		<phrase i="594" t="Wyrejestrowanie"/>
		<phrase i="595" t="Nigdy nie rej."/>
		<phrase i="596" t="Usuń wpis"/>
		<phrase i="597" t="Konferencja w innym"/>
		<phrase i="598" t="Poł. wid. czy audio?"/>
		<phrase i="599" t="Brak wpisu"/>
		<phrase i="600" t="Według nazwisk"/>
		<phrase i="601" t="Według imion"/>
		<phrase i="602" t="Sieć"/>
		<phrase i="603" t="Poł. dial-up"/>
		<phrase i="604" t="Kablowe/DSL"/>
		<phrase i="605" t="LAN"/>
		<phrase i="606" t="Trwa konferencja."/>
		<phrase i="607" t="Niemożliwe"/>
		<phrase i="608" t="Menu rej. sys."/>
		<phrase i="609" t="Zgodność"/>
		<phrase i="610" t="Poziom wyk." t.IP_330="Poziom wyk."/>
		<phrase i="611" t="UDP"/>
		<phrase i="612" t="TCP"/>
		<phrase i="613" t="Brak"/>
		<phrase i="614" t="Podaj hasło"/>
		<phrase i="615" t="EQ wys. tonów"/>
		<phrase i="616" t="EQ basów"/>
		<phrase i="617" t="Dod. we. audio"/>
		<phrase i="618" t="Dod. wyj. audio"/>
		<phrase i="619" t="Auto. kontrol. wzmoc."/>
		<phrase i="620" t="Tłumienie szumów"/>
		<phrase i="621" t="URL"/>
		<phrase i="622" t="Tylko wyślij"/>
		<phrase i="623" t="Wyślij i odb."/>
		<phrase i="624" t="Tylko odbierz"/>
		<phrase i="625" t="Nieaktywny"/>
		<phrase i="626" t="Tylko TCP"/>
		<phrase i="627" t="Mikr. bezprzew."/>
		<phrase i="628" t="Inne wejście"/>
		<phrase i="629" t="Wyj. nagrywania"/>
		<phrase i="630" t="Głośnik zewn."/>
		<phrase i="631" t="Bas i sopran"/>
		<phrase i="632" t="Dodatk. audio"/>
		<phrase i="633" t="Przetw. lokalne"/>
		<phrase i="634" t="Audio"/>
		<phrase i="635" t="Wybór przetw. lok."/>
		<phrase i="636" t="Mikrofon"/>
		<phrase i="637" t="Głośnik"/>
		<phrase i="638" t="Konferencja"/>
		<phrase i="639" t="Poprzedź MAC" t.IP_330="Poprz. MAC"/>
		<phrase i="640" t="Gł. zestawu gł."/>
		<phrase i="641" t="Gł. zest. słuch."/>
		<phrase i="642" t="Głośność słuch."/>
		<phrase i="643" t="Podejm. poł."/>
		<phrase i="644" t="Podejm. skier."/>
		<phrase i="645" t="Podejm. grupowe"/>
		<phrase i="646" t="Dowolny klawisz zak. test"/>
		<phrase i="647" t="Test przerwany"/>
		<phrase i="648" t="s.n. UA" t.IP_330="Wstaw n.ser."/>
		<phrase i="649" t="1000HD"/>
		<phrase i="650" t="1000FD"/>
		<phrase i="651" t="Diagn. sieci"/>
		<phrase i="652" t="Diagn. portu LAN"/>
		<phrase i="653" t="Diagn. portu PC"/>
		<phrase i="654" t="Diagn. Gigabit Eth."/>
		<phrase i="655" t="Tryb normalny"/>
		<phrase i="656" t="Tr. kształt fali"/>
		<phrase i="657" t="Nadrz. Jitter Tx"/>
		<phrase i="658" t="Podrz Jitter Tx"/>
		<phrase i="659" t="Transm. zniekszt."/>
		<phrase i="660" t="Wskaźnik wł. mikr."/>
		<phrase i="661" t="Audio komórk. wył."/>
		<phrase i="662" t="Audio komórk. wł."/>
		<phrase i="663" t="Poł. audio"/>
		<phrase i="664" t="Poł. wideo"/>
		<phrase i="665" t="Poł. audio/wideo"/>
		<phrase i="666" t="Wszystkie poł."/>
		<phrase i="667" t="Wybierz typ przekaz." t.IP_330="Przekaż"/>
		<phrase i="668" t="Zawsze"/>
		<phrase i="669" t="Brak odpowiedzi"/>
		<phrase i="670" t="Przek. po dzwonkach"/>
		<phrase i="671" t="Przek. przy braku odp." t.IP_330="Brak odp."/>
		<phrase i="672" t="Przek. przy zaj." t.IP_330="Zajęty"/>
		<phrase i="673" t="Przek. wsz. poł." t.IP_330="Zawsze"/>
		<phrase i="674" t="Filtrow. VLAN"/>
		<phrase i="675" t="Filtrow. zakł."/>
		<phrase i="676" t="Zaw. sieci SIP"/>
		<phrase i="677" t="Pasywny"/>
		<phrase i="678" t="Błąd łączenia szereg:"/>
		<phrase i="679" t="Wiele kabli Ethernet"/>
		<phrase i="680" t="Podłącz tylko 1 kabel Eth."/>
		<phrase i="681" t="Konflikt wersji"/>
		<phrase i="682" t="Kontakt z adminem systemu."/>
		<phrase i="683" t="Pokaż kontakt"/>
		<phrase i="684" t="Wyświetl"/>
		<phrase i="685" t="Maks. intensywn."/>
		<phrase i="686" t="Test. automatyzacji"/>
		<phrase i="687" t="Test aut. - wpis klucza" t.IP_330="Test aut. - wpis kl."/>
		<phrase i="688" t="Test automat. włączony"/>
		<phrase i="689" t="Test automat. wyłączony"/>
		<phrase i="690" t="Urz. USB podłączone"/>
		<phrase i="691" t="Urz. USB usunięte"/>
		<phrase i="692" t="Urządzenie USB"/>
		<phrase i="693" t="Przejrzyj pliki"/>
		<phrase i="694" t="Opcje urz. USB"/>
		<phrase i="695" t="Łącznie"/>
		<phrase i="696" t="Zajęte"/>
		<phrase i="697" t="Wolne"/>
		<phrase i="698" t="Brak urz. USB"/>
		<phrase i="699" t="Brak aktywnych poł."/>
		<phrase i="700" t="Odtwórz ost. nagranie"/>
		<phrase i="701" t="Uruchom"/>
		<phrase i="702" t="Pauza"/>
		<phrase i="703" t="Zmień nazwę"/>
		<phrase i="704" t="Usunięte"/>
		<phrase i="705" t="Info o pliku" t.VVX_1500="Informacje o pliku"/>
		<phrase i="706" t="Nie znaleziono żadnych plików wav."/>
		<phrase i="707" t="Nazwa pliku USB"/>
		<phrase i="708" t="Zm. nazwę pliku"/>
		<phrase i="709" t="Nazwa nie może być pusta"/>
		<phrase i="710" t="Plik już istnieje"/>
		<phrase i="711" t="Zapisz jako"/>
		<phrase i="712" t="Znaki specj. są niedozwolone"/>
		<phrase i="713" t="Nie można uruch. nagryw."/>
		<phrase i="714" t="Zasób niedostępny."/>
		<phrase i="715" t="Powtórz"/>
		<phrase i="716" t="Nośnik zapełniony."/>
		<phrase i="717" t="Nagryw. anulowane."/>
		<phrase i="718" t="Nagr. zatrzymane."/>
		<phrase i="719" t="Wyc. po 2 str."/>
		<phrase i="720" t="Otwórz"/>
		<phrase i="721" t="Nośnik usunięto niebezp."/>
		<phrase i="722" t="Pauza"/>
		<phrase i="723" t="Zakończono"/>
		<phrase i="724" t="*R*" t.VVX_1500="R"/>
		<phrase i="725" t="*P*" t.VVX_1500="P"/>
		<phrase i="726" t="h"/>
		<phrase i="727" t="min"/>
		<phrase i="728" t="s"/>
		<phrase i="729" t="Pełny"/>
		<phrase i="730" t="Firmowy spis tel." t.IP_330="Firmowy spis tel."/>
		<phrase i="731" t="Firmowy spis tel."/>
		<phrase i="732" t="Serwer katalogowy niezainicjowany"/>
		<phrase i="733" t="Stan firmowego spisu tel." t.IP_330="Stan spisu tel."/>
		<phrase i="734" t="Zach. wyszuk."/>
		<phrase i="735" t="Tryb głośnom. wył." t.IP_330="Zestaw głośn. wył."/>
		<phrase i="736" t="Ustawienia tel."/>
		<phrase i="737" t="Tryb głośnom."/>
		<phrase i="738" t="Podłączono nieobsł. urządz. USB"/>
		<phrase i="739" t="Usunięto nieobsł. urządz. USB"/>
		<phrase i="740" t="Podł. zestaw sł."/>
		<phrase i="741" t="Us. zestaw sł."/>
		<phrase i="742" t="Zestaw słuch."/>
		<phrase i="743" t="Ust. zestawu sł."/>
		<phrase i="744" t="Tr. anal. zest. sł."/>
		<phrase i="745" t="Anal. zest. sł."/>
		<phrase i="746" t="Tryb zwykły"/>
		<phrase i="747" t="Tryb JABRA"/>
		<phrase i="748" t="Nieobsługiwany format .wav"/>
		<phrase i="749" t="Wtrąć się" t.IP_330="Wtrąć się"/>
		<phrase i="750" t="Trwa nagrywanie"/>
		<phrase i="751" t="Akcja przerwana"/>
		<phrase i="752" t="Filtrowany" t.IP_330="Filt"/>
		<phrase i="753" t="Odtw. anulowane"/>
		<phrase i="754" t="Plik w użyciu"/>
		<phrase i="755" t="Tapeta"/>
		<phrase i="756" t="Podgląd"/>
		<phrase i="757" t="Tapeta domyślna 1"/>
		<phrase i="758" t="Urz. niegotowe. Ponów probę"/>
		<phrase i="759" t="Tapeta domyślna 2"/>
		<phrase i="760" t="Tapeta domyślna 3"/>
		<phrase i="761" t="Tapeta domyślna 4"/>
		<phrase i="762" t="Brak pliku" t.VVX_1500="Wybrany obraz tła niedostępny."/>
		<phrase i="763" t="Rozjaśnij"/>
		<phrase i="764" t="Przyciemnij"/>
		<phrase i="765" t="Operacja niedozwolona"/>
		<phrase i="766" t="Trwa usuwanie"/>
		<phrase i="767" t="Za mało pamięci, aby kontyn."/>
		<phrase i="768" t="Dostępny czas nagrywania"/>
		<phrase i="769" t="ID urządzenia"/>
		<phrase i="770" t="Serwer katalogowy nie odpowiada" t.IP_330="Serw. kat. nie odp."/>
		<phrase i="771" t="Wyszukiwanie..."/>
		<phrase i="772" t="Kolor etykiety"/>
		<phrase i="773" t="Etykieta"/>
		<phrase i="774" t="Resetuj"/>
		<phrase i="775" t="Cofnij"/>
		<phrase i="776" t="Brak wpisów." t.IP_330="Brak wpisów"/>
		<phrase i="777" t="Weryfik. urz. USB." t.IP_330="Weryf.urz.USB"/>
		<phrase i="778" t="Odczekaj jedną minutę..."/>
		<phrase i="779" t="Nie można zapis. koloru."/>
		<phrase i="780" t="Tekst może być nieczyt."/>
		<phrase i="781" t="Pon. uruch. tel."/>
		<phrase i="782" t="Pon. uruch. tel"/>
		<phrase i="783" t="Tapeta domyślna 5"/>
		<phrase i="784" t="Indeks sz. wyb. nieprawidł." t.IP_330="Niepraw. indeks sz. wyb."/>
		<phrase i="785" t="Uruchom wideo"/>
		<phrase i="786" t="Zatrzymaj wideo"/>
		<phrase i="787" t="Pełny ekran"/>
		<phrase i="788" t="Podgląd"/>
		<phrase i="789" t="Pobierz"/>
		<phrase i="790" t="Głośniej"/>
		<phrase i="791" t="Ciszej"/>
		<phrase i="792" t="Wymagany kontakt." t.VVX_1500="Wymagana dana kontaktu."/>
		<phrase i="793" t="Zdupl. dana kontaktu." t.VVX_1500="Dana kontaktu już istnieje."/>
		<phrase i="794" t="Wpisz nazwę"/>
		<phrase i="795" t="Wymiana"/>
		<phrase i="796" t="Tryb Plantronics"/>
		<phrase i="797" t="Zdupl. wpis sz. wyb." t.VVX_1500="Indeks szybkiego wybierania już istnieje."/>
		<phrase i="798" t="Kamera lokalna"/>
		<phrase i="799" t="Poł. asystenta"/>
		<phrase i="800" t="Ramka do zdjęć"/>
		<phrase i="801" t="Ustaw. kamery"/>
		<phrase i="802" t="ABC"/>
		<phrase i="803" t="123"/>
		<phrase i="804" t="(ABC) Wpisz numer"/>
		<phrase i="805" t="(123) Wpisz numer"/>
		<phrase i="806" t="Niepr. konfig." t.VVX_1500="Nieprawidłowa konfiguracja"/>
		<phrase i="807" t="Błąd logowania"/>
		<phrase i="808" t="Trwa transfer"/>
		<phrase i="809" t="Docel. lb. klatek"/>
		<phrase i="810" t="Poziom jasności"/>
		<phrase i="811" t="Poziom nasycenia"/>
		<phrase i="812" t="Poz. kontrastu"/>
		<phrase i="813" t="Poziom ostrości"/>
		<phrase i="814" t="Elim. migotania"/>
		<phrase i="815" t="Menu"/>
		<phrase i="816" t="Ustaw. wideo"/>
		<phrase i="817" t="Autostart tr. wideo"/>
		<phrase i="818" t="Tryb ekranu wideo (okno)"/>
		<phrase i="819" t="Główny"/>
		<phrase i="820" t="Podrzędny"/>
		<phrase i="821" t="100BT - zegar LAN"/>
		<phrase i="822" t="100BT - zegar PC"/>
		<phrase i="823" t="Typ połączenia"/>
		<phrase i="824" t="Audio"/>
		<phrase i="825" t="Wideo"/>
		<phrase i="826" t="Telefon konf. SIP"/>
		<phrase i="827" t="Preferencje HDX"/>
		<phrase i="828" t="Typ poł. głos."/>
		<phrase i="829" t="Redukcja echa"/>
		<phrase i="830" t="Tryb redukcji echa"/>
		<phrase i="831" t="Przejdź do"/>
		<phrase i="832" t="Tryb ekranu wideo (pełny ekran)"/>
		<phrase i="833" t="Ramka do zdjęć"/>
		<phrase i="834" t="Wygasz. ekranu"/>
		<phrase i="835" t="Folder"/>
		<phrase i="836" t="Czas na jeden obraz"/>
		<phrase i="837" t="Czas oczekiw."/>
		<phrase i="838" t="Typ wygaszacza"/>
		<phrase i="839" t="Nie znalez. zdjęć"/>
		<phrase i="840" t="Zmieniono obraz tła."/>
		<phrase i="841" t="Wys./odb. wideo"/>
		<phrase i="842" t="Wys./odb. audio"/>
		<phrase i="843" t="Kodek multim."/>
		<phrase i="844" t="Format odb./wys. wideo"/>
		<phrase i="845" t="Odb./wys. klatek na s"/>
		<phrase i="846" t="Szybk. odb./wys. wideo (Kb/s)"/>
		<phrase i="847" t="Wys./odb. żądań aktual. wideo"/>
		<phrase i="848" t="Pakiety multim."/>
		<phrase i="849" t="Podł. hub USB."/>
		<phrase i="850" t="Odł. hub USB."/>
		<phrase i="851" t="Podł. mysz USB."/>
		<phrase i="852" t="Odł. mysz USB."/>
		<phrase i="853" t="Podł. klawiaturę USB."/>
		<phrase i="854" t="Odł. klawiaturę USB."/>
		<phrase i="855" t="Obsługuje wideo"/>
		<phrase i="856" t="Aktywne wideo"/>
		<phrase i="857" t="Inform. o wideo"/>
		<phrase i="858" t="Inform. o audio"/>
		<phrase i="859" t="Ekran czysty"/>
		<phrase i="860" t="Ekran dotykowy jest wył."/>
		<phrase i="861" t="Zakończ dow. klawiszem"/>
		<phrase i="862" t="Plik lokalny"/>
		<phrase i="863" t="Moduł uruch. aplikacji"/>
		<phrase i="864" t="Kodek wys audio"/>
		<phrase i="865" t="Kodek odb audio"/>
		<phrase i="866" t="Kodek wys wideo"/>
		<phrase i="867" t="Kodek odb wideo"/>
		<phrase i="868" t="Pusty ekran"/>
		<phrase i="869" t="Autom. wideo pełnoekr."/>
		<phrase i="870" t="Wybierz wideo"/>
		<phrase i="871" t="Sz.konf" t.VVX_1500="Szybka konfiguracja"/>
		<phrase i="872" t="Szybka konfig."/>
		<phrase i="873" t="Nieobsługiwany format pliku tła."/>
		<phrase i="874" t="Usuń telefon z sieci"/>
		<phrase i="875" t="przed uruch. diagnostyki Ethernetu."/>
		<phrase i="876" t="[0-4], aby zrobić testy sieci."/>
		<phrase i="877" t="Tryb: normalny"/>
		<phrase i="878" t="Nieobsług. tryb."/>
		<phrase i="879" t="Wyjście pomocn. aktywne."/>
		<phrase i="880" t="Wyjście pomocn. nieaktyw."/>
		<phrase i="881" t="ACD"/>
		<phrase i="882" t="Zaloguj"/>
		<phrase i="883" t="Wyloguj"/>
		<phrase i="884" t="ZalogAgenta" t.IP_330="ZalAg"/>
		<phrase i="885" t="WylogAgenta" t.IP_330="WylAg"/>
		<phrase i="886" t="Logowanie/wyl. ACD"/>
		<phrase i="887" t="Stan agenta ACD"/>
		<phrase i="888" t="Początk. stan ACD"/>
		<phrase i="889" t="Zalog. agenta"/>
		<phrase i="890" t="Wylog. agenta"/>
		<phrase i="891" t="Dokańczanie"/>
		<phrase i="892" t="Stan agenta"/>
		<phrase i="893" t="Brak skonf. serwera."/>
		<phrase i="894" t="Jitter pakietó (ms)"/>
		<phrase i="895" t="Jitter maks. (ms)"/>
		<phrase i="896" t="Numer wewn. HDX"/>
		<phrase i="897" t="Wpisz nr wewn. HDX:"/>
		<phrase i="898" t="50 Hz"/>
		<phrase i="899" t="60 Hz"/>
		<phrase i="900" t="Wybierz środowisko"/>
		<phrase i="901" t="Ustaw. poł. wideo"/>
		<phrase i="902" t="Tryb ekranu wideo"/>
		<phrase i="903" t="Widok z kam. lok."/>
		<phrase i="904" t="Widok z kam. lok. (norm.)"/>
		<phrase i="905" t="Widok z kam. lok. (pełny ekran)"/>
		<phrase i="906" t="Tryb widoku z kam. lok. (pełny ekr.)"/>
		<phrase i="907" t="Przytnij"/>
		<phrase i="908" t="Równolegle"/>
		<phrase i="909" t="Wideo aktywne tylko\ndla jednej strony naraz."/>
		<phrase i="910" t="Oszcz. energii"/>
		<phrase i="911" t="Limity czasu"/>
		<phrase i="912" t="Godziny pracy"/>
		<phrase i="913" t="Wykrycie użytk."/>
		<phrase i="914" t="Godzina rozp."/>
		<phrase i="915" t="Limit bezcz. w g. pracy"/>
		<phrase i="916" t="Limit bezcz. po pracy"/>
		<phrase i="917" t="Lim. ocz. na akcję uż."/>
		<phrase i="918" t="Czułość w godz. pracy"/>
		<phrase i="919" t="Czułość po g. pracy"/>
		<phrase i="920" t="Tryb po pracy"/>
		<phrase i="921" t="Wpisz więcej znaków..." t.IP_330="Wp. więc. znaków..." t.VVX_1500="Zbyt wiele wyników. Wpisz więcej znaków."/>
		<phrase i="922" t="ZaawZnajd"/>
		<phrase i="923" t="Zaawan. znajd."/>
		<phrase i="924" t="Zakończyć całą konferencję?"/>
		<phrase i="925" t=""/>
		<phrase i="926" t=""/>
		<phrase i="927" t=""/>
		<phrase i="928" t=""/>
		<phrase i="929" t=""/>
		<phrase i="930" t=""/>
		<phrase i="931" t=""/>
		<phrase i="932" t=""/>
		<phrase i="933" t=""/>
		<phrase i="934" t=""/>
		<phrase i="935" t=""/>
		<phrase i="936" t=""/>
		<phrase i="937" t=""/>
		<phrase i="938" t="Speakerphone"/>
		<phrase i="939" t=""/>
		<phrase i="940" t=""/>
		<phrase i="941" t=""/>
		<phrase i="942" t=""/>
		<phrase i="943" t=""/>
		<phrase i="944" t=""/>
		<phrase i="945" t=""/>
		<phrase i="946" t=""/>
		<phrase i="947" t=""/>
		<phrase i="948" t=""/>
		<phrase i="949" t=""/>
		<phrase i="950" t=""/>
		<phrase i="951" t=""/>
		<phrase i="952" t=""/>
		<phrase i="953" t=""/>
		<phrase i="954" t=""/>
		<phrase i="955" t=""/>
		<phrase i="956" t=""/>
		<phrase i="957" t=""/>
		<phrase i="958" t=""/>
		<phrase i="959" t="Priorytet ma tło"/>
		<phrase i="960" t="Wybierz tło"/>
		<phrase i="961" t="Tło"/>
		<phrase i="962" t="Konfiguracja linii"/>
		<phrase i="963" t="Konfiguracja serwera SIP" t.VVX_1500="Konfiguracja serwera poł."/>
		<phrase i="964" t="OAI Alert"/>
		<phrase i="965" t="OAI Call"/>
		<phrase i="966" t="LLDP"/>
		<phrase i="967" t="Inf. o lokaliz."/>
		<phrase i="968" t="Zrzut ekranu"/>
		<phrase i="969" t="SK1"/>
		<phrase i="970" t="SK2"/>
		<phrase i="971" t="SK3"/>
		<phrase i="972" t="SK4"/>
		<phrase i="973" t="USB: pozostało %s."/>
		<phrase i="974" t="Zainstal."/>
		<phrase i="975" t="Nie zainstal."/>
		<phrase i="976" t="Nieprawidłowy"/>
		<phrase i="977" t="Koniecz. log. do ACD."/>
		<phrase i="978" t="Szybkość poł."/>
		<phrase i="979" t="Wyb. szybk. poł."/>
		<phrase i="980" t="Szybkość wys./odb. poł. (kb/s)"/>
		<phrase i="981" t="USB: zapełniona."/>
		<phrase i="982" t="Konfiguracja protokołu"/>
		<phrase i="983" t="Wyb. protokół"/>
		<phrase i="984" t="Typ protokołu"/>
		<phrase i="985" t="SIP"/>
		<phrase i="986" t="H.323"/>
		<phrase i="987" t="SIP + H.323"/>
		<phrase i="988" t="Autowykrywanie gatekeepera"/>
		<phrase i="989" t="Id. użytkownika"/>
		<phrase i="990" t="Klawisze linii"/>
		<phrase i="991" t="Serwer poł."/>
		<phrase i="992" t="Pusta lista serw. poł."/>
		<phrase i="993" t="Wyjście dzwonka"/>
		<phrase i="994" t="Nagrywanie"/>
		<phrase i="995" t="Nagrywanie wstrzymane"/>
		<phrase i="996" t="Licencje"/>
		<phrase i="997" t="Brak zainst. licencji"/>
		<phrase i="998" t="Diffie-Hellman Secret Key"/>
		<phrase i="999" t="nieobsług. łącze"/>
		<phrase i="1000" t="SSH"/>
		<phrase i="1001" t="Połączenie SSH"/>
		<phrase i="1002" t="Stan SSH"/>
		<phrase i="1003" t="Port bramy"/>
		<phrase i="1004" t="Połączono"/>
		<phrase i="1005" t="Kod błędu"/>
		<phrase i="1006" t="Użyj protokołu H.323"/>
		<phrase i="1007" t="Użyj protokołu SIP"/>
		<phrase i="1008" t="Użyj automatycznie"/>
		<phrase i="1009" t="(Trasowanie protokołu SIP)"/>
		<phrase i="1010" t="(Trasowanie protokołu H.323)"/>
		<phrase i="1011" t="(trasowanie automatyczne)"/>
		<phrase i="1012" t="Wybierz użycie SIP lub H.323"/>
		<phrase i="1013" t="Nie określono"/>
		<phrase i="1014" t="Aplikacje - Kontynuuj"/>
		<phrase i="1015" t="Aplikacje - Strona domowa"/>
		<phrase i="1016" t="Nagrywanie (zawieszone)"/>
		<phrase i="1017" t="Trasowanie protokołu"/>
		<phrase i="1018" t="Ręczne trasowanie protokołu"/>
		<phrase i="1019" t="Wybór klawiszem wyboru"/>
		<phrase i="1020" t="Preferowany protokół"/>
		<phrase i="1021" t="Automatyczne odbieranie"/>
		<phrase i="1022" t="Autom. odbieranie poł. SIP"/>
		<phrase i="1023" t="Autom. odbieranie poł. H.323"/>
		<phrase i="1024" t="Wyciszenie mikrofonu"/>
		<phrase i="1025" t="Wyciszenie wideo"/>
		<phrase i="1026" t="Preferowane autom. trasowanie"/>
		<phrase i="1027" t="Protokół"/>
		<phrase i="1028" t="Protokół SIP"/>
		<phrase i="1029" t="Protokół H.323"/>
		<phrase i="1030" t="Zezwól na współdzielenie z "/>
		<phrase i="1031" t="Słyszalny dzwonek"/>
		<phrase i="1032" t="Format opcji 60"/>
		<phrase i="1033" t="Binarny RFC3925"/>
		<phrase i="1034" t="Ciąg ASCII"/>
		<phrase i="1035" t=""/>
		<phrase i="1036" t=""/>
		<phrase i="1037" t=""/>
		<phrase i="1038" t=""/>
		<phrase i="1039" t=""/>
		<phrase i="1040" t=""/>
		<phrase i="1041" t=""/>
		<phrase i="1042" t=""/>
		<phrase i="1043" t=""/>
		<phrase i="1044" t=""/>
		<phrase i="1045" t=""/>
		<phrase i="1046" t=""/>
		<phrase i="1047" t=""/>
		<phrase i="1048" t=""/>
		<phrase i="1049" t=""/>
		<phrase i="1050" t=""/>
		<phrase i="1051" t=""/>
		<phrase i="1052" t=""/>
		<phrase i="1053" t=""/>
		<phrase i="1054" t=""/>
		<phrase i="1055" t=""/>
		<phrase i="1056" t=""/>
		<phrase i="1057" t=""/>
		<phrase i="1058" t=""/>
		<phrase i="1059" t=""/>
		<phrase i="1060" t=""/>
		<phrase i="1061" t=""/>
		<phrase i="1062" t=""/>
		<phrase i="1063" t=""/>
		<phrase i="1064" t=""/>
		<phrase i="1065" t=""/>
		<phrase i="1066" t=""/>
		<phrase i="1067" t=""/>
		<phrase i="1068" t=""/>
		<phrase i="1069" t=""/>
		<phrase i="1070" t=""/>
		<phrase i="1071" t=""/>
		<phrase i="1072" t=""/>
		<phrase i="1073" t=""/>
		<phrase i="1074" t=""/>
		<phrase i="1075" t=""/>
		<phrase i="1076" t=""/>
		<phrase i="1077" t=""/>
		<phrase i="1078" t=""/>
		<phrase i="1079" t=""/>
		<phrase i="1080" t=""/>
		<phrase i="1081" t=""/>
		<phrase i="1082" t=""/>
		<phrase i="1083" t=""/>
		<phrase i="1084" t=""/>
		<phrase i="1085" t=""/>
		<phrase i="1086" t=""/>
		<phrase i="1087" t=""/>
		<phrase i="1088" t=""/>
		<phrase i="1089" t=""/>
		<phrase i="1090" t=""/>
		<phrase i="1091" t=""/>
		<phrase i="1092" t=""/>
		<phrase i="1093" t=""/>
		<phrase i="1094" t=""/>
		<phrase i="1095" t=""/>
		<phrase i="1096" t=""/>
		<phrase i="1097" t=""/>
		<phrase i="1098" t=""/>
		<phrase i="1099" t=""/>
		<phrase i="1100" t=""/>
		<phrase i="1101" t=""/>
		<phrase i="1102" t=""/>
		<phrase i="1103" t=""/>
		<phrase i="1104" t=""/>
		<phrase i="1105" t=""/>
		<phrase i="1106" t=""/>
		<phrase i="1107" t=""/>
		<phrase i="1108" t=""/>
		<phrase i="1109" t=""/>
		<phrase i="1110" t=""/>
		<phrase i="1111" t=""/>
		<phrase i="1112" t=""/>
		<phrase i="1113" t=""/>
		<phrase i="1114" t=""/>
		<phrase i="1115" t=""/>
		<phrase i="1116" t=""/>
		<phrase i="1117" t="Zapisz i uruchom ponownie"/>
		<phrase i="1118" t=""/>
		<phrase i="1119" t="2.5 mm Mode"/>
		<phrase i="1120" t="Cell Phone"/>
		<phrase i="1121" t="PC Link"/>
		<phrase i="1122" t="Prompt"/>
		<phrase i="1123" t="Operational Mode"/>
		<phrase i="1124" t="PSTN"/>
		<phrase i="1125" t="Retained Message"/>
		<phrase i="1126" t=""/>
		<phrase i="1127" t="Diagnostyka ekranu dotykowego"/>
		<phrase i="1128" t="Naciśnij dowolny klawisz, aby zakończyć."/>
		<phrase i="1129" t="Dotknij ekran, aby przetestować."/>
		<phrase i="1130" t="Katalog CMA"/>
		<phrase i="1131" t="Grupy"/>
		<phrase i="1132" t="Dodaj kontakt"/>
		<phrase i="1133" t="Menu CMA"/>
		<phrase i="1134" t="Tryb CMA"/>
		<phrase i="1135" t="Serwer CMA"/>
		<phrase i="1136" t="Poświadczenia logowania"/>
		<phrase i="1137" t="Użytkownik"/>
		<phrase i="1138" t="Ważne do"/>
		<phrase i="1139" t="Ważność wygasłą"/>
		<phrase i="1140" t="Resetuj konfigurację internetową" t.IP_330="Reset Web Config."/>
		<phrase i="1141" t="TR-069 Enable"/>
		<phrase i="1142" t="TR-069 URL"/>
		<phrase i="1143" t="TR-069 SSL"/>
		<phrase i="1144" t="TR-069 Inform Interval"/>
		<phrase i="1145" t="TR-069 Username"/>
		<phrase i="1146" t="TR-069 Password"/>
		<phrase i="1147" t="Zablokuj telefon"/>
		<phrase i="1148" t="Zablokuj"/>
		<phrase i="1149" t="Odblokuj"/>
		<phrase i="1150" t="Telefon jest zablokowany."/>
		<phrase i="1151" t="Tylko zatwierdzone połączenia."/>
		<phrase i="1152" t="Nie przeszkadzać, gdy zablokowany"/>
		<phrase i="1153" t="Zezwalaj na dzwonek, gdy zablokowany"/>
		<phrase i="1154" t="Odblokować telefon?"/>
		<phrase i="1155" t="Odebrać połączenie?"/>
		<phrase i="1156" t="Wykonaj zatwierdzone połączenie"/>
		<phrase i="1157" t="Niezatwierdzony numer"/>
		<phrase i="1158" t="Numer telefonu"/>
		<phrase i="1159" t="Adres SIP"/>
		<phrase i="1160" t="Shutdown initiated"/>
		<phrase i="1161" t="On-hook Dialing"/>
		<phrase i="1162" t="Off-hook Dialing"/>
		<phrase i="1163" t="Tryb audio"/>
		<phrase i="1164" t="Country"/>
		<phrase i="1165" t="Kontakt nie obsługuje dostępności. Zapisać w lokalnym katalogu kontaktów?"/>
		<phrase i="1166" t="Flash Timing"/>
		<phrase i="1167" t="Caller ID"/>
		<phrase i="1168" t="80"/>
		<phrase i="1169" t="100"/>
		<phrase i="1170" t="300"/>
		<phrase i="1171" t="600"/>
		<phrase i="1172" t="Removed"/>
		<phrase i="1173" t="Dziennik poł."/>
		<phrase i="1174" t="Nie można odblokować telefonu."/>
		<phrase i="1175" t="PSTN Extension"/>
		<phrase i="1176" t="Enter PSTN Extension:"/>
		<phrase i="1177" t="Wyszukaj w"/>
		<phrase i="1178" t="Słuchawka/zestaw nagłowny"/>
		<phrase i="1179" t="Nie możesz dodać siebie do swojej listy znajomych."/>
		<phrase i="1180" t="Dismiss"/>
		<phrase i="1181" t="Snooze"/>
		<phrase i="1182" t="%s will start in %d %s at %s"/>
		<phrase i="1183" t="Calendar"/>
		<phrase i="1184" t="minutes"/>
		<phrase i="1185" t="seconds"/>
		<phrase i="1186" t="minute"/>
		<phrase i="1187" t="second"/>
		<phrase i="1188" t="Keypad Lock"/>
		<phrase i="1189" t="Keypad Unlock"/>
		<phrase i="1190" t="Keypad locked."/>
		<phrase i="1191" t="Lock the phone?"/>
		<phrase i="1192" t="Nie znaleziono żadnych grup."/>
		<phrase i="1193" t="Certyfikaty urządzeń"/>
		<phrase i="1194" t="Cert. Polycom" t.VVX_1500="Polycom Cert Configured"/>
		<phrase i="1195" t="Cert. załadowany" t.VVX_1500="Configured Cert Loaded"/>
		<phrase i="1196" t="Dostępny Polycom" t.VVX_1500="Device Cert Polycom Present"/>
		<phrase i="1197" t="Dostępny własny" t.VVX_1500="Device Cert Custom Present"/>
		<phrase i="1198" t="Opis własnego" t.VVX_1500="Device Cert Custom Description"/>
		<phrase i="1199" t="TR-069 Upgrades Managed"/>
		<phrase i="1200" t="Cert. urządzenia"/>
		<phrase i="1201" t="Odtwarzanie w toku."/>
		<phrase i="1202" t="Lokalny katalog kontaktów jest tylko do odczytu."/>
		<phrase i="1203" t="Uwierzytelnienie CMA nie powiodło się."/>
		<phrase i="1204" t="Błąd usługi konfiguracji CMA."/>
		<phrase i="1205" t="Zdalna klawiatura i mysz"/>
		<phrase i="1206" t="Czy telefon jest z lewej, czy z prawej strony komputera?"/>
		<phrase i="1207" t="Z lewej"/>
		<phrase i="1208" t="Z prawej"/>
		<phrase i="1209" t="Lista"/>
		<phrase i="1210" t="Wprowadź kod przyczyny"/>
		<phrase i="1211" t="Prześlij konfigurację"/>
		<phrase i="1212" t="TR-069"/>
		<phrase i="1213" t="CMA"/>
		<phrase i="1214" t="Wszystkie źródła"/>
		<phrase i="1215" t="Lokalne"/>
		<phrase i="1216" t="Internet"/>
		<phrase i="1217" t="Prześlij"/>
		<phrase i="1218" t="Pliki konfiguracji" t.IP_330="Pliki konfig."/>
		<phrase i="1219" t="Kod przyczyny niedostępny"/>
		<phrase i="1220" t="Agent niedost."/>
		<phrase i="1221" t="Ostrzeżenie dot. pliku konfiguracji" t.IP_330="Konfig. sprzed 3.3.0"/>
		<phrase i="1222" t=" zawiera parametry sprzed 3.3.0"/>
		<phrase i="1223" t="brak"/>
		<phrase i="1224" t="Skrót"/>
		<phrase i="1225" t="Znaleziono zduplikowane parametry" t.IP_330="Znaleziono duplikaty"/>
		<phrase i="1226" t="Znaleziono błędy"/>
		<phrase i="1227" t="Parametry zaakceptowane"/>
		<phrase i="1228" t="Znaleziono parametry sprzed 3.3.0."/>
		<phrase i="1229" t="Znaleziono parametry sprzed 3.3.0 w:" t.IP_330="Parametry sprzed 3.3.0 w:"/>
		<phrase i="1230" t="Zapytanie nadal oczekuje, spróbuj później."/>
		<phrase i="1231" t="Katalog CMA niezarejestrowany."/>
		<phrase i="1232" t="Nie zarejestrowano usługi dostępności CMA."/>
		<phrase i="1233" t="Informacje o połączeniu"/>
		<phrase i="1234" t="Aktualizuj konfigurację"/>
		<phrase i="1235" t="Nieprawidłowe poświadczenia logowania."/>
		<phrase i="1236" t="Nie można pobrać adresu."/>
		<phrase i="1237" t="Wybranie numeru kontaktu nie powiodło się."/>
		<phrase i="1238" t="Dodanie kontaktu nie powiodło się."/>
		<phrase i="1239" t="Stan CMA"/>
		<phrase i="1240" t="Rejestracja usługi informowania o dostępności"/>
		<phrase i="1241" t="Rejestracja katalogu"/>
		<phrase i="1242" t="Stan autokonfiguracji"/>
		<phrase i="1243" t="Nazwa hosta serwera"/>
		<phrase i="1244" t="Kontrola aktualizacji oprogramowania"/>
		<phrase i="1245" t="Kontrola aktualizacji profilu"/>
		<phrase i="1246" t="Raport z interwału synchronizacji"/>
		<phrase i="1247" t="Sukces"/>
		<phrase i="1248" t="Niepowodzenie"/>
		<phrase i="1249" t="Zaproszenia"/>
		<phrase i="1250" t="Oczekujące zaproszenie znajomego"/>
		<phrase i="1251" t="Obecność"/>
		<phrase i="1252" t="Metoda akceptowania zaproszeń"/>
		<phrase i="1253" t="Interwały sondowania autokonfiguracji"/>
		<phrase i="1254" t="Automatycznie"/>
		<phrase i="1255" t="Ponownie sprawdź poprawność"/>
		<phrase i="1256" t="Ponowne sprawdzenie poprawności może zablokować konto użytkownika, jeśli poświadczenia nie są ważne."/>
		<phrase i="1257" t="Czy chcesz kontynuować?"/>
		<phrase i="1258" t="Błąd autokonfiguracji" t.IP_330="Błąd konfig."/>
		<phrase i="1259" t="Nie można zaktualizować konfiguracji."/>
                <phrase i="1260" t="" />
                <phrase i="1261" t="" />
                <phrase i="1262" t="" />
                <phrase i="1263" t="PD" />
	</phrases>
	<textEntry>
		<Entry ID="0" key="=, $/~_?0"/>
		<Entry ID="1" key="!|'^\@:1"/>
		<Entry ID="2" key="abc2??"/>
		<Entry ID="3" key="def3?"/>
		<Entry ID="4" key="ghi4"/>
		<Entry ID="5" key="jkl5?"/>
		<Entry ID="6" key="mno6?ó"/>
		<Entry ID="7" key="pqrs7?"/>
		<Entry ID="8" key="tuv8"/>
		<Entry ID="9" key="wxyz9??"/>
		<Entry ID="*" key=".*#-&amp;%+;"/>
		<Entry ID="#"/>
	</textEntry>
</dictionary>