﻿<?xml version="1.0" encoding="UTF-8" standalone="yes"?>
<dictionary>
	<phrases>
		<phrase i="0" t="Retour"/>
		<phrase i="1" t="Appel"/>
		<phrase i="2" t="EditerNuméro"/>
		<phrase i="3" t="Editer"/>
		<phrase i="4" t="Foncé"/>
		<phrase i="5" t="Sauver"/>
		<phrase i="6" t="plus"/>
		<phrase i="7" t="Créer"/>
		<phrase i="8" t="Valider"/>
		<phrase i="9" t="Ajouter"/>
		<phrase i="10" t="Effacer"/>
		<phrase i="11" t="Information"/>
		<phrase i="12" t="Envoyer"/>
		<phrase i="13" t="Sélectionner"/>
		<phrase i="14" t="Effacer"/>
		<phrase i="15" t="Importer"/>
		<phrase i="16" t="Bloquer"/>
		<phrase i="17" t="Regarder"/>
		<phrase i="18" t="Débloquer" t.IP_330="Débl"/>
		<phrase i="19" t="MesStats" t.VVX_1500="Mon état"/>
		<phrase i="20" t="Contacts Fav." t.IP_330="Contact"/>
		<phrase i="21" t="Reprendre"/>
		<phrase i="22" t="Lire"/>
		<phrase i="23" t="FinAppel" t.IP_330="FinAppel"/>
		<phrase i="24" t="NvAppel" t.IP_330="NvAppel"/>
		<phrase i="25" t="Bis"/>
		<phrase i="26" t="Répondre"/>
		<phrase i="27" t="Nom"/>
		<phrase i="28" t="Numéro"/>
		<phrase i="29" t="Attente"/>
		<phrase i="30" t="Conf." t.IP_330="Conf" t.VVX_1500="Conférence"/>
		<phrase i="31" t="Transfr" t.IP_330="Transf" t.VVX_1500="Transfert"/>
		<phrase i="32" t="Fin"/>
		<phrase i="33" t="Suivant"/>
		<phrase i="34" t="Précédent" t.VVX_1500="Précédent"/>
		<phrase i="35" t="Répondre"/>
		<phrase i="36" t="Sortir"/>
		<phrase i="37" t="Annuler"/>
		<phrase i="38" t="a-&gt;A"/>
		<phrase i="39" t="A-&gt;a"/>
		<phrase i="40" t="-&gt;ABC"/>
		<phrase i="41" t="&lt;&lt;"/>
		<phrase i="42" t="Soumettre"/>
		<phrase i="43" t="PageSuiv." t.VVX_1500="Page suivante"/>
		<phrase i="44" t="Actualiser"/>
		<phrase i="45" t="Messages Instantanés"/>
		<phrase i="46" t="Pas de message"/>
		<phrase i="47" t="Envoyer un message à "/>
		<phrase i="48" t="Créer le message pour "/>
		<phrase i="49" t="Mon état"/>
		<phrase i="50" t="Répertoire"/>
		<phrase i="51" t="Répertoires"/>
		<phrase i="52" t="Service"/>
		<phrase i="53" t="Applications"/>
		<phrase i="54" t="Num. abrégée"/>
		<phrase i="55" t="Info Num. abrégée" t.VVX_1500="Infos numérotation abrégée"/>
		<phrase i="56" t="Listes d'appels"/>
		<phrase i="57" t="Editer contact"/>
		<phrase i="58" t="Contacts Fav. supervisés"/>
		<phrase i="59" t="Contacts Fav. autorisés"/>
		<phrase i="60" t="Contacts bloqués"/>
		<phrase i="61" t="Appels manqués"/>
		<phrase i="62" t="Appels reçus"/>
		<phrase i="63" t="Appels émis"/>
		<phrase i="64" t="Compatibilité CDP" t.IP_330="Compat. CDP"/>
		<phrase i="65" t="Information sur l'application"/>
		<phrase i="66" t="Codecs supportés"/>
		<phrase i="67" t="Créer un contact favori"/>
		<phrase i="68" t="Info réseau"/>
		<phrase i="69" t="Liste Contacts favoris"/>
		<phrase i="70" t="Statut des contacts favoris"/>
		<phrase i="71" t="Type de sonnerie"/>
		<phrase i="72" t="Etat"/>
		<phrase i="73" t="Configuration"/>
		<phrase i="74" t="Menu principal"/>
		<phrase i="75" t="Statistiques de réseau"/>
		<phrase i="76" t="Statistiques média"/>
		<phrase i="77" t="Version du firmware"/>
		<phrase i="78" t="Contraste"/>
		<phrase i="79" t="Configuration de réseau"/>
		<phrase i="80" t="Information sur l'appel"/>
		<phrase i="81" t="Information"/>
		<phrase i="82" t="Information du système"/>
		<phrase i="83" t="Actif"/>
		<phrase i="84" t="Inactif"/>
		<phrase i="85" t="Non identifié"/>
		<phrase i="86" t="jour"/>
		<phrase i="87" t="jours"/>
		<phrase i="88" t="Demande"/>
		<phrase i="89" t="Echec de la demande"/>
		<phrase i="90" t="Anglais"/>
		<phrase i="91" t="Interne"/>
		<phrase i="92" t="Full-duplex"/>
		<phrase i="93" t="Half-duplex"/>
		<phrase i="94" t="Vue"/>
		<phrase i="95" t="*** ATTENTION ***"/>
		<phrase i="96" t="Routeur"/>
		<phrase i="97" t="Clair"/>
		<phrase i="98" t="Temps écoulé"/>
		<phrase i="99" t="Paquets reçus"/>
		<phrase i="100" t="Paquets transmis"/>
		<phrase i="101" t="Paquets perdus"/>
		<phrase i="102" t="Pt Accès réseau"/>
		<phrase i="103" t="Pt Accès PC"/>
		<phrase i="104" t="Msg instant." t.IP_330="MI"/>
		<phrase i="105" t="Spécifier l'envoyeur"/>
		<phrase i="106" t="Activer"/>
		<phrase i="107" t="Gigue (ms)"/>
		<phrase i="108" t="Gigue Max. (ms)"/>
		<phrase i="109" t="Latence (ms)"/>
		<phrase i="110" t="Version Appli"/>
		<phrase i="111" t="Version Boot"/>
		<phrase i="112" t="Sonnerie"/>
		<phrase i="113" t="Vide"/>
		<phrase i="114" t="Liste d'appels manqués"/>
		<phrase i="115" t="Liste d'appels reçus"/>
		<phrase i="116" t="Liste d'appels émis"/>
		<phrase i="117" t="Effacé !!"/>
		<phrase i="118" t="Numéro"/>
		<phrase i="119" t="PM"/>
		<phrase i="120" t="AM"/>
		<phrase i="121" t="Date"/>
		<phrase i="122" t="Nom"/>
		<phrase i="123" t="Durée"/>
		<phrase i="124" t=" dit : "/>
		<phrase i="125" t="Message pour "/>
		<phrase i="126" t="Message bien reçu"/>
		<phrase i="127" t="Appelle moi."/>
		<phrase i="128" t="Appelle plus tard."/>
		<phrase i="129" t="Pas le temps de parler"/>
		<phrase i="130" t="On déjeune ?"/>
		<phrase i="131" t="Import réussi !!"/>
		<phrase i="132" t="Echec d'import"/>
		<phrase i="133" t="Langage"/>
		<phrase i="134" t="Entrer le numéro"/>
		<phrase i="135" t="Entrer l'URL"/>
		<phrase i="136" t="Fractionner"/>
		<phrase i="137" t="Réunir"/>
		<phrase i="138" t="A"/>
		<phrase i="139" t="De"/>
		<phrase i="140" t="Renvoi Appel" t.IP_330="Renv"/>
		<phrase i="141" t="Pour"/>
		<phrase i="142" t="Appel en attente"/>
		<phrase i="143" t="Appel mis en attente"/>
		<phrase i="144" t=" nouveau message"/>
		<phrase i="145" t=" nouveaux messages"/>
		<phrase i="146" t="Appel"/>
		<phrase i="147" t="Lien réseau inactif"/>
		<phrase i="148" t="Reconfiguration du réseau" t.IP_330="Reconfiguration" t.VVX_1500="Reconfiguration"/>
		<phrase i="149" t=" nouvel appel manqué"/>
		<phrase i="150" t=" nouveaux appels manqués"/>
		<phrase i="151" t="Reboot commencé"/>
		<phrase i="152" t="Appel en attente"/>
		<phrase i="153" t="Appel terminé"/>
		<phrase i="154" t="Présent"/>
		<phrase i="155" t="Occupé"/>
		<phrase i="156" t="Bientôt de retour"/>
		<phrase i="157" t="En vadrouille"/>
		<phrase i="158" t="Au téléphone"/>
		<phrase i="159" t="En pause déjeuner"/>
		<phrase i="160" t="En réunion"/>
		<phrase i="161" t="Non présent"/>
		<phrase i="162" t="Ne pas déranger"/>
		<phrase i="163" t="Délai d'attente"/>
		<phrase i="164" t="Boot Server"/>
		<phrase i="165" t="BootSrv opt"/>
		<phrase i="166" t="BootSrv type"/>
		<phrase i="167" t="Type de serveur" t.IP_330="TypeServeur"/>
		<phrase i="168" t="Adresse serveur" t.IP_330="AdrServeur"/>
		<phrase i="169" t="Utilisateur" t.IP_330="Utilisateur"/>
		<phrase i="170" t="Mot de passe" t.IP_330="MotDePasse"/>
		<phrase i="171" t="Client DHCP" t.IP_330="ClientDHCP"/>
		<phrase i="172" t="Menu DHCP"/>
		<phrase i="173" t="Adresse IP" t.VVX_1500="Adresse IP téléphone"/>
		<phrase i="174" t="Masque de sous-réseau" t.IP_330="MasqSsRés"/>
		<phrase i="175" t="Passerelle IP"/>
		<phrase i="176" t="Menu du serveur" t.IP_330="MenuServeur"/>
		<phrase i="177" t="Adresse SNTP" t.IP_330="AdrSNTP"/>
		<phrase i="178" t="Décalage GMT"/>
		<phrase i="179" t="Serveur DNS"/>
		<phrase i="180" t="Srv DNS second"/>
		<phrase i="181" t="Domaine DNS"/>
		<phrase i="182" t="VLAN"/>
		<phrase i="183" t=" Sauver &amp; Redémarrer"/>
		<phrase i="184" t=" Sortir sans sauver"/>
		<phrase i="185" t=" Reprendre la configuration"/>
		<phrase i="186" t="DHCP"/>
		<phrase i="187" t="MAC"/>
		<phrase i="188" t="IP"/>
		<phrase i="189" t="DNS"/>
		<phrase i="190" t="Serveur boot"/>
		<phrase i="191" t="DNS secondaire"/>
		<phrase i="192" t="Option 66"/>
		<phrase i="193" t="Spécifique"/>
		<phrase i="194" t="Statique"/>
		<phrase i="195" t="Adresse IP"/>
		<phrase i="196" t="Phrase"/>
		<phrase i="197" t="FTP"/>
		<phrase i="198" t="Trivial FTP"/>
		<phrase i="199" t="Actif"/>
		<phrase i="200" t="Inactif"/>
		<phrase i="201" t="Masque"/>
		<phrase i="202" t="**-**"/>
		<phrase i="203" t="Domaine"/>
		<phrase i="204" t="VLAN ID"/>
		<phrase i="205" t="Serveur"/>
		<phrase i="206" t="Version appli"/>
		<phrase i="207" t="Fichier"/>
		<phrase i="208" t="Configuration"/>
		<phrase i="209" t="Bootrom"/>
		<phrase i="210" t="P/N"/>
		<phrase i="211" t="Tx Codec"/>
		<phrase i="212" t="Rx Codec"/>
		<phrase i="213" t="Langage changé"/>
		<phrase i="214" t="Echec changement langage"/>
		<phrase i="215" t="Veuillez patienter..."/>
		<phrase i="216" t="Choisir la ligne"/>
		<phrase i="217" t="Ligne"/>
		<phrase i="218" t="Rechercher"/>
		<phrase i="219" t="Trier"/>
		<phrase i="220" t="Chercher dans répertoire"/>
		<phrase i="221" t="Trier le répertoire"/>
		<phrase i="222" t="Prénom"/>
		<phrase i="223" t="Nom"/>
		<phrase i="224" t="Etat du système"/>
		<phrase i="225" t="Généralités"/>
		<phrase i="226" t="Liste des contacts"/>
		<phrase i="227" t="Contact en cours"/>
		<phrase i="228" t="Privé + Opt.66"/>
		<phrase i="229" t="Information de ligne"/>
		<phrase i="230" t="Enregistré"/>
		<phrase i="231" t="Non enregistré"/>
		<phrase i="232" t="Authentification"/>
		<phrase i="233" t="Utilisateur"/>
		<phrase i="234" t="Mot de passe"/>
		<phrase i="235" t="Vidéo"/>
		<phrase i="236" t="Messages"/>
		<phrase i="237" t="Messagerie"/>
		<phrase i="238" t="En conférence"/>
		<phrase i="239" t="Urgent"/>
		<phrase i="240" t="Urgents"/>
		<phrase i="241" t="Nouveau"/>
		<phrase i="242" t="Nouveaux"/>
		<phrase i="243" t="Ancien"/>
		<phrase i="244" t="Anciens"/>
		<phrase i="245" t="Cnx" t.IP_330="Cnx"/>
		<phrase i="246" t="Ajouter au répertoire"/>
		<phrase i="247" t="Modifier le répertoire"/>
		<phrase i="248" t="Index composition abrégée"/>
		<phrase i="249" t="Renvoi Appels"/>
		<phrase i="250" t="Rejeter Appel"/>
		<phrase i="251" t="Renv" t.IP_330="Renv"/>
		<phrase i="252" t="Cet appel"/>
		<phrase i="253" t="Réinit. la config. de l'util."/>
		<phrase i="254" t="Num. du Renvoi"/>
		<phrase i="255" t="Rejet automatique"/>
		<phrase i="256" t="Renvoi automatique"/>
		<phrase i="257" t="Sauvé"/>
		<phrase i="258" t="Erreur"/>
		<phrase i="259" t="Contact déjà existant"/>
		<phrase i="260" t="Désactiver"/>
		<phrase i="261" t="Regarde cet ami"/>
		<phrase i="262" t="Bloque cet ami"/>
		<phrase i="263" t="Réessayer s'il vous plait"/>
		<phrase i="264" t="Horloge"/>
		<phrase i="265" t="Changer format date"/>
		<phrase i="266" t="Format"/>
		<phrase i="267" t="Dimanche"/>
		<phrase i="268" t="Lundi"/>
		<phrase i="269" t="Mardi"/>
		<phrase i="270" t="Mercredi"/>
		<phrase i="271" t="Jeudi"/>
		<phrase i="272" t="Vendredi"/>
		<phrase i="273" t="Samedi"/>
		<phrase i="274" t="Janvier"/>
		<phrase i="275" t="Février"/>
		<phrase i="276" t="Mars"/>
		<phrase i="277" t="Avril"/>
		<phrase i="278" t="Mai"/>
		<phrase i="279" t="Juin"/>
		<phrase i="280" t="Juillet"/>
		<phrase i="281" t="Août"/>
		<phrase i="282" t="Septembre"/>
		<phrase i="283" t="Octobre"/>
		<phrase i="284" t="Novembre"/>
		<phrase i="285" t="Décembre"/>
		<phrase i="286" t="Changer format heure"/>
		<phrase i="287" t="Tous Actifs"/>
		<phrase i="288" t="Tous Inactifs"/>
		<phrase i="289" t="Casque"/>
		<phrase i="290" t="Mode Casque"/>
		<phrase i="291" t="Erreur d'import"/>
		<phrase i="292" t="Bloqué par appel en cours" t.VVX_1500="Appel en cours, action interrompue."/>
		<phrase i="293" t="Entrer un contact svp"/>
		<phrase i="294" t="Transférer l'appel à"/>
		<phrase i="295" t="Créer conférence avec"/>
		<phrase i="296" t="Valider"/>
		<phrase i="297" t="Changer le mot de passe"/>
		<phrase i="298" t="Changer le mot de passe util." t.VVX_1500="Changer le mot de passe utilisateur"/>
		<phrase i="299" t="Changer le mot de passe admin." t.VVX_1500="Changer le mot de passe administrateur"/>
		<phrase i="300" t="Mot de passe util."/>
		<phrase i="301" t="Mot de passe admin" t.VVX_1500="Mot de passe administrateur"/>
		<phrase i="302" t="Mot de passe util. changé" t.VVX_1500="Mot de passe utilisateur changé"/>
		<phrase i="303" t="Mot de passe admin. changé" t.VVX_1500="Mot de passe administrateur changé"/>
		<phrase i="304" t="Veuillez recommencer"/>
		<phrase i="305" t="Ancien mot de passe"/>
		<phrase i="306" t="Nouveau mot de passe"/>
		<phrase i="307" t="Confirmer mot de passe"/>
		<phrase i="308" t="Mot de passe trop court" t.VVX_1500="Désolé, mot de passe trop court."/>
		<phrase i="309" t="PagePréc." t.VVX_1500="Page précédente"/>
		<phrase i="310" t="ASCII"/>
		<phrase i="311" t="Latin"/>
		<phrase i="312" t="Cyrillique"/>
		<phrase i="313" t="Unicode"/>
		<phrase i="314" t="Nombre min. de symboles"/>
		<phrase i="315" t="1/A/a"/>
		<phrase i="316" t="Ressources d'appel épuisées"/>
		<phrase i="317" t="Encodage" t.IP_330="Encod."/>
		<phrase i="318" t="Vitesse LAN"/>
		<phrase i="319" t="Vitesse PC"/>
		<phrase i="320" t="Inconnu"/>
		<phrase i="321" t="Restaurer la config. de fabrication"/>
		<phrase i="322" t="Mode LAN"/>
		<phrase i="323" t="Mode PC"/>
		<phrase i="324" t="SNTP"/>
		<phrase i="325" t="Décalage GMT"/>
		<phrase i="326" t="Heure d'été"/>
		<phrase i="327" t="On"/>
		<phrase i="328" t="Off"/>
		<phrase i="329" t="Taux d'utilisation"/>
		<phrase i="330" t="Court"/>
		<phrase i="331" t="Long"/>
		<phrase i="332" t="Charge"/>
		<phrase i="333" t="Intervalle"/>
		<phrase i="334" t="Erreur, limite atteinte"/>
		<phrase i="335" t="Champ inexistant"/>
		<phrase i="336" t="Fin d'indexation"/>
		<phrase i="337" t="Erreur, index invalidé"/>
		<phrase i="338" t="Ligne déjà utilisée"/>
		<phrase i="339" t="Charge du réseau"/>
		<phrase i="340" t="Octets par seconde"/>
		<phrase i="341" t="Paquets par seconde"/>
		<phrase i="342" t="Charge du DSP"/>
		<phrase i="343" t="Charge de l'UPC"/>
		<phrase i="344" t="Mode"/>
		<phrase i="345" t="Diagnostique"/>
		<phrase i="346" t="Diagnostique Voix"/>
		<phrase i="347" t="Diagnostique Clavier"/>
		<phrase i="348" t="Diagnostique Ecran" t.VVX_1500="Diagnostics écran"/>
		<phrase i="349" t="Haut-parleur"/>
		<phrase i="350" t="Combiné"/>
		<phrase i="351" t="Passé"/>
		<phrase i="352" t="Manqué"/>
		<phrase i="353" t="Test complété"/>
		<phrase i="354" t="Fin: pressez 2 fois"/>
		<phrase i="355" t="Vérif: pressez 1fois" t.VVX_1500="Vérifier : appuyer sur une touche"/>
		<phrase i="356" t="Enregistrer"/>
		<phrase i="357" t="Terminer"/>
		<phrase i="358" t="Touche invalide"/>
		<phrase i="359" t="Bouton de raccroché"/>
		<phrase i="360" t="Terminé"/>
		<phrase i="361" t="En train de jouer"/>
		<phrase i="362" t="Enregistrement en cours"/>
		<phrase i="363" t="Adresse IP déjà utilisée"/>
		<phrase i="364" t="Redémarrer"/>
		<phrase i="365" t="détectée"/>
		<phrase i="366" t="Dim"/>
		<phrase i="367" t="Lun"/>
		<phrase i="368" t="Mar"/>
		<phrase i="369" t="Mer"/>
		<phrase i="370" t="Jeu"/>
		<phrase i="371" t="Ven"/>
		<phrase i="372" t="Sam"/>
		<phrase i="373" t="Jan"/>
		<phrase i="374" t="Fév"/>
		<phrase i="375" t="Mar"/>
		<phrase i="376" t="Avr"/>
		<phrase i="377" t="Mai"/>
		<phrase i="378" t="Jun"/>
		<phrase i="379" t="Jul"/>
		<phrase i="380" t="Aoû"/>
		<phrase i="381" t="Sep"/>
		<phrase i="382" t="Oct"/>
		<phrase i="383" t="Nov"/>
		<phrase i="384" t="Déc"/>
		<phrase i="385" t="Usage mémoire"/>
		<phrase i="386" t="Appel courant"/>
		<phrase i="387" t="Silence"/>
		<phrase i="388" t="Serveur non disponible"/>
		<phrase i="389" t="Ordonner l'horloge"/>
		<phrase i="390" t="Date sur heure"/>
		<phrase i="391" t="Heure sur date"/>
		<phrase i="392" t="Date puis heure"/>
		<phrase i="393" t="Heure puis date"/>
		<phrase i="394" t="Katakana"/>
		<phrase i="395" t="Tonalités d'appel"/>
		<phrase i="396" t="NPD"/>
		<phrase i="397" t="Prés/Abs" t.IP_330="Prés/Abs"/>
		<phrase i="398" t="Présence" t.IP_330="Prés"/>
		<phrase i="399" t="Modifier"/>
		<phrase i="400" t="1-&gt;Aa"/>
		<phrase i="401" t="A-&gt;a1"/>
		<phrase i="402" t="a-&gt;1A"/>
		<phrase i="403" t="Nom alloué" t.IP_330="NomAlloué"/>
		<phrase i="404" t="Lignes"/>
		<phrase i="405" t="Etiquette"/>
		<phrase i="406" t="Début d'enreg. séquence"/>
		<phrase i="407" t="L'appel URL est désactivé" t.IP_330="L'appel URL est désactivé."/>
		<phrase i="408" t="Utiliser le combiné SVP"/>
		<phrase i="409" t="Mode Ecoute"/>
		<phrase i="410" t="Parquer appel"/>
		<phrase i="411" t="Récupérer" t.VVX_1500="Récupérer"/>
		<phrase i="412" t="Groupe"/>
		<phrase i="413" t="Direct" t.VVX_1500="Direct"/>
		<phrase i="414" t="Accueil"/>
		<phrase i="415" t="Rafraîchir"/>
		<phrase i="416" t="Retour d'appel"/>
		<phrase i="417" t="RetApp"/>
		<phrase i="418" t="Services d'appel"/>
		<phrase i="419" t="Aveugle"/>
		<phrase i="420" t="Casque"/>
		<phrase i="421" t="Statut d'agent"/>
		<phrase i="422" t="Identification d'ACD"/>
		<phrase i="423" t="Identifier"/>
		<phrase i="424" t="Sortir"/>
		<phrase i="425" t="Présent"/>
		<phrase i="426" t="Absent"/>
		<phrase i="427" t="Identification"/>
		<phrase i="428" t="Mot de passe"/>
		<phrase i="429" t="Récupérer"/>
		<phrase i="430" t="Passer en aveugle à"/>
		<phrase i="431" t="Présent" t.VVX_1500="Présent"/>
		<phrase i="432" t="Absent" t.VVX_1500="Absent"/>
		<phrase i="433" t="Configuration SIP"/>
		<phrase i="434" t="Adresse"/>
		<phrase i="435" t="Type de ligne"/>
		<phrase i="436" t="Nom d'emprunt"/>
		<phrase i="437" t="Privée"/>
		<phrase i="438" t="Partagée"/>
		<phrase i="439" t="Port"/>
		<phrase i="440" t="Transport"/>
		<phrase i="441" t="Identifier"/>
		<phrase i="442" t="Proxy ext." t.VVX_1500="Proxy externe SIP"/>
		<phrase i="443" t="Port ext." t.VVX_1500="Port externe SIP"/>
		<phrase i="444" t="Attente (RFC2543)" t.IP_330="AttenteRFC2543"/>
		<phrase i="445" t="Oui"/>
		<phrase i="446" t="Non"/>
		<phrase i="447" t="UDP seulement"/>
		<phrase i="448" t="TCP préféré"/>
		<phrase i="449" t="Naptr"/>
		<phrase i="450" t="Auth. (utilisateur)" t.VVX_1500="Authentification (ID utilisateur)"/>
		<phrase i="451" t="Auth. (mot de passe)" t.VVX_1500="Authentification (mot de passe)"/>
		<phrase i="452" t="Redémarrer le téléphone"/>
		<phrase i="453" t="Etes-vous sûr?"/>
		<phrase i="454" t="Découverte du VLAN" t.IP_330="Déc. VLAN"/>
		<phrase i="455" t="Fixe"/>
		<phrase i="456" t="Option VLAN" t.VVX_1500="Option ID VLAN"/>
		<phrase i="457" t="Sélectionner"/>
		<phrase i="458" t="Initialiser la clé de sûreté"/>
		<phrase i="459" t="Sélectionner un message"/>
		<phrase i="460" t="HTTP"/>
		<phrase i="461" t="HTTPS"/>
		<phrase i="462" t="FTPS"/>
		<phrase i="463" t="Installer un certificat" t.VVX_1500="Installer un certificat CA personnalisé"/>
		<phrase i="464" t="Retrouver un certificat" t.VVX_1500="Télécharger certificat CA personnalisé"/>
		<phrase i="465" t="Accepter"/>
		<phrase i="466" t="Configurer un certificat" t.VVX_1500="Configurer les certificats CA"/>
		<phrase i="467" t="Trace MD5"/>
		<phrase i="468" t="Autre certificat"/>
		<phrase i="469" t="Liste de certificats par défaut" t.VVX_1500="Liste de certificats par défaut"/>
		<phrase i="470" t="Tous les certificats"/>
		<phrase i="471" t="Méthode de configuration" t.VVX_1500="Méthode de configuration"/>
		<phrase i="472" t="Phrase de configuration" t.VVX_1500="Phrase de configuration"/>
		<phrase i="473" t="Par défaut"/>
		<phrase i="474" t="SAS-VP"/>
		<phrase i="475" t="Echec de la demande"/>
		<phrase i="476" t="Serveur"/>
		<phrase i="477" t="Application"/>
		<phrase i="478" t="Statistiques paquets"/>
		<phrase i="479" t="Préférences régionales"/>
		<phrase i="480" t="Paramètres de l'utilisateur"/>
		<phrase i="481" t="Paramètres de l'administrateur" t.VVX_1500="Paramètres de l'administrateur"/>
		<phrase i="482" t="Formater Syst fich"/>
		<phrase i="483" t="Paramètres TCP/IP"/>
		<phrase i="484" t="Équipement"/>
		<phrase i="485" t="Réseau"/>
		<phrase i="486" t="Téléphone"/>
		<phrase i="487" t="Principale"/>
		<phrase i="488" t="Composants"/>
		<phrase i="489" t="Copyright"/>
		<phrase i="490" t="Configuration"/>
		<phrase i="491" t="Ethernet"/>
		<phrase i="492" t="de base"/>
		<phrase i="493" t="avancé"/>
		<phrase i="494" t="Préférences"/>
		<phrase i="495" t="Effets sonores"/>
		<phrase i="496" t="Sécurité SSL"/>
		<phrase i="497" t="Réinit config défaut"/>
		<phrase i="498" t="Réinit configuration locale" t.IP_330="Réinit conf locale" t.VVX_1500="Réinitialiser la configuration locale"/>
		<phrase i="499" t="Réinit Param poste" t.IP_330="Réinit param poste"/>
		<phrase i="500" t="Global"/>
		<phrase i="501" t="Matériel d essai"/>
		<phrase i="502" t="Graphiques"/>
		<phrase i="503" t="CA Certificates"/>
		<phrase i="504" t="Heure et date"/>
		<phrase i="505" t="TFTP"/>
		<phrase i="506" t="Invalide"/>
		<phrase i="507" t="Nb Appels/ligne" t.IP_330="Nb appels/ligne"/>
		<phrase i="508" t="Nb lignes" t.IP_330="Nb lignes"/>
		<phrase i="509" t="Combiné large bande"/>
		<phrase i="510" t="TLS"/>
		<phrase i="511" t="Ajouter Contact fav"/>
		<phrase i="512" t="Essai Trnsfr fichier"/>
		<phrase i="513" t="Attente avt essai"/>
		<phrase i="514" t="Autoriser"/>
		<phrase i="515" t="Privé"/>
		<phrase i="516" t="Liste contacts privés"/>
		<phrase i="517" t="Contact privé"/>
		<phrase i="518" t="Ajouter contact privé"/>
		<phrase i="519" t="Modif contact privé"/>
		<phrase i="520" t="Accès"/>
		<phrase i="521" t="Alim Extension"/>
		<phrase i="522" t="Certificat sauvé"/>
		<phrase i="523" t="Echec de sauvegarde du certificat"/>
		<phrase i="524" t="Traitement demande..."/>
		<phrase i="525" t="&gt;&gt;"/>
		<phrase i="526" t="Mode CLink"/>
		<phrase i="527" t="Client"/>
		<phrase i="528" t="Menu Ethernet"/>
		<phrase i="529" t="Pt accès LAN"/>
		<phrase i="530" t="Pt accès PC"/>
		<phrase i="531" t="Auto"/>
		<phrase i="532" t="10HD"/>
		<phrase i="533" t="10FD"/>
		<phrase i="534" t="100HD"/>
		<phrase i="535" t="100FD"/>
		<phrase i="536" t="Vidéo"/>
		<phrase i="537" t="Téléphone"/>
		<phrase i="538" t="Mode Décroch."/>
		<phrase i="539" t="Ajt vidéo"/>
		<phrase i="540" t="Sélectionner"/>
		<phrase i="541" t="Intensité éclairage"/>
		<phrase i="542" t="Éteint"/>
		<phrase i="543" t="Bas"/>
		<phrase i="544" t="Moyen"/>
		<phrase i="545" t="Haut"/>
		<phrase i="546" t="Appels /ligne"/>
		<phrase i="547" t="Vol.ht-parleur"/>
		<phrase i="548" t="Vol. sonnerie"/>
		<phrase i="549" t="Gérer"/>
		<phrase i="550" t="Gérer conférence"/>
		<phrase i="551" t="Secret"/>
		<phrase i="552" t="Dés. secret"/>
		<phrase i="553" t="Suppr."/>
		<phrase i="554" t="Flux données"/>
		<phrase i="555" t="Info Participants"/>
		<phrase i="556" t="Intens. éclair. allumé"/>
		<phrase i="557" t="Intens. éclair. inactif"/>
		<phrase i="558" t="Mode 2,5mm"/>
		<phrase i="559" t="Auto (défaut)"/>
		<phrase i="560" t="Mobile"/>
		<phrase i="561" t="Liaison données PC"/>
		<phrase i="562" t="App. vidéo"/>
		<phrase i="563" t="Appels tél."/>
		<phrase i="564" t="SIP slt"/>
		<phrase i="565" t="Tél. slt"/>
		<phrase i="566" t="Auto (préf. d'appel HDX)" t.VVX_1500="Auto (préférence d'appel HDX)"/>
		<phrase i="567" t="Ordre/type app."/>
		<phrase i="568" t="Contenu"/>
		<phrase i="569" t="Reçus"/>
		<phrase i="570" t="Rép"/>
		<phrase i="571" t="Ignorer"/>
		<phrase i="572" t="Appel de :"/>
		<phrase i="573" t="Volume"/>
		<phrase i="574" t="Sonnerie"/>
		<phrase i="575" t="Ht-parl"/>
		<phrase i="576" t="Normal"/>
		<phrase i="577" t="Nv entrée"/>
		<phrase i="578" t="Enr. répertoire"/>
		<phrase i="579" t="Confirmation"/>
		<phrase i="580" t="Srvce indisponible" t.IP_330="Service indisp."/>
		<phrase i="581" t="NPD" t.VVX_1500="Ne pas déranger"/>
		<phrase i="582" t="Connexion à"/>
		<phrase i="583" t="Appel entrant"/>
		<phrase i="584" t="État DSP"/>
		<phrase i="585" t="Unité0"/>
		<phrase i="586" t="Unité1"/>
		<phrase i="587" t="Unité2"/>
		<phrase i="588" t="Msgs" t.VVX_1500="Messages"/>
		<phrase i="589" t="Ajt tél."/>
		<phrase i="590" t="Entrez + de chiffres"/>
		<phrase i="591" t="Adresse incomplète"/>
		<phrase i="592" t="État serveurs"/>
		<phrase i="593" t="Sauver"/>
		<phrase i="594" t="Annul. sauver"/>
		<phrase i="595" t="Ne jamais sauver"/>
		<phrase i="596" t="Suppr. entrée rép"/>
		<phrase i="597" t="Conf. avec un autre"/>
		<phrase i="598" t="Appel vidéo ou tél ?"/>
		<phrase i="599" t="Entrée introuv."/>
		<phrase i="600" t="Par nom"/>
		<phrase i="601" t="Par prénom"/>
		<phrase i="602" t="Réseau"/>
		<phrase i="603" t="Conn. distce"/>
		<phrase i="604" t="Câble/DSL"/>
		<phrase i="605" t="LAN"/>
		<phrase i="606" t="Conférence en cours."/>
		<phrase i="607" t="Impossible"/>
		<phrase i="608" t="Menu Syslog"/>
		<phrase i="609" t="Option"/>
		<phrase i="610" t="Niveau rendu" t.IP_330="NivRendu"/>
		<phrase i="611" t="UDP"/>
		<phrase i="612" t="TCP"/>
		<phrase i="613" t="Aucun"/>
		<phrase i="614" t="Entrer mdp"/>
		<phrase i="615" t="ÉGAL. aiguës"/>
		<phrase i="616" t="ÉGAL. basses"/>
		<phrase i="617" t="Entrée audio aux."/>
		<phrase i="618" t="Sortie audio aux."/>
		<phrase i="619" t="Commande auto. gain"/>
		<phrase i="620" t="Suppr. bruits"/>
		<phrase i="621" t="URL"/>
		<phrase i="622" t="Envoi slt"/>
		<phrase i="623" t="Envoi/récep."/>
		<phrase i="624" t="Récept. slt"/>
		<phrase i="625" t="Inactif"/>
		<phrase i="626" t="TCP slt"/>
		<phrase i="627" t="Micro ss fil"/>
		<phrase i="628" t="Autre entr."/>
		<phrase i="629" t="Sortie ext"/>
		<phrase i="630" t="Ht-parleur ext."/>
		<phrase i="631" t="Basses/aiguës"/>
		<phrase i="632" t="Audio aux."/>
		<phrase i="633" t="Ecouteurs poste"/>
		<phrase i="634" t="Audio"/>
		<phrase i="635" t="Selec. écouteurs poste"/>
		<phrase i="636" t="Micro"/>
		<phrase i="637" t="Ht-parl"/>
		<phrase i="638" t="Conférence"/>
		<phrase i="639" t="Ajouter MAC" t.IP_330="AjoutMAC"/>
		<phrase i="640" t="Vol.ht-parleur"/>
		<phrase i="641" t="Volume casque d'écoute"/>
		<phrase i="642" t="Volume combiné"/>
		<phrase i="643" t="Prise d'appel"/>
		<phrase i="644" t="Prise d'appel dirigée"/>
		<phrase i="645" t="Prise d'appel de groupe"/>
		<phrase i="646" t="Appuyez sur une touche pour quitter le test"/>
		<phrase i="647" t="Test interrompu"/>
		<phrase i="648" t="Étiqueter NS sur AU" t.IP_330="Etiq. SN"/>
		<phrase i="649" t="1000HD"/>
		<phrase i="650" t="1000FD"/>
		<phrase i="651" t="Diagnostiques réseau"/>
		<phrase i="652" t="Diagnostiques port LAN"/>
		<phrase i="653" t="Diagnostiques port PC"/>
		<phrase i="654" t="Diagnostiques gigabit Ethernet"/>
		<phrase i="655" t="Mode Normal"/>
		<phrase i="656" t="Transmettre forme d'ondes"/>
		<phrase i="657" t="Maître transmet instabilité"/>
		<phrase i="658" t="Esclave transmet instabilité"/>
		<phrase i="659" t="Transmettre distorsion"/>
		<phrase i="660" t="Indication micro actif"/>
		<phrase i="661" t="Audio mobile désactivé"/>
		<phrase i="662" t="Audio mobile activé"/>
		<phrase i="663" t="Appel audio"/>
		<phrase i="664" t="Appel vidéo"/>
		<phrase i="665" t="Appel audio/vidéo"/>
		<phrase i="666" t="Tout appel"/>
		<phrase i="667" t="Sélection du type de renvoi" t.IP_330="Renvoi"/>
		<phrase i="668" t="Toujours"/>
		<phrase i="669" t="Non réponse"/>
		<phrase i="670" t="Renvoi à la sonnerie"/>
		<phrase i="671" t="Renvoi d'appel sur non réponse" t.IP_330="Non réponse"/>
		<phrase i="672" t="Renvoi d'appel si occupé" t.IP_330="Occupé"/>
		<phrase i="673" t="Renvoi d'appel toujours" t.IP_330="Toujours"/>
		<phrase i="674" t="Filtrage VLAN"/>
		<phrase i="675" t="Filtrage avalanche"/>
		<phrase i="676" t="Contenu Web SIP"/>
		<phrase i="677" t="Passif"/>
		<phrase i="678" t="Erreur connexion en série :"/>
		<phrase i="679" t="Câbles Ethernet multiples"/>
		<phrase i="680" t="Connecter un seul câble Ethernet"/>
		<phrase i="681" t="Conflit de version"/>
		<phrase i="682" t="Contacter l'administrateur système."/>
		<phrase i="683" t="Afficher le contact"/>
		<phrase i="684" t="Afficher"/>
		<phrase i="685" t="Intensité maximale"/>
		<phrase i="686" t="Automatisation de test"/>
		<phrase i="687" t="Saisie clavier automatisation de test" t.IP_330="Saisie autom. test"/>
		<phrase i="688" t="Automatisation de test activée"/>
		<phrase i="689" t="Automatisation de test désactivée"/>
		<phrase i="690" t="Support de stockage branché"/>
		<phrase i="691" t="Support de stockage débranché"/>
		<phrase i="692" t="Support de stockage amovible"/>
		<phrase i="693" t="Parcourir les enregistrements"/>
		<phrase i="694" t="Propriétés du support de stockage"/>
		<phrase i="695" t="Total"/>
		<phrase i="696" t="Utilisé"/>
		<phrase i="697" t="Disponible"/>
		<phrase i="698" t="Aucun support de stockage branché."/>
		<phrase i="699" t="Aucun appel en cours."/>
		<phrase i="700" t="Lire le dernier enregistrement"/>
		<phrase i="701" t="Démarrer"/>
		<phrase i="702" t="Pause"/>
		<phrase i="703" t="Renommer"/>
		<phrase i="704" t="Supprimé"/>
		<phrase i="705" t="Infos sur le fichier" t.VVX_1500="Informations sur le fichier"/>
		<phrase i="706" t="Aucun fichier wav trouvé."/>
		<phrase i="707" t="Nom du fichier USB"/>
		<phrase i="708" t="Renommer le fichier"/>
		<phrase i="709" t="Le nom du fichier ne peut être vide"/>
		<phrase i="710" t="Ce fichier existe déjà"/>
		<phrase i="711" t="Enregistrer sous"/>
		<phrase i="712" t="Caractères spéciaux non autorisés"/>
		<phrase i="713" t="L'enregistrement n'a pas démarré."/>
		<phrase i="714" t="Ressource non disponible."/>
		<phrase i="715" t="Réécouter"/>
		<phrase i="716" t="Support de stockage plein."/>
		<phrase i="717" t="Enregistrement annulé."/>
		<phrase i="718" t="Enregistrement interrompu."/>
		<phrase i="719" t="Correspondant silencieux"/>
		<phrase i="720" t="Ouvrir"/>
		<phrase i="721" t="Débranchement de manière non sûre."/>
		<phrase i="722" t="Mis en pause"/>
		<phrase i="723" t="Terminé"/>
		<phrase i="724" t="*R*" t.VVX_1500="R"/>
		<phrase i="725" t="*P*" t.VVX_1500="P"/>
		<phrase i="726" t="h"/>
		<phrase i="727" t="min"/>
		<phrase i="728" t="sec"/>
		<phrase i="729" t="Plein"/>
		<phrase i="730" t="Répertoire de l'entreprise" t.IP_330="Rép. Entrep."/>
		<phrase i="731" t="Répertoire de l'entreprise"/>
		<phrase i="732" t="Serveur de répertoire non initialisé"/>
		<phrase i="733" t="Etat du répertoire de l'entreprise" t.IP_330="État rép. entr."/>
		<phrase i="734" t="Conserver la recherche"/>
		<phrase i="735" t="Mode main libre désactivé" t.IP_330="Mainlibre dés."/>
		<phrase i="736" t="Configuration du téléphone"/>
		<phrase i="737" t="Mode main libre"/>
		<phrase i="738" t="Périphérique USB non reconnu branché."/>
		<phrase i="739" t="Périphérique USB non reconnu débranché."/>
		<phrase i="740" t="Casque branché."/>
		<phrase i="741" t="Casque débranché."/>
		<phrase i="742" t="Casque"/>
		<phrase i="743" t="Configuration du casque"/>
		<phrase i="744" t="Mode casque analogique"/>
		<phrase i="745" t="Casque analogique"/>
		<phrase i="746" t="Mode normal"/>
		<phrase i="747" t="Mode Jabra"/>
		<phrase i="748" t="Format de fichier .wav non géré"/>
		<phrase i="749" t="Interrompre" t.IP_330="Interrompre"/>
		<phrase i="750" t="Enregistrement en cours"/>
		<phrase i="751" t="Action interrompue"/>
		<phrase i="752" t="Filtré" t.IP_330="Filt"/>
		<phrase i="753" t="Écoute annulée."/>
		<phrase i="754" t="Fichier en cours d'utilisation"/>
		<phrase i="755" t="Fond d'écran"/>
		<phrase i="756" t="Aperçu"/>
		<phrase i="757" t="Fond d'écran par défaut 1"/>
		<phrase i="758" t="Périphérique non prêt. Réessayez."/>
		<phrase i="759" t="Fond d'écran par défaut 2"/>
		<phrase i="760" t="Fond d'écran par défaut 3"/>
		<phrase i="761" t="Fond d'écran par défaut 4"/>
		<phrase i="762" t="Fichier introuvable" t.VVX_1500="Fond d'écran sélectionné non disponible."/>
		<phrase i="763" t="Éclaircir"/>
		<phrase i="764" t="Foncer"/>
		<phrase i="765" t="Opération non autorisée"/>
		<phrase i="766" t="Effacement en cours"/>
		<phrase i="767" t="Mémoire insuffisante pour continuer."/>
		<phrase i="768" t="Temps d'enregistrement disponible"/>
		<phrase i="769" t="ID du périphérique"/>
		<phrase i="770" t="Pas de réponse du serveur de répertoire" t.IP_330="Pas de rép CDSrvr"/>
		<phrase i="771" t="Recherche en cours..."/>
		<phrase i="772" t="Couleur de l'étiquette"/>
		<phrase i="773" t="Étiquette"/>
		<phrase i="774" t="Réinitialiser"/>
		<phrase i="775" t="Annuler"/>
		<phrase i="776" t="Aucune entrée trouvée." t.IP_330="Aucune entrée"/>
		<phrase i="777" t="Vérification du périphérique USB." t.IP_330="Vérif USB"/>
		<phrase i="778" t="Veuillez patienter jusqu'à 1 minute"/>
		<phrase i="779" t="Impossible d'enregistrer cette couleur."/>
		<phrase i="780" t="Le texte serait illisible."/>
		<phrase i="781" t="Redémarrage du téléphone"/>
		<phrase i="782" t="Réinialisation du téléphone"/>
		<phrase i="783" t="Fond d'écran par défaut 5"/>
		<phrase i="784" t="Index de composition abrégée invalide." t.IP_330="Index compo abrégée inv."/>
		<phrase i="785" t="Démarrer la vidéo"/>
		<phrase i="786" t="Arrêter la vidéo"/>
		<phrase i="787" t="Plein écran"/>
		<phrase i="788" t="PIP"/>
		<phrase i="789" t="Extraire"/>
		<phrase i="790" t="Vol. +"/>
		<phrase i="791" t="Vol. -"/>
		<phrase i="792" t="N° contact obligatoire." t.VVX_1500="Vous devez entrer le numéro du contact."/>
		<phrase i="793" t="Numéro existant." t.VVX_1500="Ce numéro existe déjà."/>
		<phrase i="794" t="Entrez un nom"/>
		<phrase i="795" t="Basculer"/>
		<phrase i="796" t="Mode Plantronics"/>
		<phrase i="797" t="Index existant." t.VVX_1500="L'index de comp. abrégée existe déjà."/>
		<phrase i="798" t="Caméra locale"/>
		<phrase i="799" t="Appels standardiste"/>
		<phrase i="800" t="Cadre Photo"/>
		<phrase i="801" t="Configuration de la caméra"/>
		<phrase i="802" t="ABC"/>
		<phrase i="803" t="123"/>
		<phrase i="804" t="(A,B,C) Entrer le numéro"/>
		<phrase i="805" t="(1,2,3) Entrer le numéro"/>
		<phrase i="806" t="Config. invalide" t.VVX_1500="Configuration invalide"/>
		<phrase i="807" t="Erreur d'identification"/>
		<phrase i="808" t="Transfert"/>
		<phrase i="809" t="Cadence de prise de vue cible"/>
		<phrase i="810" t="Luminosité"/>
		<phrase i="811" t="Saturation"/>
		<phrase i="812" t="Contraste"/>
		<phrase i="813" t="Netteté"/>
		<phrase i="814" t="Éviter le clignotement"/>
		<phrase i="815" t="Menu"/>
		<phrase i="816" t="Paramètres vidéo"/>
		<phrase i="817" t="Démarrage auto. de la transmission vidéo"/>
		<phrase i="818" t="Mode d'écran vidéo (fenêtre)"/>
		<phrase i="819" t="Maître"/>
		<phrase i="820" t="Esclave"/>
		<phrase i="821" t="Horloge LAN 1000BT"/>
		<phrase i="822" t="Horloge PC 1000BT"/>
		<phrase i="823" t="Type d'appel"/>
		<phrase i="824" t="Audio"/>
		<phrase i="825" t="Vidéo"/>
		<phrase i="826" t="Téléphone de conférence SIP"/>
		<phrase i="827" t="Préférences HDX"/>
		<phrase i="828" t="Type d'appel vocal"/>
		<phrase i="829" t="Annulation d'écho"/>
		<phrase i="830" t="Mode d'annulation d'écho"/>
		<phrase i="831" t="Atteindre"/>
		<phrase i="832" t="Mode d'écran vidéo (plein écran)"/>
		<phrase i="833" t="Cadre Photo"/>
		<phrase i="834" t="Écran de veille"/>
		<phrase i="835" t="Dossier"/>
		<phrase i="836" t="Durée par image (sec)"/>
		<phrase i="837" t="Attente (min)"/>
		<phrase i="838" t="Type d'écran de veille"/>
		<phrase i="839" t="Aucune image trouvée."/>
		<phrase i="840" t="Image d'arrière-plan modifiée."/>
		<phrase i="841" t="Transmission/Réception vidéo"/>
		<phrase i="842" t="Transmission/Réception audio"/>
		<phrase i="843" t="Codec média"/>
		<phrase i="844" t="Format vidéo transm./réception"/>
		<phrase i="845" t="Fréquence vidéo transm./récep."/>
		<phrase i="846" t="Débit vidéo tr./réc. (kbit/s)"/>
		<phrase i="847" t="Demandes mise à jour tr./réc."/>
		<phrase i="848" t="Paquets de données"/>
		<phrase i="849" t="Concentrateur USB connecté."/>
		<phrase i="850" t="Concentrateur USB déconnecté."/>
		<phrase i="851" t="Souris USB connectée."/>
		<phrase i="852" t="Souris USB déconnectée."/>
		<phrase i="853" t="Clavier USB connecté."/>
		<phrase i="854" t="Clavier USB déconnecté."/>
		<phrase i="855" t="Compatible vidéo"/>
		<phrase i="856" t="Vidéo active"/>
		<phrase i="857" t="Statistiques vidéo"/>
		<phrase i="858" t="Statistiques audio"/>
		<phrase i="859" t="Nettoyage de l'écran"/>
		<phrase i="860" t="L'écran tactile est désactivé."/>
		<phrase i="861" t="Appuyez sur une touche pour sortir."/>
		<phrase i="862" t="Fichier local"/>
		<phrase i="863" t="Plate-forme de lancement d'application"/>
		<phrase i="864" t="Codec de transmission audio"/>
		<phrase i="865" t="Codec de réception audio"/>
		<phrase i="866" t="Codec de transmission vidéo"/>
		<phrase i="867" t="Codec de réception vidéo"/>
		<phrase i="868" t="Écran noir"/>
		<phrase i="869" t="Plein écran vidéo automatique"/>
		<phrase i="870" t="Sélection vidéo"/>
		<phrase i="871" t="Config. rapide" t.VVX_1500="Configuration rapide"/>
		<phrase i="872" t="Configuration rapide"/>
		<phrase i="873" t="Format fichier de fond d'écran non géré."/>
		<phrase i="874" t="Déconnecter le téléphone du réseau avant"/>
		<phrase i="875" t="de lancer le diagnostic Ethernet."/>
		<phrase i="876" t="Appuyer sur [0-4] pour tester le réseau."/>
		<phrase i="877" t="Mode : mode Normal"/>
		<phrase i="878" t="Mode non géré."/>
		<phrase i="879" t="Sortie auxiliaire active."/>
		<phrase i="880" t="Sortie auxiliaire inactive."/>
		<phrase i="881" t="ACD"/>
		<phrase i="882" t="Ouvrir une session"/>
		<phrase i="883" t="Fermer la session"/>
		<phrase i="884" t="Ouvrir une session A" t.IP_330="OuvSessionA"/>
		<phrase i="885" t="Fermer la session A" t.IP_330="FermSessionA"/>
		<phrase i="886" t="Ouvrir/Fermer session ACD"/>
		<phrase i="887" t="Statut d'agent ACD"/>
		<phrase i="888" t="Statut ACD initial"/>
		<phrase i="889" t="Ouvrir une session Agent"/>
		<phrase i="890" t="Fermer la session Agent"/>
		<phrase i="891" t="Synthèse"/>
		<phrase i="892" t="Statut d'agent"/>
		<phrase i="893" t="Aucun serveur configuré."/>
		<phrase i="894" t="Déperdition de paquets (ms)"/>
		<phrase i="895" t="Instabilité maximale (ms)"/>
		<phrase i="896" t="Poste HDX"/>
		<phrase i="897" t="Saisir le poste HDX :"/>
		<phrase i="898" t="50 Hz"/>
		<phrase i="899" t="60 Hz"/>
		<phrase i="900" t="Sélectionner l'environnement"/>
		<phrase i="901" t="Configuration d'appel vidéo"/>
		<phrase i="902" t="Mode d'écran vidéo"/>
		<phrase i="903" t="Vue caméra locale"/>
		<phrase i="904" t="Vue caméra locale (normale)"/>
		<phrase i="905" t="Vue caméra locale (plein écran)"/>
		<phrase i="906" t="Mode vue caméra locale (plein écran)"/>
		<phrase i="907" t="Rogner"/>
		<phrase i="908" t="Côte à côte"/>
		<phrase i="909" t="Vidéo active avec\nseulement un interlocuteur à la fois."/>
		<phrase i="910" t="Économie d'énergie"/>
		<phrase i="911" t="Délais d'attente"/>
		<phrase i="912" t="Heures ouvrables"/>
		<phrase i="913" t="Détection d'utilisateur"/>
		<phrase i="914" t="Heure de début"/>
		<phrase i="915" t="Délai temps mort heures ouvrables"/>
		<phrase i="916" t="Délai temps mort heures non ouvrables"/>
		<phrase i="917" t="Délai temps mort entrée utilisateur"/>
		<phrase i="918" t="Sensibilité heures ouvrables"/>
		<phrase i="919" t="Sensibilité heures non ouvrables"/>
		<phrase i="920" t="Mode heures non ouvrables"/>
		<phrase i="921" t="Plus de caract..." t.IP_330="Plus de caract..." t.VVX_1500="Trop de résultats. Entrez plus de caractères."/>
		<phrase i="922" t="RechAvancée"/>
		<phrase i="923" t="Recherche avancée"/>
		<phrase i="924" t="Terminer toute la conférence ?"/>
		<phrase i="925" t=""/>
		<phrase i="926" t=""/>
		<phrase i="927" t=""/>
		<phrase i="928" t=""/>
		<phrase i="929" t=""/>
		<phrase i="930" t=""/>
		<phrase i="931" t=""/>
		<phrase i="932" t=""/>
		<phrase i="933" t=""/>
		<phrase i="934" t=""/>
		<phrase i="935" t=""/>
		<phrase i="936" t=""/>
		<phrase i="937" t=""/>
		<phrase i="938" t="Speakerphone"/>
		<phrase i="939" t=""/>
		<phrase i="940" t=""/>
		<phrase i="941" t=""/>
		<phrase i="942" t=""/>
		<phrase i="943" t=""/>
		<phrase i="944" t=""/>
		<phrase i="945" t=""/>
		<phrase i="946" t=""/>
		<phrase i="947" t=""/>
		<phrase i="948" t=""/>
		<phrase i="949" t=""/>
		<phrase i="950" t=""/>
		<phrase i="951" t=""/>
		<phrase i="952" t=""/>
		<phrase i="953" t=""/>
		<phrase i="954" t=""/>
		<phrase i="955" t=""/>
		<phrase i="956" t=""/>
		<phrase i="957" t=""/>
		<phrase i="958" t=""/>
		<phrase i="959" t="Augmenter la priorité du fond d'écran"/>
		<phrase i="960" t="Sélectionner un fond d'écran"/>
		<phrase i="961" t="Fond d'écran"/>
		<phrase i="962" t="Configuration ligne"/>
		<phrase i="963" t="Configuration serveur SIP" t.VVX_1500="Configuration serveur d'appel"/>
		<phrase i="964" t="OAI Alert"/>
		<phrase i="965" t="OAI Call"/>
		<phrase i="966" t="LLDP"/>
		<phrase i="967" t="Emplacement des infos"/>
		<phrase i="968" t="Capture d'écran"/>
		<phrase i="969" t="SK1"/>
		<phrase i="970" t="SK2"/>
		<phrase i="971" t="SK3"/>
		<phrase i="972" t="SK4"/>
		<phrase i="973" t="Stockage USB : %s restant."/>
		<phrase i="974" t="Installé"/>
		<phrase i="975" t="Non installé"/>
		<phrase i="976" t="Non valide"/>
		<phrase i="977" t="Identification ligne ACD requise."/>
		<phrase i="978" t="Débit"/>
		<phrase i="979" t="Sélectionner un débit"/>
		<phrase i="980" t="Débit vidéo tr./réc. (kbit/s)"/>
		<phrase i="981" t="Stockage USB : plein."/>
		<phrase i="982" t="Configuration de protocole"/>
		<phrase i="983" t="Sélectionner un protocole"/>
		<phrase i="984" t="Type de protocole"/>
		<phrase i="985" t="SIP"/>
		<phrase i="986" t="H.323"/>
		<phrase i="987" t="SIP + H.323"/>
		<phrase i="988" t="Découverte Gatekeeper auto"/>
		<phrase i="989" t="Identification"/>
		<phrase i="990" t="Touches de ligne"/>
		<phrase i="991" t="Serveur d'appel"/>
		<phrase i="992" t="La liste des serveurs d'appel est vide"/>
		<phrase i="993" t="Sonnerie produite"/>
		<phrase i="994" t="Enregistrement"/>
		<phrase i="995" t="Enregistrement interrompu"/>
		<phrase i="996" t="Licences"/>
		<phrase i="997" t="Aucune licence installée"/>
		<phrase i="998" t="Diffie-Hellman Secret Key"/>
		<phrase i="999" t="Lien non pris en charge"/>
		<phrase i="1000" t="Secure Shell"/>
		<phrase i="1001" t="Connexion SSH"/>
		<phrase i="1002" t="État SSH"/>
		<phrase i="1003" t="Port passerelle"/>
		<phrase i="1004" t="Connexion établie"/>
		<phrase i="1005" t="Code d'erreur"/>
		<phrase i="1006" t="Utiliser H.323"/>
		<phrase i="1007" t="Utiliser SIP"/>
		<phrase i="1008" t="Utiliser Auto"/>
		<phrase i="1009" t="(routage SIP)"/>
		<phrase i="1010" t="(routage H.323)"/>
		<phrase i="1011" t="(routage auto)"/>
		<phrase i="1012" t="Sélect. Utiliser SIP ou Utiliser H.323"/>
		<phrase i="1013" t="Non précisé"/>
		<phrase i="1014" t="Applications - Continuer"/>
		<phrase i="1015" t="Applications - Accueil"/>
		<phrase i="1016" t="Enregistrement (Attente)"/>
		<phrase i="1017" t="Routage de protocole"/>
		<phrase i="1018" t="Routage de protocole manuel"/>
		<phrase i="1019" t="Contrôle par touches logicielles"/>
		<phrase i="1020" t="Protocole favori"/>
		<phrase i="1021" t="Réponse auto"/>
		<phrase i="1022" t="Réponse auto aux appels SIP"/>
		<phrase i="1023" t="Réponse auto aux appels H.323"/>
		<phrase i="1024" t="Silence microphone"/>
		<phrase i="1025" t="Silence vidéo"/>
		<phrase i="1026" t="Préférence de routage automatique"/>
		<phrase i="1027" t="Protocole"/>
		<phrase i="1028" t="Protocole SIP"/>
		<phrase i="1029" t="Protocole H.323"/>
		<phrase i="1030" t="Autoriser le partage avec "/>
		<phrase i="1031" t="Sonnerie audible"/>
		<phrase i="1032" t="Format Option 60"/>
		<phrase i="1033" t="Binaire RFC3925"/>
		<phrase i="1034" t="Chaîne ASCII"/>
		<phrase i="1035" t=""/>
		<phrase i="1036" t=""/>
		<phrase i="1037" t=""/>
		<phrase i="1038" t=""/>
		<phrase i="1039" t=""/>
		<phrase i="1040" t=""/>
		<phrase i="1041" t=""/>
		<phrase i="1042" t=""/>
		<phrase i="1043" t=""/>
		<phrase i="1044" t=""/>
		<phrase i="1045" t=""/>
		<phrase i="1046" t=""/>
		<phrase i="1047" t=""/>
		<phrase i="1048" t=""/>
		<phrase i="1049" t=""/>
		<phrase i="1050" t=""/>
		<phrase i="1051" t=""/>
		<phrase i="1052" t=""/>
		<phrase i="1053" t=""/>
		<phrase i="1054" t=""/>
		<phrase i="1055" t=""/>
		<phrase i="1056" t=""/>
		<phrase i="1057" t=""/>
		<phrase i="1058" t=""/>
		<phrase i="1059" t=""/>
		<phrase i="1060" t=""/>
		<phrase i="1061" t=""/>
		<phrase i="1062" t=""/>
		<phrase i="1063" t=""/>
		<phrase i="1064" t=""/>
		<phrase i="1065" t=""/>
		<phrase i="1066" t=""/>
		<phrase i="1067" t=""/>
		<phrase i="1068" t=""/>
		<phrase i="1069" t=""/>
		<phrase i="1070" t=""/>
		<phrase i="1071" t=""/>
		<phrase i="1072" t=""/>
		<phrase i="1073" t=""/>
		<phrase i="1074" t=""/>
		<phrase i="1075" t=""/>
		<phrase i="1076" t=""/>
		<phrase i="1077" t=""/>
		<phrase i="1078" t=""/>
		<phrase i="1079" t=""/>
		<phrase i="1080" t=""/>
		<phrase i="1081" t=""/>
		<phrase i="1082" t=""/>
		<phrase i="1083" t=""/>
		<phrase i="1084" t=""/>
		<phrase i="1085" t=""/>
		<phrase i="1086" t=""/>
		<phrase i="1087" t=""/>
		<phrase i="1088" t=""/>
		<phrase i="1089" t=""/>
		<phrase i="1090" t=""/>
		<phrase i="1091" t=""/>
		<phrase i="1092" t=""/>
		<phrase i="1093" t=""/>
		<phrase i="1094" t=""/>
		<phrase i="1095" t=""/>
		<phrase i="1096" t=""/>
		<phrase i="1097" t=""/>
		<phrase i="1098" t=""/>
		<phrase i="1099" t=""/>
		<phrase i="1100" t=""/>
		<phrase i="1101" t=""/>
		<phrase i="1102" t=""/>
		<phrase i="1103" t=""/>
		<phrase i="1104" t=""/>
		<phrase i="1105" t=""/>
		<phrase i="1106" t=""/>
		<phrase i="1107" t=""/>
		<phrase i="1108" t=""/>
		<phrase i="1109" t=""/>
		<phrase i="1110" t=""/>
		<phrase i="1111" t=""/>
		<phrase i="1112" t=""/>
		<phrase i="1113" t=""/>
		<phrase i="1114" t=""/>
		<phrase i="1115" t=""/>
		<phrase i="1116" t=""/>
		<phrase i="1117" t="Sauver et redémarrer"/>
		<phrase i="1118" t=""/>
		<phrase i="1119" t="2.5 mm Mode"/>
		<phrase i="1120" t="Cell Phone"/>
		<phrase i="1121" t="PC Link"/>
		<phrase i="1122" t="Prompt"/>
		<phrase i="1123" t="Operational Mode"/>
		<phrase i="1124" t="PSTN"/>
		<phrase i="1125" t="Retained Message"/>
		<phrase i="1126" t=""/>
		<phrase i="1127" t="Diagnostics écran tactile"/>
		<phrase i="1128" t="Appuyer sur une touche pour sortir."/>
		<phrase i="1129" t="Toucher l'écran pour tester."/>
		<phrase i="1130" t="Répertoire CMA"/>
		<phrase i="1131" t="Groupes"/>
		<phrase i="1132" t="Ajouter un contact"/>
		<phrase i="1133" t="Menu CMA"/>
		<phrase i="1134" t="Mode CMA"/>
		<phrase i="1135" t="Serveur CMA"/>
		<phrase i="1136" t="Infos d'identification"/>
		<phrase i="1137" t="Utilisateur"/>
		<phrase i="1138" t="Valide jusqu'au"/>
		<phrase i="1139" t="Expiré"/>
		<phrase i="1140" t="Réinitialiser configuration Web" t.IP_330="Réinit conf Web"/>
		<phrase i="1141" t="TR-069 Enable"/>
		<phrase i="1142" t="TR-069 URL"/>
		<phrase i="1143" t="TR-069 SSL"/>
		<phrase i="1144" t="TR-069 Inform Interval"/>
		<phrase i="1145" t="TR-069 Username"/>
		<phrase i="1146" t="TR-069 Password"/>
		<phrase i="1147" t="Verrouiller le téléphone"/>
		<phrase i="1148" t="Verrouiller"/>
		<phrase i="1149" t="Déverrouiller"/>
		<phrase i="1150" t="Le téléphone est verrouillé."/>
		<phrase i="1151" t="Appels autorisés seulement."/>
		<phrase i="1152" t="NPD quand verrouillé"/>
		<phrase i="1153" t="Autoriser la sonnerie quand verrouillé"/>
		<phrase i="1154" t="Déverrouiller le téléphone ?"/>
		<phrase i="1155" t="Répondre à l'appel ?"/>
		<phrase i="1156" t="Émettre un appel autorisé"/>
		<phrase i="1157" t="Numéro non autorisé"/>
		<phrase i="1158" t="Numéro de téléphone"/>
		<phrase i="1159" t="Adresse SIP"/>
		<phrase i="1160" t="Shutdown initiated"/>
		<phrase i="1161" t="On-hook Dialing"/>
		<phrase i="1162" t="Off-hook Dialing"/>
		<phrase i="1163" t="Mode audio"/>
		<phrase i="1164" t="Country"/>
		<phrase i="1165" t="Enr ds favoris imposs. Enr ds liste ctacts locale?"/>
		<phrase i="1166" t="Flash Timing"/>
		<phrase i="1167" t="Caller ID"/>
		<phrase i="1168" t="80"/>
		<phrase i="1169" t="100"/>
		<phrase i="1170" t="300"/>
		<phrase i="1171" t="600"/>
		<phrase i="1172" t="Removed"/>
		<phrase i="1173" t="JournalAppels"/>
		<phrase i="1174" t="Impossible de verrouiller le téléphone."/>
		<phrase i="1175" t="PSTN Extension"/>
		<phrase i="1176" t="Enter PSTN Extension:"/>
		<phrase i="1177" t="Rechercher dans"/>
		<phrase i="1178" t="Combiné/Casque"/>
		<phrase i="1179" t="Vous ne pouvez pas faire partie de vos contacts favoris."/>
		<phrase i="1180" t="Dismiss"/>
		<phrase i="1181" t="Snooze"/>
		<phrase i="1182" t="%s will start in %d %s at %s"/>
		<phrase i="1183" t="Calendar"/>
		<phrase i="1184" t="minutes"/>
		<phrase i="1185" t="seconds"/>
		<phrase i="1186" t="minute"/>
		<phrase i="1187" t="second"/>
		<phrase i="1188" t="Keypad Lock"/>
		<phrase i="1189" t="Keypad Unlock"/>
		<phrase i="1190" t="Keypad locked."/>
		<phrase i="1191" t="Lock the phone?"/>
		<phrase i="1192" t="Aucun groupe trouvé."/>
		<phrase i="1193" t="Certificats de périphérique"/>
		<phrase i="1194" t="Cert Polycom" t.VVX_1500="Cert Polycom configuré"/>
		<phrase i="1195" t="Cert chargé" t.VVX_1500="Cert configuré chargé"/>
		<phrase i="1196" t="Polycom présent" t.VVX_1500="Cert périph Polycom présent"/>
		<phrase i="1197" t="Non Polycom présent" t.VVX_1500="Cert périph non Polycom présent"/>
		<phrase i="1198" t="Description cert non Polycom" t.VVX_1500="Description cert périph non Polycom"/>
		<phrase i="1199" t="TR-069 Upgrades Managed"/>
		<phrase i="1200" t="Cert périphérique"/>
		<phrase i="1201" t="Lecture en cours."/>
		<phrase i="1202" t="Liste ctacts locale en lecture seule."/>
		<phrase i="1203" t="Échec de l'authentification CMA."/>
		<phrase i="1204" t="Erreur de configuration CMA."/>
		<phrase i="1205" t="Clavier et souris distants"/>
		<phrase i="1206" t="Le téléphone se trouve-t-il à gauche ou à droite de votre ordinateur ?"/>
		<phrase i="1207" t="A gauche"/>
		<phrase i="1208" t="A droite"/>
		<phrase i="1209" t="Liste"/>
		<phrase i="1210" t="Entrer le code de motif"/>
		<phrase i="1211" t="Télécharger la configuration"/>
		<phrase i="1212" t="TR-069"/>
		<phrase i="1213" t="CMA"/>
		<phrase i="1214" t="Toutes les sources"/>
		<phrase i="1215" t="En local"/>
		<phrase i="1216" t="Web"/>
		<phrase i="1217" t="Télécharger"/>
		<phrase i="1218" t="Fichiers de configuration" t.IP_330="Fichiers de config."/>
		<phrase i="1219" t="Code de motif non disponible"/>
		<phrase i="1220" t="Agent non disp."/>
		<phrase i="1221" t="Avertissement fichier de configuration" t.IP_330="Config antérieure à 3.3.0"/>
		<phrase i="1222" t=" contient des paramètres antérieurs à 3.3.0"/>
		<phrase i="1223" t="aucune"/>
		<phrase i="1224" t="Résumé"/>
		<phrase i="1225" t="Paramètres en double trouvés" t.IP_330="Doubles trouvés"/>
		<phrase i="1226" t="Erreurs trouvées"/>
		<phrase i="1227" t="Paramètres acceptés"/>
		<phrase i="1228" t="Paramètres antérieurs à 3.3.0 trouvés"/>
		<phrase i="1229" t="Paramètres antérieurs à 3.3.0 trouvés dans :" t.IP_330="Paramètres antérieurs à 3.3.0 dans :"/>
		<phrase i="1230" t="Requête toujours en suspens. Réessayez plus tard."/>
		<phrase i="1231" t="Répertoire CMA non enregistré."/>
		<phrase i="1232" t="Liste de favoris CMA non enregistrée."/>
		<phrase i="1233" t="Infos d'appel"/>
		<phrase i="1234" t="Mettre à jour la configuration"/>
		<phrase i="1235" t="Infos d'identification incorrectes."/>
		<phrase i="1236" t="Impossible de récupérer l'adresse."/>
		<phrase i="1237" t="Echec de numérotation."/>
		<phrase i="1238" t="Echec d'ajout du contact."/>
		<phrase i="1239" t="Etat CMA"/>
		<phrase i="1240" t="Enregistrement de liste de favoris"/>
		<phrase i="1241" t="Enregistrement répertoire"/>
		<phrase i="1242" t="Etat de configuration"/>
		<phrase i="1243" t="Nom d'hôte du serveur"/>
		<phrase i="1244" t="Contrôle de mise à jour du logiciel"/>
		<phrase i="1245" t="Contrôle de mise à jour du profil"/>
		<phrase i="1246" t="Rapport sur les battements de cœur"/>
		<phrase i="1247" t="Réussite"/>
		<phrase i="1248" t="Echec"/>
		<phrase i="1249" t="Invitations"/>
		<phrase i="1250" t="Invitation de contact favori en attente"/>
		<phrase i="1251" t="Liste Contacts favoris"/>
		<phrase i="1252" t="Méthode d'acceptation des invitations"/>
		<phrase i="1253" t="Intervalles d'interrogation de configuration"/>
		<phrase i="1254" t="Automatique"/>
		<phrase i="1255" t="Revalider"/>
		<phrase i="1256" t="La revalidation peut verrouiller le compte de l'utilisateur si les informations d'identification sont incorrectes."/>
		<phrase i="1257" t="Voulez-vous continuer ?"/>
		<phrase i="1258" t="Erreur de configuration" t.IP_330="Erreur de config"/>
		<phrase i="1259" t="Échec de mise à jour de la configuration."/>
                <phrase i="1260" t="" />
                <phrase i="1261" t="" />
                <phrase i="1262" t="" />
                <phrase i="1263" t="Renv" />
	</phrases>
	<textEntry>
		<Entry ID="0" key="=, $/~_?0"/>
		<Entry ID="1" key="!|'^\@:1"/>
		<Entry ID="2" key="abc2àâçæ"/>
		<Entry ID="3" key="def3éèêë"/>
		<Entry ID="4" key="ghi4îï"/>
		<Entry ID="5" key="jkl5"/>
		<Entry ID="6" key="mno6ôñ"/>
		<Entry ID="7" key="pqrs7"/>
		<Entry ID="8" key="tuv8ùû"/>
		<Entry ID="9" key="wxyz9ÿ"/>
		<Entry ID="*" key=".*#-&amp;%+;"/>
		<Entry ID="#"/>
	</textEntry>
</dictionary>