﻿<?xml version="1.0" encoding="UTF-8" standalone="yes"?>
<dictionary>
	<phrases>
		<phrase i="0" t="뒤로"/>
		<phrase i="1" t="다이얼"/>
		<phrase i="2" t="연락처 편집"/>
		<phrase i="3" t="편집"/>
		<phrase i="4" t="위로"/>
		<phrase i="5" t="저장"/>
		<phrase i="6" t="다음"/>
		<phrase i="7" t="신규"/>
		<phrase i="8" t="오케이"/>
		<phrase i="9" t="추가"/>
		<phrase i="10" t="지우기"/>
		<phrase i="11" t="정보"/>
		<phrase i="12" t="전송"/>
		<phrase i="13" t="선택"/>
		<phrase i="14" t="삭제"/>
		<phrase i="15" t="가져오기"/>
		<phrase i="16" t="차단"/>
		<phrase i="17" t="감시"/>
		<phrase i="18" t="차단해제" t.IP_330="차단해제"/>
		<phrase i="19" t="내 상태" t.VVX_1500="내 상태"/>
		<phrase i="20" t="친구들" t.IP_330="친구"/>
		<phrase i="21" t="재개"/>
		<phrase i="22" t="재생"/>
		<phrase i="23" t="통화 종료" t.IP_330="통화종료"/>
		<phrase i="24" t="새로운 통화" t.IP_330="새 통화"/>
		<phrase i="25" t="재다이얼"/>
		<phrase i="26" t="응답"/>
		<phrase i="27" t="이름"/>
		<phrase i="28" t="번호"/>
		<phrase i="29" t="대기"/>
		<phrase i="30" t="회의통화" t.IP_330="회의" t.VVX_1500="회의통화"/>
		<phrase i="31" t="돌려주기" t.IP_330="돌림" t.VVX_1500="돌려주기"/>
		<phrase i="32" t="끝"/>
		<phrase i="33" t="다음"/>
		<phrase i="34" t="이전" t.VVX_1500="이전"/>
		<phrase i="35" t="회신"/>
		<phrase i="36" t="종료"/>
		<phrase i="37" t="취소"/>
		<phrase i="38" t="소문자를 대문자로"/>
		<phrase i="39" t="대문자를 소문자로"/>
		<phrase i="40" t="대문자 모드"/>
		<phrase i="41" t="이전에 입력한 문자 삭제"/>
		<phrase i="42" t="제출"/>
		<phrase i="43" t="다음 페이지" t.VVX_1500="다음 페이지"/>
		<phrase i="44" t="갱신"/>
		<phrase i="45" t="인스턴트 메세지"/>
		<phrase i="46" t="메세지 없음"/>
		<phrase i="47" t="에게 메세지를 보내십시오 "/>
		<phrase i="48" t="메세지를 입력하십시오 "/>
		<phrase i="49" t="내 상태"/>
		<phrase i="50" t="디렉토리"/>
		<phrase i="51" t="디렉터리"/>
		<phrase i="52" t="서비스"/>
		<phrase i="53" t="응용프로그램"/>
		<phrase i="54" t="스피드 다이얼"/>
		<phrase i="55" t="스피드 다이얼 정보" t.VVX_1500="스피드 다이얼 정보"/>
		<phrase i="56" t="전화 리스트"/>
		<phrase i="57" t="연락처 편집"/>
		<phrase i="58" t="감시되는 사용자 리스트"/>
		<phrase i="59" t="감시자 리스트"/>
		<phrase i="60" t="차단된 리스트"/>
		<phrase i="61" t="부재중 전화"/>
		<phrase i="62" t="수신된 전화"/>
		<phrase i="63" t="송신된 전화"/>
		<phrase i="64" t="CDP 호환성" t.IP_330="CDP 호환"/>
		<phrase i="65" t="어플리케이션 정보"/>
		<phrase i="66" t="지원되는 코덱"/>
		<phrase i="67" t="감시되는 사용자 추가"/>
		<phrase i="68" t="네트워크 서머리"/>
		<phrase i="69" t="친구 리스트"/>
		<phrase i="70" t="친구 상태"/>
		<phrase i="71" t="벨소리 종류"/>
		<phrase i="72" t="상태"/>
		<phrase i="73" t="설정"/>
		<phrase i="74" t="메뉴"/>
		<phrase i="75" t="네트워크 통계"/>
		<phrase i="76" t="미디어 통계"/>
		<phrase i="77" t="펌웨어 버전"/>
		<phrase i="78" t="대조"/>
		<phrase i="79" t="네트워크 설정"/>
		<phrase i="80" t="통화 정보"/>
		<phrase i="81" t="정보"/>
		<phrase i="82" t="시스템 정보"/>
		<phrase i="83" t="활성화"/>
		<phrase i="84" t="비활성화"/>
		<phrase i="85" t="익명"/>
		<phrase i="86" t="일"/>
		<phrase i="87" t="일"/>
		<phrase i="88" t="요청 중입니다"/>
		<phrase i="89" t="요청하는데 실패했습니다"/>
		<phrase i="90" t="영어"/>
		<phrase i="91" t="내부"/>
		<phrase i="92" t="풀-듀플렉스"/>
		<phrase i="93" t="하프-듀플렉스"/>
		<phrase i="94" t="보기"/>
		<phrase i="95" t="*** 경고 ***"/>
		<phrase i="96" t="라우터"/>
		<phrase i="97" t="아래로"/>
		<phrase i="98" t="경과된 시간"/>
		<phrase i="99" t="패킷 수신"/>
		<phrase i="100" t="패킷 송신"/>
		<phrase i="101" t="패킷 누락"/>
		<phrase i="102" t="LAN 포트"/>
		<phrase i="103" t="PC 포트"/>
		<phrase i="104" t="인스턴트 메세지" t.IP_330="인스턴트메세지"/>
		<phrase i="105" t="발신지를 지정하십시오"/>
		<phrase i="106" t="활성화"/>
		<phrase i="107" t="파형난조 (ms)"/>
		<phrase i="108" t="최대파형난조 (ms)"/>
		<phrase i="109" t="지연시간 (ms)"/>
		<phrase i="110" t="어플리케이션 개정"/>
		<phrase i="111" t="부트 개정"/>
		<phrase i="112" t="벨소리"/>
		<phrase i="113" t="기록이 없습니다"/>
		<phrase i="114" t="부재 중 통화 리스트"/>
		<phrase i="115" t="수신된 통화 리스트"/>
		<phrase i="116" t="통화내역 리스트"/>
		<phrase i="117" t="삭제됨"/>
		<phrase i="118" t="연락처"/>
		<phrase i="119" t="오후"/>
		<phrase i="120" t="오전"/>
		<phrase i="121" t="시간"/>
		<phrase i="122" t="이름"/>
		<phrase i="123" t="통화시간"/>
		<phrase i="124" t=" 의 말: "/>
		<phrase i="125" t="에게 보내는 메세지 "/>
		<phrase i="126" t="메세지를 받았습니다."/>
		<phrase i="127" t="전화해 주십시오."/>
		<phrase i="128" t="에 전화해 주십시오."/>
		<phrase i="129" t="지금은 대화를 나눌 수 없습니다."/>
		<phrase i="130" t="점심 식사하러 가십니까?"/>
		<phrase i="131" t="가져오기"/>
		<phrase i="132" t="가져오기 실패"/>
		<phrase i="133" t="언어"/>
		<phrase i="134" t="번호를 입력하십시오"/>
		<phrase i="135" t="URL을 입력하십시오"/>
		<phrase i="136" t="분리"/>
		<phrase i="137" t="연결"/>
		<phrase i="138" t="에게"/>
		<phrase i="139" t="로부터"/>
		<phrase i="140" t="착신 전환" t.IP_330="전환"/>
		<phrase i="141" t="에게"/>
		<phrase i="142" t="일시 정지"/>
		<phrase i="143" t="일시 정지"/>
		<phrase i="144" t=" 새 메세지"/>
		<phrase i="145" t=" 새 메세지"/>
		<phrase i="146" t="통화"/>
		<phrase i="147" t="네트워크 링크가 끊어졌습니다"/>
		<phrase i="148" t="네트워크 재 설정 중" t.IP_330="재 설정 중" t.VVX_1500="재 설정"/>
		<phrase i="149" t=" 새로운 부재 중 통화"/>
		<phrase i="150" t=" 새로운 부재 중 통화"/>
		<phrase i="151" t="재시동 되었습니다"/>
		<phrase i="152" t="일시 정지된 통화"/>
		<phrase i="153" t="끊어졌습니다"/>
		<phrase i="154" t="온라인"/>
		<phrase i="155" t="용무 중"/>
		<phrase i="156" t="곧 돌아오겠음"/>
		<phrase i="157" t="자리 비움"/>
		<phrase i="158" t="통화가능"/>
		<phrase i="159" t="점심식사 중"/>
		<phrase i="160" t="회의 중입니다"/>
		<phrase i="161" t="오프라인"/>
		<phrase i="162" t="방해하지 말아 주십시오"/>
		<phrase i="163" t="일시 중지"/>
		<phrase i="164" t="서버 부팅"/>
		<phrase i="165" t="서버 부팅 선택사항"/>
		<phrase i="166" t="서버 부팅 종류"/>
		<phrase i="167" t="서버 종류" t.IP_330="서버종류"/>
		<phrase i="168" t="서버 주소" t.IP_330="서버주소"/>
		<phrase i="169" t="서버 사용자" t.IP_330="서버사용자"/>
		<phrase i="170" t="서버 패스워드" t.IP_330="서버패스워드"/>
		<phrase i="171" t="DHCP 클라이언트" t.IP_330="DHCP클라이언트"/>
		<phrase i="172" t="DHCP 메뉴"/>
		<phrase i="173" t="전화기 IP 주소" t.VVX_1500="전화기 IP 주소"/>
		<phrase i="174" t="서브넷 마스크" t.IP_330="서브넷마스크"/>
		<phrase i="175" t="IP 게이트웨이"/>
		<phrase i="176" t="서버 메뉴" t.IP_330="서버메뉴"/>
		<phrase i="177" t="SNTP 주소" t.IP_330="SNTP주소"/>
		<phrase i="178" t="GMT 시차"/>
		<phrase i="179" t="DNS 서버"/>
		<phrase i="180" t="DNS 대체 서버"/>
		<phrase i="181" t="DNS 도메인"/>
		<phrase i="182" t="VLAN ID"/>
		<phrase i="183" t=" 설정 저장"/>
		<phrase i="184" t=" 저장하지 않고 나가기"/>
		<phrase i="185" t=" 계속 셋업"/>
		<phrase i="186" t="DHCP"/>
		<phrase i="187" t="MAC"/>
		<phrase i="188" t="IP"/>
		<phrase i="189" t="DNS"/>
		<phrase i="190" t="부트 서버"/>
		<phrase i="191" t="대체 DNS"/>
		<phrase i="192" t="선택사항 66"/>
		<phrase i="193" t="사용자설정"/>
		<phrase i="194" t="고정"/>
		<phrase i="195" t="IP 주소"/>
		<phrase i="196" t="문자열"/>
		<phrase i="197" t="FTP"/>
		<phrase i="198" t="일상적 FTP"/>
		<phrase i="199" t="활성화 되었습니다"/>
		<phrase i="200" t="비활성이 되었습니다"/>
		<phrase i="201" t="마스크"/>
		<phrase i="202" t="라우터"/>
		<phrase i="203" t="도메인"/>
		<phrase i="204" t="VLan 아이디"/>
		<phrase i="205" t="서버"/>
		<phrase i="206" t="어플리케이션 개정"/>
		<phrase i="207" t="파일"/>
		<phrase i="208" t="설정"/>
		<phrase i="209" t="부트롬"/>
		<phrase i="210" t="P/N"/>
		<phrase i="211" t="송신코덱"/>
		<phrase i="212" t="수신코덱"/>
		<phrase i="213" t="언어설정이 바뀌었습니다"/>
		<phrase i="214" t="언어설정에 실패했습니다"/>
		<phrase i="215" t="기다려 주십시오..."/>
		<phrase i="216" t="라인 선택"/>
		<phrase i="217" t="라인"/>
		<phrase i="218" t="검색"/>
		<phrase i="219" t="정렬"/>
		<phrase i="220" t="디렉토리 검색"/>
		<phrase i="221" t="디렉토리 정렬"/>
		<phrase i="222" t="이름"/>
		<phrase i="223" t="성"/>
		<phrase i="224" t="시스템 상황"/>
		<phrase i="225" t="일반"/>
		<phrase i="226" t="연락처 디렉토리"/>
		<phrase i="227" t="연결 중"/>
		<phrase i="228" t="사용자설정+옵션. 66"/>
		<phrase i="229" t="전화 라인 정보"/>
		<phrase i="230" t="등록되었습니다"/>
		<phrase i="231" t="등록되지 않았습니다"/>
		<phrase i="232" t="인증"/>
		<phrase i="233" t="등록된 사용자"/>
		<phrase i="234" t="등록된 패스워드"/>
		<phrase i="235" t="비디오"/>
		<phrase i="236" t="메시지"/>
		<phrase i="237" t="메세지 센터"/>
		<phrase i="238" t="회의 중"/>
		<phrase i="239" t="긴급"/>
		<phrase i="240" t="긴급"/>
		<phrase i="241" t="새"/>
		<phrase i="242" t="새"/>
		<phrase i="243" t="이전"/>
		<phrase i="244" t="이전"/>
		<phrase i="245" t="연결" t.IP_330="연결"/>
		<phrase i="246" t="디렉토리 추가"/>
		<phrase i="247" t="연락처 편집"/>
		<phrase i="248" t="스피드 다이얼 인덱스"/>
		<phrase i="249" t="전화 착신 전환"/>
		<phrase i="250" t="거절"/>
		<phrase i="251" t="착신 전환" t.IP_330="전환"/>
		<phrase i="252" t="이 통화"/>
		<phrase i="253" t="사용자 설정 리셋"/>
		<phrase i="254" t="연락처 전환"/>
		<phrase i="255" t="자동 거절"/>
		<phrase i="256" t="자동 전화"/>
		<phrase i="257" t="저장되었습니다"/>
		<phrase i="258" t="에러"/>
		<phrase i="259" t="연락처가 이미 존재합니다"/>
		<phrase i="260" t="통화 전환"/>
		<phrase i="261" t="친구 감시"/>
		<phrase i="262" t="친구 차단"/>
		<phrase i="263" t="다시 시도해 주십시오"/>
		<phrase i="264" t="시계 날짜"/>
		<phrase i="265" t="날짜"/>
		<phrase i="266" t="양식"/>
		<phrase i="267" t="일요일"/>
		<phrase i="268" t="월요일"/>
		<phrase i="269" t="화요일"/>
		<phrase i="270" t="수요일"/>
		<phrase i="271" t="목요일"/>
		<phrase i="272" t="금요일"/>
		<phrase i="273" t="토요일"/>
		<phrase i="274" t="1월"/>
		<phrase i="275" t="2월"/>
		<phrase i="276" t="3월"/>
		<phrase i="277" t="4월"/>
		<phrase i="278" t="5월"/>
		<phrase i="279" t="6월"/>
		<phrase i="280" t="7월"/>
		<phrase i="281" t="8월"/>
		<phrase i="282" t="9월"/>
		<phrase i="283" t="10월"/>
		<phrase i="284" t="11월"/>
		<phrase i="285" t="12월"/>
		<phrase i="286" t="시계 시간"/>
		<phrase i="287" t="모두 설정"/>
		<phrase i="288" t="모두 지우기"/>
		<phrase i="289" t="헤드셋 메모리"/>
		<phrase i="290" t="자동 헤드셋 모드"/>
		<phrase i="291" t="가져오는 동안 오류 발생"/>
		<phrase i="292" t="기존 통화로 인해 차단됨" t.VVX_1500="통화 중, 작동 차단."/>
		<phrase i="293" t="연락처를 입력하십시오"/>
		<phrase i="294" t="로 전송"/>
		<phrase i="295" t="로 회의"/>
		<phrase i="296" t="엔터"/>
		<phrase i="297" t="패스워드 변경"/>
		<phrase i="298" t="사용자 패스워드 변경" t.VVX_1500="사용자 패스워드 변경"/>
		<phrase i="299" t="관리자 패스워드 변경" t.VVX_1500="관리자 패스워드 변경"/>
		<phrase i="300" t="사용자 패스워드"/>
		<phrase i="301" t="관리자 패스워드" t.VVX_1500="관리자 패스워드"/>
		<phrase i="302" t="사용자 패스워드가 변경되었습니다" t.VVX_1500="사용자 패스워드가 변경되었습니다"/>
		<phrase i="303" t="관리자 패스워드가 변경되었습니다" t.VVX_1500="관리자 패스워드가 변경되었습니다"/>
		<phrase i="304" t="죄송합니다, 다시 시도해 주십시오"/>
		<phrase i="305" t="이전 패스워드"/>
		<phrase i="306" t="새 패스워드"/>
		<phrase i="307" t="패스워드를 확인하십시오"/>
		<phrase i="308" t="패드워드가 너무 짧습니다" t.VVX_1500="죄송합니다. 패스워드가 너무 짧습니다."/>
		<phrase i="309" t="이전 페이지" t.VVX_1500="이전 페이지"/>
		<phrase i="310" t="아스키"/>
		<phrase i="311" t="라틴"/>
		<phrase i="312" t="시릴릭"/>
		<phrase i="313" t="유니코드"/>
		<phrase i="314" t="최대길이는"/>
		<phrase i="315" t="1/A/a"/>
		<phrase i="316" t="통화가 가능하지 않습니다."/>
		<phrase i="317" t="인코딩" t.IP_330="인코드"/>
		<phrase i="318" t="LAN 속도"/>
		<phrase i="319" t="PC 속도"/>
		<phrase i="320" t="알 수 없음 "/>
		<phrase i="321" t="플래쉬 메모리 설정 초기화."/>
		<phrase i="322" t="LAN 상태 "/>
		<phrase i="323" t="PC 상태 "/>
		<phrase i="324" t="SNTP"/>
		<phrase i="325" t="GMT"/>
		<phrase i="326" t="일광 절약 시간"/>
		<phrase i="327" t="켜짐"/>
		<phrase i="328" t="꺼짐"/>
		<phrase i="329" t="CPU 부하"/>
		<phrase i="330" t="빠르게"/>
		<phrase i="331" t="느리게"/>
		<phrase i="332" t="열기"/>
		<phrase i="333" t="간격"/>
		<phrase i="334" t="디렉토리가 꽉 찼습니다."/>
		<phrase i="335" t="그런 정보가 없습니다."/>
		<phrase i="336" t="디렉토리가 비어있습니다."/>
		<phrase i="337" t="연락처가 삭제되었습니다."/>
		<phrase i="338" t="라인이 원격적으로 사용되고 있습니다"/>
		<phrase i="339" t="네트워크 부하"/>
		<phrase i="340" t="초당 바이트 전송률"/>
		<phrase i="341" t="초당 패킷 전송률"/>
		<phrase i="342" t="DSP 로드"/>
		<phrase i="343" t="호스트 로드"/>
		<phrase i="344" t="모드"/>
		<phrase i="345" t="진단 테스트"/>
		<phrase i="346" t="오디오 검사"/>
		<phrase i="347" t="키패드 검사"/>
		<phrase i="348" t="화면 검사" t.VVX_1500="화면 검사"/>
		<phrase i="349" t="스피커"/>
		<phrase i="350" t="핸드셋"/>
		<phrase i="351" t="통과"/>
		<phrase i="352" t="실패"/>
		<phrase i="353" t="검사 완료"/>
		<phrase i="354" t="종료하려면 키를 두 번 누르십시오"/>
		<phrase i="355" t="기능을 검사하기 위해서 키를 눌러 주십시오" t.VVX_1500="기능을 검사하기 위해서 키를 눌러 주십시오"/>
		<phrase i="356" t="녹음"/>
		<phrase i="357" t="중지"/>
		<phrase i="358" t="잘못된 키"/>
		<phrase i="359" t="훅스위치"/>
		<phrase i="360" t="중지됨"/>
		<phrase i="361" t="재생 중"/>
		<phrase i="362" t="녹음 중"/>
		<phrase i="363" t="IP 복재"/>
		<phrase i="364" t="재시동"/>
		<phrase i="365" t="감지되었습니다"/>
		<phrase i="366" t="일"/>
		<phrase i="367" t="월"/>
		<phrase i="368" t="화"/>
		<phrase i="369" t="수"/>
		<phrase i="370" t="목"/>
		<phrase i="371" t="금"/>
		<phrase i="372" t="토"/>
		<phrase i="373" t="1월"/>
		<phrase i="374" t="2월"/>
		<phrase i="375" t="3월"/>
		<phrase i="376" t="4월"/>
		<phrase i="377" t="5월"/>
		<phrase i="378" t="6월"/>
		<phrase i="379" t="7월"/>
		<phrase i="380" t="8월"/>
		<phrase i="381" t="9월"/>
		<phrase i="382" t="10월"/>
		<phrase i="383" t="11월"/>
		<phrase i="384" t="12월"/>
		<phrase i="385" t="메모리 사용량"/>
		<phrase i="386" t="통화 중"/>
		<phrase i="387" t="소리끔"/>
		<phrase i="388" t="서버가 작동하지 않습니다"/>
		<phrase i="389" t="시계 순서"/>
		<phrase i="390" t="시간 위의 날짜"/>
		<phrase i="391" t="날짜 위의 시간"/>
		<phrase i="392" t="시간 이전의 날짜"/>
		<phrase i="393" t="날짜 이전의 시간"/>
		<phrase i="394" t="카타카나"/>
		<phrase i="395" t="통화지속 톤"/>
		<phrase i="396" t="용무 중"/>
		<phrase i="397" t="재실외출중" t.IP_330="재실/외출"/>
		<phrase i="398" t="에이전트 온라인" t.IP_330="연결 가능"/>
		<phrase i="399" t="전환"/>
		<phrase i="400" t="1-&gt;Aa"/>
		<phrase i="401" t="A-&gt;a1"/>
		<phrase i="402" t="a-&gt;1A"/>
		<phrase i="403" t="이름표시" t.IP_330="이름표시"/>
		<phrase i="404" t="전화 라인"/>
		<phrase i="405" t="라벨"/>
		<phrase i="406" t="키패드 로그인 시작"/>
		<phrase i="407" t="통화 불능" t.IP_330="통화 불능"/>
		<phrase i="408" t="수화기를 들어주십시오"/>
		<phrase i="409" t="듣기 모드"/>
		<phrase i="410" t="통화대기"/>
		<phrase i="411" t="통화 수신" t.VVX_1500="통화 수신"/>
		<phrase i="412" t="그룹"/>
		<phrase i="413" t="연결" t.VVX_1500="연결"/>
		<phrase i="414" t="홈"/>
		<phrase i="415" t="재활성"/>
		<phrase i="416" t="마지막 통화 재연결"/>
		<phrase i="417" t="마지막 통화 재연결"/>
		<phrase i="418" t="기능"/>
		<phrase i="419" t="익명"/>
		<phrase i="420" t="헤드셋"/>
		<phrase i="421" t="ACD 에이전트 대기여부"/>
		<phrase i="422" t="ACD 로그인/로그아웃"/>
		<phrase i="423" t="로긴"/>
		<phrase i="424" t="로그아웃"/>
		<phrase i="425" t="사용 가능"/>
		<phrase i="426" t="사용 불가능"/>
		<phrase i="427" t="사용자 ID"/>
		<phrase i="428" t="패스워드"/>
		<phrase i="429" t="수신"/>
		<phrase i="430" t="익명 연결"/>
		<phrase i="431" t="사용 가능." t.VVX_1500="사용 가능."/>
		<phrase i="432" t="사용 불가능." t.VVX_1500="사용 불가능."/>
		<phrase i="433" t="SIP 설정"/>
		<phrase i="434" t="주소"/>
		<phrase i="435" t="회선 유형"/>
		<phrase i="436" t="제3자의 이름"/>
		<phrase i="437" t="개인"/>
		<phrase i="438" t="공용"/>
		<phrase i="439" t="서버 포트"/>
		<phrase i="440" t="DNS 검색"/>
		<phrase i="441" t="사용자 등록"/>
		<phrase i="442" t="외부통화 주소" t.VVX_1500="SIP 외부통화 주소"/>
		<phrase i="443" t="외부통화 포트" t.VVX_1500="SIP 외부통화 포트"/>
		<phrase i="444" t="RFC2543 홀드" t.IP_330="RFC2543홀드"/>
		<phrase i="445" t="예"/>
		<phrase i="446" t="아니오"/>
		<phrase i="447" t="UDP 전용"/>
		<phrase i="448" t="TCP 우선"/>
		<phrase i="449" t="Naptr"/>
		<phrase i="450" t="승인 받은 사용자 ID" t.VVX_1500="승인 받은 사용자 ID"/>
		<phrase i="451" t="승인 패스워드" t.VVX_1500="승인 패스워드"/>
		<phrase i="452" t="전화기 재시동"/>
		<phrase i="453" t="정말입니까?"/>
		<phrase i="454" t="VLAN 감지 모드" t.IP_330="VLAN 감지"/>
		<phrase i="455" t="고정"/>
		<phrase i="456" t="VLAN ID 선택" t.VVX_1500="VLAN ID 선택"/>
		<phrase i="457" t="선택"/>
		<phrase i="458" t="내부 보안키 리셋"/>
		<phrase i="459" t="메세지 선택"/>
		<phrase i="460" t="HTTP"/>
		<phrase i="461" t="HTTPS"/>
		<phrase i="462" t="FTPS"/>
		<phrase i="463" t="개인설정 CA 인증서 설치" t.VVX_1500="개인설정 CA 인증서 설치"/>
		<phrase i="464" t="개인설정 CA 인증서 다운로드" t.VVX_1500="개인설정 CA 인증서 다운로드"/>
		<phrase i="465" t="수신"/>
		<phrase i="466" t="CA 인증서 설정" t.VVX_1500="CA 인증서 설정"/>
		<phrase i="467" t="MD5 지문"/>
		<phrase i="468" t="개인설정 인증서"/>
		<phrase i="469" t="기본 인증서 목록" t.VVX_1500="기본 인증서 목록"/>
		<phrase i="470" t="전체 인증서"/>
		<phrase i="471" t="설정 방법" t.VVX_1500="설정 방법"/>
		<phrase i="472" t="설정 스트링" t.VVX_1500="설정 스트링"/>
		<phrase i="473" t="기본값"/>
		<phrase i="474" t="SAS-VP"/>
		<phrase i="475" t="다운로드 실패"/>
		<phrase i="476" t="서버"/>
		<phrase i="477" t="어플리케이션"/>
		<phrase i="478" t="패킷 통계"/>
		<phrase i="479" t="지역 설정"/>
		<phrase i="480" t="사용자 설정"/>
		<phrase i="481" t="관리자 설정" t.VVX_1500="관리자 설정"/>
		<phrase i="482" t="파일 시스템 포맷"/>
		<phrase i="483" t="TCP/IP 설정값"/>
		<phrase i="484" t="전화 단말기 종류"/>
		<phrase i="485" t="네트워크"/>
		<phrase i="486" t="전화"/>
		<phrase i="487" t="메인"/>
		<phrase i="488" t="구성 요소"/>
		<phrase i="489" t="저작권"/>
		<phrase i="490" t="설정"/>
		<phrase i="491" t="이더넷"/>
		<phrase i="492" t="기본"/>
		<phrase i="493" t="고급"/>
		<phrase i="494" t="설정"/>
		<phrase i="495" t="음향 효과"/>
		<phrase i="496" t="SSL 보안"/>
		<phrase i="497" t="기본값으로 초기화"/>
		<phrase i="498" t="내부 설정으로 초기화" t.IP_330="내부 설정 초기화" t.VVX_1500="내부 설정으로 초기화"/>
		<phrase i="499" t="전화기 설정 초기화" t.IP_330="전화기 설정 초기화"/>
		<phrase i="500" t="오버올"/>
		<phrase i="501" t="하드웨어 테스트"/>
		<phrase i="502" t="그래프"/>
		<phrase i="503" t="CA 인증서"/>
		<phrase i="504" t="날짜 및 시간"/>
		<phrase i="505" t="TFTP"/>
		<phrase i="506" t="무효"/>
		<phrase i="507" t="전화 라인당 통화수 키" t.IP_330="통화수/라인 키"/>
		<phrase i="508" t="전화 라인수 키" t.IP_330="라인수 키"/>
		<phrase i="509" t="광대역 송수화기"/>
		<phrase i="510" t="TLS"/>
		<phrase i="511" t="친구 추가"/>
		<phrase i="512" t="파일 전송 시도 횟수"/>
		<phrase i="513" t="다시 시도 대기"/>
		<phrase i="514" t="허락"/>
		<phrase i="515" t="프라이버시"/>
		<phrase i="516" t="프라이버시 목록"/>
		<phrase i="517" t="친구 프라이버시"/>
		<phrase i="518" t="프라이버시 추가"/>
		<phrase i="519" t="프라이버시 편집"/>
		<phrase i="520" t="접속"/>
		<phrase i="521" t="EM전원"/>
		<phrase i="522" t="인증 저장"/>
		<phrase i="523" t="인증 저장 실패"/>
		<phrase i="524" t="요청 처리 중..."/>
		<phrase i="525" t="&gt;&gt;"/>
		<phrase i="526" t="CLink 모드"/>
		<phrase i="527" t="클라이언트"/>
		<phrase i="528" t="이더넷 메뉴"/>
		<phrase i="529" t="LAN 포트 모드"/>
		<phrase i="530" t="PC 포트 모드"/>
		<phrase i="531" t="자동"/>
		<phrase i="532" t="10HD"/>
		<phrase i="533" t="10FD"/>
		<phrase i="534" t="100HD"/>
		<phrase i="535" t="100FD"/>
		<phrase i="536" t="비디오"/>
		<phrase i="537" t="전화"/>
		<phrase i="538" t="오프 훅 모드"/>
		<phrase i="539" t="비디오 추가"/>
		<phrase i="540" t="선택하십시오."/>
		<phrase i="541" t="백라이트 밝기"/>
		<phrase i="542" t="꺼짐"/>
		<phrase i="543" t="저"/>
		<phrase i="544" t="중"/>
		<phrase i="545" t="고"/>
		<phrase i="546" t="회선 당 호출 수"/>
		<phrase i="547" t="스피커 볼륨"/>
		<phrase i="548" t="신호음 볼륨"/>
		<phrase i="549" t="관리"/>
		<phrase i="550" t="회의 관리"/>
		<phrase i="551" t="음소거"/>
		<phrase i="552" t="음소거 해제"/>
		<phrase i="553" t="제거"/>
		<phrase i="554" t="미디어 플로우"/>
		<phrase i="555" t="참가자 정보"/>
		<phrase i="556" t="사용 중 백라이트의 밝기"/>
		<phrase i="557" t="사용 종료 후 백라이트 밝기"/>
		<phrase i="558" t="2.5mm 모드"/>
		<phrase i="559" t="자동(기본값)"/>
		<phrase i="560" t="이동 전화기"/>
		<phrase i="561" t="PC 데이터 링크"/>
		<phrase i="562" t="비디오 호출"/>
		<phrase i="563" t="전화 호출"/>
		<phrase i="564" t="SIP 전용"/>
		<phrase i="565" t="POTS 전용"/>
		<phrase i="566" t="자동(HDX 호출 기본 설정)" t.VVX_1500="자동(호출 기본 설정)"/>
		<phrase i="567" t="호출 유형별 순서"/>
		<phrase i="568" t="컨텐츠"/>
		<phrase i="569" t="발신자"/>
		<phrase i="570" t="디렉토리"/>
		<phrase i="571" t="무시"/>
		<phrase i="572" t="발신자 이름:"/>
		<phrase i="573" t="볼륨"/>
		<phrase i="574" t="신호 소리"/>
		<phrase i="575" t="스피커"/>
		<phrase i="576" t="일반"/>
		<phrase i="577" t="&lt;새 항목&gt;"/>
		<phrase i="578" t="디렉토리 저장"/>
		<phrase i="579" t="확인"/>
		<phrase i="580" t="사용할 수 없는 서비스" t.IP_330="사용할 수 없는 서비스."/>
		<phrase i="581" t="DND" t.VVX_1500="DND"/>
		<phrase i="582" t="다음에 연결 중:"/>
		<phrase i="583" t="수신 통화:"/>
		<phrase i="584" t="DSP 상태"/>
		<phrase i="585" t="Unit 0"/>
		<phrase i="586" t="Unit 1"/>
		<phrase i="587" t="Unit 2"/>
		<phrase i="588" t="메시지" t.VVX_1500="메시지"/>
		<phrase i="589" t="전화 추가"/>
		<phrase i="590" t="번호를 추가로 입력해야 합니다."/>
		<phrase i="591" t="정확한 주소를 다시 입력하십시오."/>
		<phrase i="592" t="서버 상태"/>
		<phrase i="593" t="등록 중"/>
		<phrase i="594" t="등록 해제 중"/>
		<phrase i="595" t="등록되지 않음"/>
		<phrase i="596" t="디렉토리 항목 삭제"/>
		<phrase i="597" t="다른 상대와 음성회의"/>
		<phrase i="598" t="비디오 또는 전화 호출 선택"/>
		<phrase i="599" t="항목을 찾을 수 없음"/>
		<phrase i="600" t="성으로 검색"/>
		<phrase i="601" t="이름으로 검색"/>
		<phrase i="602" t="네트워크"/>
		<phrase i="603" t="Dial-up"/>
		<phrase i="604" t="케이블/DSL"/>
		<phrase i="605" t="LAN"/>
		<phrase i="606" t="음성회의 진행 중입니다."/>
		<phrase i="607" t="불가능"/>
		<phrase i="608" t="Syslog 메뉴"/>
		<phrase i="609" t="기능"/>
		<phrase i="610" t="렌더 레벨" t.IP_330="렌더레벨"/>
		<phrase i="611" t="UDP"/>
		<phrase i="612" t="TCP"/>
		<phrase i="613" t="없음"/>
		<phrase i="614" t="암호 입력"/>
		<phrase i="615" t="고음 EQ"/>
		<phrase i="616" t="저음 EQ"/>
		<phrase i="617" t="보조 오디오 입력"/>
		<phrase i="618" t="보조 오디오 출력"/>
		<phrase i="619" t="자동 게인 컨트롤"/>
		<phrase i="620" t="노이즈 제거"/>
		<phrase i="621" t="URL"/>
		<phrase i="622" t="전송 전용"/>
		<phrase i="623" t="전송 및 수신"/>
		<phrase i="624" t="수신 전용"/>
		<phrase i="625" t="정지 상태"/>
		<phrase i="626" t="TCP 전용"/>
		<phrase i="627" t="무선 마이크"/>
		<phrase i="628" t="기타 입력"/>
		<phrase i="629" t="레코드 출력"/>
		<phrase i="630" t="외장형 스피커"/>
		<phrase i="631" t="저음 및 고음"/>
		<phrase i="632" t="보조 오디오"/>
		<phrase i="633" t="로컬 변환기"/>
		<phrase i="634" t="오디오"/>
		<phrase i="635" t="로컬 변환기 선택"/>
		<phrase i="636" t="마이크"/>
		<phrase i="637" t="스피커"/>
		<phrase i="638" t="회의"/>
		<phrase i="639" t="MAC 주소 추가" t.IP_330="MAC주소추가"/>
		<phrase i="640" t="스피커 볼륨"/>
		<phrase i="641" t="해드셋 볼륨"/>
		<phrase i="642" t="핸드셋 볼륨"/>
		<phrase i="643" t="호출 픽업"/>
		<phrase i="644" t="직접 픽업"/>
		<phrase i="645" t="그룹 픽업"/>
		<phrase i="646" t="테스트를 종료하려면 아무 키나 누르십시오."/>
		<phrase i="647" t="테스트 중단됨"/>
		<phrase i="648" t="Tag SN을 UA로 연결" t.IP_330="Tag SN"/>
		<phrase i="649" t="1000HD"/>
		<phrase i="650" t="1000FD"/>
		<phrase i="651" t="네트워크 진단"/>
		<phrase i="652" t="LAN 포트 진단"/>
		<phrase i="653" t="PC 포트 진단"/>
		<phrase i="654" t="기가비트 이더넷 진단"/>
		<phrase i="655" t="일반 모드"/>
		<phrase i="656" t="웨이브폼 전송"/>
		<phrase i="657" t="마스터 Tx 지터"/>
		<phrase i="658" t="슬레이브 Tx 지터"/>
		<phrase i="659" t="왜곡 전송"/>
		<phrase i="660" t="액티브 마이크 확인"/>
		<phrase i="661" t="모바일 오디오 사용 안 함"/>
		<phrase i="662" t="모바일 오디오 사용"/>
		<phrase i="663" t="오디오 호출"/>
		<phrase i="664" t="비디오 호출"/>
		<phrase i="665" t="오디오/비디오 호출"/>
		<phrase i="666" t="모든 호출"/>
		<phrase i="667" t="착신 전환 유형 선택" t.IP_330="착신 전환"/>
		<phrase i="668" t="항상"/>
		<phrase i="669" t="무응답 시 착신 전환"/>
		<phrase i="670" t="전화벨이 울린 후 착신 전환"/>
		<phrase i="671" t="무응답 시 통화 착신 전환" t.IP_330="무응답"/>
		<phrase i="672" t="통화 중 착신 전환" t.IP_330="통화 중"/>
		<phrase i="673" t="항상 착신 전환" t.IP_330="항상"/>
		<phrase i="674" t="VLAN 필터링"/>
		<phrase i="675" t="Storm 필터링"/>
		<phrase i="676" t="SIP 웹 컨텐츠"/>
		<phrase i="677" t="수동"/>
		<phrase i="678" t="Daisy-Chaining 오류:"/>
		<phrase i="679" t="다중 이더넷 케이블"/>
		<phrase i="680" t="하나의 이더넷 케이블만 연결"/>
		<phrase i="681" t="버전 충돌"/>
		<phrase i="682" t="시스템 관리자에 연결합니다."/>
		<phrase i="683" t="연락처 보기"/>
		<phrase i="684" t="보기"/>
		<phrase i="685" t="최대 밝기"/>
		<phrase i="686" t="테스트 자동화 설정"/>
		<phrase i="687" t="테스트 자동화 키 입력" t.IP_330="테스트자동화키 입력"/>
		<phrase i="688" t="테스트 자동화 활성화"/>
		<phrase i="689" t="테스트 자동화 비활성화"/>
		<phrase i="690" t="저장 매체가 연결되었습니다."/>
		<phrase i="691" t="저장 매체가 분리되었습니다."/>
		<phrase i="692" t="분리 가능한 저장 매체"/>
		<phrase i="693" t="기록 찾아보기"/>
		<phrase i="694" t="저장 매체 등록 정보"/>
		<phrase i="695" t="전체 용량"/>
		<phrase i="696" t="사용된 공간"/>
		<phrase i="697" t="사용 가능한 공간"/>
		<phrase i="698" t="저장 매체가 연결되어 있지 않습니다."/>
		<phrase i="699" t="현재 연결된 통화 없음"/>
		<phrase i="700" t="마지막으로 녹음된 통화 재생"/>
		<phrase i="701" t="시작"/>
		<phrase i="702" t="일시정지"/>
		<phrase i="703" t="이름 변경"/>
		<phrase i="704" t="삭제되었습니다."/>
		<phrase i="705" t="파일 정보" t.VVX_1500="파일 정보"/>
		<phrase i="706" t=".wav 파일을 찾을 수 없습니다."/>
		<phrase i="707" t="USB 파일 이름"/>
		<phrase i="708" t="파일 이름 변경"/>
		<phrase i="709" t="파일 이름은 공란으로 둘 수 없습니다."/>
		<phrase i="710" t="파일이 이미 존재합니다."/>
		<phrase i="711" t="다른 이름으로 저장"/>
		<phrase i="712" t="특수 문자는 사용할 수 없습니다."/>
		<phrase i="713" t="녹음을 시작할 수 없습니다."/>
		<phrase i="714" t="사용 가능한 리소스가 없습니다."/>
		<phrase i="715" t="재생"/>
		<phrase i="716" t="저장 매체가 꽉 찼습니다."/>
		<phrase i="717" t="녹음이 취소되었습니다."/>
		<phrase i="718" t="녹음이 정지되었습니다."/>
		<phrase i="719" t="상대방 음소거"/>
		<phrase i="720" t="열기"/>
		<phrase i="721" t="저장 매체가 불안전하게 제거되었습니다."/>
		<phrase i="722" t="일시정지되었습니다."/>
		<phrase i="723" t="종료되었습니다."/>
		<phrase i="724" t="*R*" t.VVX_1500="R"/>
		<phrase i="725" t="*P*" t.VVX_1500="P"/>
		<phrase i="726" t="시"/>
		<phrase i="727" t="분"/>
		<phrase i="728" t="초"/>
		<phrase i="729" t="꽉 찼습니다."/>
		<phrase i="730" t="회사 디렉토리" t.IP_330="회사 디렉토리"/>
		<phrase i="731" t="회사 디렉토리"/>
		<phrase i="732" t="디렉토리 서버가 초기화되지 않았습니다."/>
		<phrase i="733" t="회사 디렉토리 상태" t.IP_330="CD 상태"/>
		<phrase i="734" t="검색결과 유지"/>
		<phrase i="735" t="핸드프리 모드 사용 안 함" t.IP_330="핸드프리 사용 안 함"/>
		<phrase i="736" t="전화기 설정"/>
		<phrase i="737" t="핸드프리 모드"/>
		<phrase i="738" t="지원되지 않는 USB 장치가 연결되었습니다."/>
		<phrase i="739" t="지원되지 않는 USB 장치가 제거되었습니다."/>
		<phrase i="740" t="헤드셋이 연결되었습니다."/>
		<phrase i="741" t="헤드셋이 제거되었습니다."/>
		<phrase i="742" t="헤드셋"/>
		<phrase i="743" t="헤드셋 설정"/>
		<phrase i="744" t="아날로그 헤드셋 모드"/>
		<phrase i="745" t="아날로그 헤드셋"/>
		<phrase i="746" t="일반 모드"/>
		<phrase i="747" t="자브라 모드"/>
		<phrase i="748" t="지원되지 않는 .wav 파일 형식"/>
		<phrase i="749" t="강제 끼어들기" t.IP_330="강제 끼어들기"/>
		<phrase i="750" t="녹음 중"/>
		<phrase i="751" t="작업이 중단되었습니다."/>
		<phrase i="752" t="필터링되었습니다." t.IP_330="필터링됨"/>
		<phrase i="753" t="재생이 취소되었습니다."/>
		<phrase i="754" t="파일이 사용 중입니다."/>
		<phrase i="755" t="배경"/>
		<phrase i="756" t="미리보기"/>
		<phrase i="757" t="기본 배경 1"/>
		<phrase i="758" t="장치가 준비되지 않았습니다. 다시 시도하십시오."/>
		<phrase i="759" t="기본 배경 2"/>
		<phrase i="760" t="기본 배경 3"/>
		<phrase i="761" t="기본 배경 4"/>
		<phrase i="762" t="파일을 찾을 수 없습니다." t.VVX_1500="선택한 배경 이미지 사용 불가능"/>
		<phrase i="763" t="밝게"/>
		<phrase i="764" t="어둡게"/>
		<phrase i="765" t="허용되지 않는 작업입니다."/>
		<phrase i="766" t="삭제 중입니다."/>
		<phrase i="767" t="메모리가 부족하여 계속할 수 없습니다."/>
		<phrase i="768" t="사용 가능한 녹음 시간"/>
		<phrase i="769" t="장치 ID"/>
		<phrase i="770" t="디렉토리 서버가 응답하지 않습니다." t.IP_330="CDSrvr no rspn"/>
		<phrase i="771" t="검색 중..."/>
		<phrase i="772" t="라벨 색상"/>
		<phrase i="773" t="라벨"/>
		<phrase i="774" t="리셋"/>
		<phrase i="775" t="실행 취소"/>
		<phrase i="776" t="항목을 찾을 수 없습니다." t.IP_330="항목을 찾을 수 없음"/>
		<phrase i="777" t="USB 장치 확인" t.IP_330="USB 장치 확인"/>
		<phrase i="778" t="최대 1분 정도 기다려 주십시오."/>
		<phrase i="779" t="이 색상을 저장할 수 없습니다."/>
		<phrase i="780" t="텍스트가 보이지 않을 수 있습니다."/>
		<phrase i="781" t="전화기 다시 시작"/>
		<phrase i="782" t="전화기 재시동"/>
		<phrase i="783" t="기본 배경 5"/>
		<phrase i="784" t="스피드 다이얼 인덱스가 잘못되었습니다." t.IP_330="잘못된 스피트 다이얼 인덱스"/>
		<phrase i="785" t="비디오 시작"/>
		<phrase i="786" t="비디오 중지"/>
		<phrase i="787" t="전체 화면"/>
		<phrase i="788" t="PIP"/>
		<phrase i="789" t="가져오기"/>
		<phrase i="790" t="볼륨 크게"/>
		<phrase i="791" t="볼륨 작게"/>
		<phrase i="792" t="연락처가 필요합니다." t.VVX_1500="연락처 값이 필요합니다."/>
		<phrase i="793" t="중복된 연락처 값입니다." t.VVX_1500="연락처 값이 이미 존재합니다."/>
		<phrase i="794" t="이름 입력"/>
		<phrase i="795" t="교환"/>
		<phrase i="796" t="플랜트로닉스 모드"/>
		<phrase i="797" t="중복된 스피드 다이얼" t.VVX_1500="스피드 다이얼 인덱스가 이미 존재합니다."/>
		<phrase i="798" t="로컬 카메라"/>
		<phrase i="799" t="참여자 호출"/>
		<phrase i="800" t="액자"/>
		<phrase i="801" t="카메라 설정"/>
		<phrase i="802" t="ABC"/>
		<phrase i="803" t="123"/>
		<phrase i="804" t="(ABC) 번호 입력"/>
		<phrase i="805" t="(123) 번호 입력"/>
		<phrase i="806" t="잘못된 설정" t.VVX_1500="잘못된 설정"/>
		<phrase i="807" t="로그인 오류"/>
		<phrase i="808" t="전송중"/>
		<phrase i="809" t="대상 프레임 속도"/>
		<phrase i="810" t="밝기 수준"/>
		<phrase i="811" t="채도 수준"/>
		<phrase i="812" t="명암비 수준"/>
		<phrase i="813" t="선명도 수준"/>
		<phrase i="814" t="플릭커 현상 회피"/>
		<phrase i="815" t="메뉴"/>
		<phrase i="816" t="비디오 설정"/>
		<phrase i="817" t="자동 시작 비디오 Tx"/>
		<phrase i="818" t="비디오 스크린 모드 (윈도)"/>
		<phrase i="819" t="마스터(주)"/>
		<phrase i="820" t="슬레이브(종)"/>
		<phrase i="821" t="1000BT LAN 시계"/>
		<phrase i="822" t="1000BT PC 시계"/>
		<phrase i="823" t="통화 유형"/>
		<phrase i="824" t="오디오"/>
		<phrase i="825" t="비디오"/>
		<phrase i="826" t="전화 회의 SIP"/>
		<phrase i="827" t="HDX 설정"/>
		<phrase i="828" t="음성 통화 유형"/>
		<phrase i="829" t="에코 취소"/>
		<phrase i="830" t="에코 취소 모드"/>
		<phrase i="831" t="이동"/>
		<phrase i="832" t="비디오 스크린 모드 (전체 화면)"/>
		<phrase i="833" t="액자"/>
		<phrase i="834" t="화면 보호기"/>
		<phrase i="835" t="폴더"/>
		<phrase i="836" t="이미지 당 시간(초)"/>
		<phrase i="837" t="대기 시간(분)"/>
		<phrase i="838" t="화면 보호기 유형"/>
		<phrase i="839" t="발견된 그림이 없습니다."/>
		<phrase i="840" t="배경 이미지가 변경되었습니다."/>
		<phrase i="841" t="비디오 Tx/Rx"/>
		<phrase i="842" t="오디오 Tx/Rx"/>
		<phrase i="843" t="미디어 코덱"/>
		<phrase i="844" t="Tx/Rx 비디오 형식"/>
		<phrase i="845" t="Tx/Rx 비디오 프레임 속도"/>
		<phrase i="846" t="Tx/Rx 비디오 비트 전송률(kbps)"/>
		<phrase i="847" t="Tx/Rx 비디오 업데이트 요청"/>
		<phrase i="848" t="미디어 패킷"/>
		<phrase i="849" t="USB 허브가 연결되었습니다."/>
		<phrase i="850" t="USB 허브가 제거되었습니다."/>
		<phrase i="851" t="USB 마우스가 연결되었습니다."/>
		<phrase i="852" t="USB 마우스가 제거되었습니다."/>
		<phrase i="853" t="USB 키보드가 연결되었습니다."/>
		<phrase i="854" t="USB 키보드가 제거되었습니다."/>
		<phrase i="855" t="비디오 가능"/>
		<phrase i="856" t="활성 비디오"/>
		<phrase i="857" t="비디오 통계"/>
		<phrase i="858" t="오디오 통계"/>
		<phrase i="859" t="스크린 청소"/>
		<phrase i="860" t="터치 스크린 기능이 해제되었습니다."/>
		<phrase i="861" t="아무 키나 눌러 종료합니다."/>
		<phrase i="862" t="로컬 파일"/>
		<phrase i="863" t="응용 프로그램 시작 패드"/>
		<phrase i="864" t="오디오 Tx  코덱"/>
		<phrase i="865" t="오디오 Rx 코덱"/>
		<phrase i="866" t="비디오 코덱"/>
		<phrase i="867" t="비디오 Rx 코덱"/>
		<phrase i="868" t="화면 끄기"/>
		<phrase i="869" t="자동 비디오 전체 보기"/>
		<phrase i="870" t="비디오 선택"/>
		<phrase i="871" t="빠른 설치" t.VVX_1500="빠른 설치"/>
		<phrase i="872" t="빠른 설치"/>
		<phrase i="873" t="지원되지 않는 배경 파일 형식"/>
		<phrase i="874" t="네트워크에서 전화를 제거합니다."/>
		<phrase i="875" t="이더넷 진단 실행 전"/>
		<phrase i="876" t="[0-4]를 눌러 네트워크 테스트를 시작합니다."/>
		<phrase i="877" t="모드: 일반 모드"/>
		<phrase i="878" t="지원되지 않는 모드"/>
		<phrase i="879" t="보조 출력 활성화"/>
		<phrase i="880" t="보조 출력 비활성화"/>
		<phrase i="881" t="ACD"/>
		<phrase i="882" t="로그인"/>
		<phrase i="883" t="로그아웃"/>
		<phrase i="884" t="에이전트 로그인" t.IP_330="에이전트로그인"/>
		<phrase i="885" t="에이전트 로그아웃" t.IP_330="에이전트로그아웃"/>
		<phrase i="886" t="ACD 로그인/로그아웃"/>
		<phrase i="887" t="ACD 에이전트 상태"/>
		<phrase i="888" t="초기 ACD 상태"/>
		<phrase i="889" t="에이전트 로그인"/>
		<phrase i="890" t="에이전트 로그아웃"/>
		<phrase i="891" t="요약"/>
		<phrase i="892" t="에이전트 상태"/>
		<phrase i="893" t="서버가 설정되지 않았습니다."/>
		<phrase i="894" t="패킷 지터(ms)"/>
		<phrase i="895" t="최대 지터(ms)"/>
		<phrase i="896" t="HDX 확장"/>
		<phrase i="897" t="HDX 확장 입력:"/>
		<phrase i="898" t="50Hz"/>
		<phrase i="899" t="60Hz"/>
		<phrase i="900" t="환경 선택"/>
		<phrase i="901" t="비디오 호출 설정"/>
		<phrase i="902" t="비디오 스크린 모드"/>
		<phrase i="903" t="로컬 카메라 보기"/>
		<phrase i="904" t="로컬 카메라 보기(일반)"/>
		<phrase i="905" t="로컬 카메라 보기(전체 화면)"/>
		<phrase i="906" t="로컬 카메라 보기 모드(전체 화면)"/>
		<phrase i="907" t="자르기"/>
		<phrase i="908" t="나란히"/>
		<phrase i="909" t="한 번에 하나의 상대방 비디오만 활성화할 수 있습니다."/>
		<phrase i="910" t="절전"/>
		<phrase i="911" t="시간 초과"/>
		<phrase i="912" t="근무 시간"/>
		<phrase i="913" t="사용자 검색"/>
		<phrase i="914" t="시작 시간"/>
		<phrase i="915" t="근무 시간 대기 시간 초과"/>
		<phrase i="916" t="근무 시간 대기 시간 초과"/>
		<phrase i="917" t="사용자 입력 대기 시간 초과"/>
		<phrase i="918" t="근무 시간 감도"/>
		<phrase i="919" t="근무 시간 감도"/>
		<phrase i="920" t="근무 시간 모드"/>
		<phrase i="921" t="문자 추가 입력..." t.IP_330="문자 추가 입력" t.VVX_1500="수신된 결과가 너무 많습니다. 문자를 더 입력하십시오."/>
		<phrase i="922" t="고급 찾기"/>
		<phrase i="923" t="고급 찾기"/>
		<phrase i="924" t="전체 회의를 종료하시겠습니까?"/>
		<phrase i="925" t=""/>
		<phrase i="926" t=""/>
		<phrase i="927" t=""/>
		<phrase i="928" t=""/>
		<phrase i="929" t=""/>
		<phrase i="930" t=""/>
		<phrase i="931" t=""/>
		<phrase i="932" t=""/>
		<phrase i="933" t=""/>
		<phrase i="934" t=""/>
		<phrase i="935" t=""/>
		<phrase i="936" t=""/>
		<phrase i="937" t=""/>
		<phrase i="938" t="Speakerphone"/>
		<phrase i="939" t=""/>
		<phrase i="940" t=""/>
		<phrase i="941" t=""/>
		<phrase i="942" t=""/>
		<phrase i="943" t=""/>
		<phrase i="944" t=""/>
		<phrase i="945" t=""/>
		<phrase i="946" t=""/>
		<phrase i="947" t=""/>
		<phrase i="948" t=""/>
		<phrase i="949" t=""/>
		<phrase i="950" t=""/>
		<phrase i="951" t=""/>
		<phrase i="952" t=""/>
		<phrase i="953" t=""/>
		<phrase i="954" t=""/>
		<phrase i="955" t=""/>
		<phrase i="956" t=""/>
		<phrase i="957" t=""/>
		<phrase i="958" t=""/>
		<phrase i="959" t="배경에 우선순위를 부여합니다."/>
		<phrase i="960" t="배경을 선택합니다."/>
		<phrase i="961" t="배경"/>
		<phrase i="962" t="회선 구성"/>
		<phrase i="963" t="SIP 서버 구성" t.VVX_1500="호출 서버 구성"/>
		<phrase i="964" t="OAI Alert"/>
		<phrase i="965" t="OAI Call"/>
		<phrase i="966" t="LLDP"/>
		<phrase i="967" t="정보 위치"/>
		<phrase i="968" t="화면 캡쳐"/>
		<phrase i="969" t="SK1"/>
		<phrase i="970" t="SK2"/>
		<phrase i="971" t="SK3"/>
		<phrase i="972" t="SK4"/>
		<phrase i="973" t="USB 저장공간: %s 남아있음"/>
		<phrase i="974" t="설치되었습니다."/>
		<phrase i="975" t="설치되지 않았습니다."/>
		<phrase i="976" t="유효하지 않습니다."/>
		<phrase i="977" t="ACD 회선으로 로그인해야 합니다."/>
		<phrase i="978" t="호출 속도"/>
		<phrase i="979" t="호출 속도를 선택합니다."/>
		<phrase i="980" t="Tx / Rx호출 속도(kbps)"/>
		<phrase i="981" t="USB 저장공간: 가득참"/>
		<phrase i="982" t="프로토콜 구성"/>
		<phrase i="983" t="프로토콜을 선택합니다."/>
		<phrase i="984" t="프로토콜 유형"/>
		<phrase i="985" t="SIP"/>
		<phrase i="986" t="H.323"/>
		<phrase i="987" t="SIP + H.323"/>
		<phrase i="988" t="자동 게이트키퍼 검색"/>
		<phrase i="989" t="사용자 ID"/>
		<phrase i="990" t="회선 키"/>
		<phrase i="991" t="호출 서버"/>
		<phrase i="992" t="호출 서버 목록이 비어있습니다."/>
		<phrase i="993" t="신호음 출력"/>
		<phrase i="994" t="녹음 중"/>
		<phrase i="995" t="녹음이 일시정지되었습니다."/>
		<phrase i="996" t="라이센스"/>
		<phrase i="997" t="라이센스가 설치되지 않았습니다."/>
		<phrase i="998" t="Diffie-Hellman Secret Key"/>
		<phrase i="999" t="지원되지 않는 링크"/>
		<phrase i="1000" t="보안 셸"/>
		<phrase i="1001" t="SSH 연결"/>
		<phrase i="1002" t="SSH 상태"/>
		<phrase i="1003" t="게이트웨이 포트"/>
		<phrase i="1004" t="연결됨"/>
		<phrase i="1005" t="오류 코드"/>
		<phrase i="1006" t="H.323 이용"/>
		<phrase i="1007" t="SIP 이용"/>
		<phrase i="1008" t="자동 이용"/>
		<phrase i="1009" t="(SIP 라우팅)"/>
		<phrase i="1010" t="(H.323 라우팅)"/>
		<phrase i="1011" t="(자동 라우팅)"/>
		<phrase i="1012" t="SIP 사용 또는 H.323 사용을 선택하십시오."/>
		<phrase i="1013" t="미지정"/>
		<phrase i="1014" t="응용 프로그램 계속"/>
		<phrase i="1015" t="응용 프로그램 홈"/>
		<phrase i="1016" t="녹음 중(대기)"/>
		<phrase i="1017" t="프로토콜 라우팅"/>
		<phrase i="1018" t="수동 프로토콜 라우팅"/>
		<phrase i="1019" t="소프트 키 컨트롤"/>
		<phrase i="1020" t="기본 프로토콜"/>
		<phrase i="1021" t="자동 응답"/>
		<phrase i="1022" t="자동 응답 SIP 호출"/>
		<phrase i="1023" t="자동 응답 H.323 호출"/>
		<phrase i="1024" t="마이크 음소거"/>
		<phrase i="1025" t="비디오 음소거"/>
		<phrase i="1026" t="자동 라우팅 기본 설정"/>
		<phrase i="1027" t="프로토콜"/>
		<phrase i="1028" t="SIP 프로토콜"/>
		<phrase i="1029" t="H.323 프로토콜"/>
		<phrase i="1030" t="와 공유 허용 "/>
		<phrase i="1031" t="가청 신호음"/>
		<phrase i="1032" t="옵션 60 포맷"/>
		<phrase i="1033" t="RFC3925 바이너리"/>
		<phrase i="1034" t="ASCII 문자열"/>
		<phrase i="1035" t=""/>
		<phrase i="1036" t=""/>
		<phrase i="1037" t=""/>
		<phrase i="1038" t=""/>
		<phrase i="1039" t=""/>
		<phrase i="1040" t=""/>
		<phrase i="1041" t=""/>
		<phrase i="1042" t=""/>
		<phrase i="1043" t=""/>
		<phrase i="1044" t=""/>
		<phrase i="1045" t=""/>
		<phrase i="1046" t=""/>
		<phrase i="1047" t=""/>
		<phrase i="1048" t=""/>
		<phrase i="1049" t=""/>
		<phrase i="1050" t=""/>
		<phrase i="1051" t=""/>
		<phrase i="1052" t=""/>
		<phrase i="1053" t=""/>
		<phrase i="1054" t=""/>
		<phrase i="1055" t=""/>
		<phrase i="1056" t=""/>
		<phrase i="1057" t=""/>
		<phrase i="1058" t=""/>
		<phrase i="1059" t=""/>
		<phrase i="1060" t=""/>
		<phrase i="1061" t=""/>
		<phrase i="1062" t=""/>
		<phrase i="1063" t=""/>
		<phrase i="1064" t=""/>
		<phrase i="1065" t=""/>
		<phrase i="1066" t=""/>
		<phrase i="1067" t=""/>
		<phrase i="1068" t=""/>
		<phrase i="1069" t=""/>
		<phrase i="1070" t=""/>
		<phrase i="1071" t=""/>
		<phrase i="1072" t=""/>
		<phrase i="1073" t=""/>
		<phrase i="1074" t=""/>
		<phrase i="1075" t=""/>
		<phrase i="1076" t=""/>
		<phrase i="1077" t=""/>
		<phrase i="1078" t=""/>
		<phrase i="1079" t=""/>
		<phrase i="1080" t=""/>
		<phrase i="1081" t=""/>
		<phrase i="1082" t=""/>
		<phrase i="1083" t=""/>
		<phrase i="1084" t=""/>
		<phrase i="1085" t=""/>
		<phrase i="1086" t=""/>
		<phrase i="1087" t=""/>
		<phrase i="1088" t=""/>
		<phrase i="1089" t=""/>
		<phrase i="1090" t=""/>
		<phrase i="1091" t=""/>
		<phrase i="1092" t=""/>
		<phrase i="1093" t=""/>
		<phrase i="1094" t=""/>
		<phrase i="1095" t=""/>
		<phrase i="1096" t=""/>
		<phrase i="1097" t=""/>
		<phrase i="1098" t=""/>
		<phrase i="1099" t=""/>
		<phrase i="1100" t=""/>
		<phrase i="1101" t=""/>
		<phrase i="1102" t=""/>
		<phrase i="1103" t=""/>
		<phrase i="1104" t=""/>
		<phrase i="1105" t=""/>
		<phrase i="1106" t=""/>
		<phrase i="1107" t=""/>
		<phrase i="1108" t=""/>
		<phrase i="1109" t=""/>
		<phrase i="1110" t=""/>
		<phrase i="1111" t=""/>
		<phrase i="1112" t=""/>
		<phrase i="1113" t=""/>
		<phrase i="1114" t=""/>
		<phrase i="1115" t=""/>
		<phrase i="1116" t=""/>
		<phrase i="1117" t="저장 후 다시 시작"/>
		<phrase i="1118" t=""/>
		<phrase i="1119" t="2.5 mm Mode"/>
		<phrase i="1120" t="Cell Phone"/>
		<phrase i="1121" t="PC Link"/>
		<phrase i="1122" t="Prompt"/>
		<phrase i="1123" t="Operational Mode"/>
		<phrase i="1124" t="PSTN"/>
		<phrase i="1125" t="Retained Message"/>
		<phrase i="1126" t=""/>
		<phrase i="1127" t="터치 스크린 검사"/>
		<phrase i="1128" t="종료하려면 아무 키나 누르십시오."/>
		<phrase i="1129" t="검사하려면 화면을 터치하십시오."/>
		<phrase i="1130" t="CMA 디렉토리"/>
		<phrase i="1131" t="그룹"/>
		<phrase i="1132" t="연락처 추가"/>
		<phrase i="1133" t="CMA 메뉴"/>
		<phrase i="1134" t="CMA 모드"/>
		<phrase i="1135" t="CMA 서버"/>
		<phrase i="1136" t="로그인 자격 증명"/>
		<phrase i="1137" t="사용자"/>
		<phrase i="1138" t="유효 기간"/>
		<phrase i="1139" t="만료"/>
		<phrase i="1140" t="웹 구성 재설정" t.IP_330="웹 구성 재설정"/>
		<phrase i="1141" t="TR-069 Enable"/>
		<phrase i="1142" t="TR-069 URL"/>
		<phrase i="1143" t="TR-069 SSL"/>
		<phrase i="1144" t="TR-069 Inform Interval"/>
		<phrase i="1145" t="TR-069 Username"/>
		<phrase i="1146" t="TR-069 Password"/>
		<phrase i="1147" t="전화기 잠금"/>
		<phrase i="1148" t="잠금"/>
		<phrase i="1149" t="잠금 해제"/>
		<phrase i="1150" t="전화기 잠금 상태입니다."/>
		<phrase i="1151" t="승인된 통화만 허용합니다."/>
		<phrase i="1152" t="잠금 상태에서 DND"/>
		<phrase i="1153" t="잠금 상태에서 벨소리 울림 허용"/>
		<phrase i="1154" t="전화기 잠금을 해제하시겠습니까?"/>
		<phrase i="1155" t="통화에 응하시겠습니까?"/>
		<phrase i="1156" t="승인된 통화 발신"/>
		<phrase i="1157" t="승인되지 않은 번호"/>
		<phrase i="1158" t="전화 번호"/>
		<phrase i="1159" t="SIP 주소"/>
		<phrase i="1160" t="Shutdown initiated"/>
		<phrase i="1161" t="On-hook Dialing"/>
		<phrase i="1162" t="Off-hook Dialing"/>
		<phrase i="1163" t="오디오 모드"/>
		<phrase i="1164" t="Country"/>
		<phrase i="1165" t="연락처를 저장할 수 없습니다. 내부 연락처 디렉토리로 저장하시겠습니까?"/>
		<phrase i="1166" t="Flash Timing"/>
		<phrase i="1167" t="Caller ID"/>
		<phrase i="1168" t="80"/>
		<phrase i="1169" t="100"/>
		<phrase i="1170" t="300"/>
		<phrase i="1171" t="600"/>
		<phrase i="1172" t="Removed"/>
		<phrase i="1173" t="통화 로그"/>
		<phrase i="1174" t="전화기를 잠글 수 없습니다."/>
		<phrase i="1175" t="PSTN Extension"/>
		<phrase i="1176" t="Enter PSTN Extension:"/>
		<phrase i="1177" t="검색"/>
		<phrase i="1178" t="수화기/헤드셋"/>
		<phrase i="1179" t="자신을 친구 목록에 추가할 수 없습니다."/>
		<phrase i="1180" t="Dismiss"/>
		<phrase i="1181" t="Snooze"/>
		<phrase i="1182" t="%s will start in %d %s at %s"/>
		<phrase i="1183" t="Calendar"/>
		<phrase i="1184" t="minutes"/>
		<phrase i="1185" t="seconds"/>
		<phrase i="1186" t="minute"/>
		<phrase i="1187" t="second"/>
		<phrase i="1188" t="Keypad Lock"/>
		<phrase i="1189" t="Keypad Unlock"/>
		<phrase i="1190" t="Keypad locked."/>
		<phrase i="1191" t="Lock the phone?"/>
		<phrase i="1192" t="검색된 그룹이 없습니다."/>
		<phrase i="1193" t="장치 인증서"/>
		<phrase i="1194" t="Polycom 인증서" t.VVX_1500="Polycom 인증 설정"/>
		<phrase i="1195" t="설치된 인증서" t.VVX_1500="설치된 인증 설정"/>
		<phrase i="1196" t="Polycom 제공 인증서" t.VVX_1500="Polycom 제공 장치 인증서"/>
		<phrase i="1197" t="사용자 지정 인증서" t.VVX_1500="사용자 지정 장치 인증서"/>
		<phrase i="1198" t="사용자 설명" t.VVX_1500="장치 인증서 사용자 설명"/>
		<phrase i="1199" t="TR-069 Upgrades Managed"/>
		<phrase i="1200" t="장치 인증"/>
		<phrase i="1201" t="통화 재생 중입니다."/>
		<phrase i="1202" t="내부 연락처 디렉토리는 읽기 전용입니다."/>
		<phrase i="1203" t="CMA 인증에 실패하였습니다."/>
		<phrase i="1204" t="CMA 프로비저닝 오류입니다."/>
		<phrase i="1205" t="원격 키보드 및 마우스"/>
		<phrase i="1206" t="전화기가 PC의 왼쪽에 있습니까, 오른쪽에 있습니까?"/>
		<phrase i="1207" t="왼쪽"/>
		<phrase i="1208" t="오른쪽"/>
		<phrase i="1209" t="리스트"/>
		<phrase i="1210" t="이유 코드 입력"/>
		<phrase i="1211" t="구성 업로드"/>
		<phrase i="1212" t="TR-069"/>
		<phrase i="1213" t="CMA"/>
		<phrase i="1214" t="모든 소스"/>
		<phrase i="1215" t="지역"/>
		<phrase i="1216" t="웹"/>
		<phrase i="1217" t="업로드"/>
		<phrase i="1218" t="구성 파일" t.IP_330="구성 파일"/>
		<phrase i="1219" t="사용할 수 없는 이유 코드"/>
		<phrase i="1220" t="에이전트를 사용할 수 없습니다."/>
		<phrase i="1221" t="구성 파일 경고" t.IP_330="3.3.0 이전 구성"/>
		<phrase i="1222" t=" 3.3.0 이전 매개변수 포함"/>
		<phrase i="1223" t="없음"/>
		<phrase i="1224" t="다이제스트"/>
		<phrase i="1225" t="중복 매개변수 발견" t.IP_330="중복 발견"/>
		<phrase i="1226" t="오류 발견"/>
		<phrase i="1227" t="매개변수 허용"/>
		<phrase i="1228" t="3.3.0 이전 매개변수 발견"/>
		<phrase i="1229" t="3.3.0이전 매개변수 발견 위치:" t.IP_330="3.3.0이전 매개변수 위치:"/>
		<phrase i="1230" t="질의가 여전히 보류 중입니다. 나중에 시도하십시오."/>
		<phrase i="1231" t="CMA 디렉토리가 등록되지 않았습니다."/>
		<phrase i="1232" t="CMA 현재 상태가 등록되지 않았습니다."/>
		<phrase i="1233" t="호출 정보"/>
		<phrase i="1234" t="구성 업데이트"/>
		<phrase i="1235" t="잘못된 로그인 자격 증명"/>
		<phrase i="1236" t="주소를 검색할 수 없습니다."/>
		<phrase i="1237" t="연락처에 전화를 걸지 못했습니다."/>
		<phrase i="1238" t="연락처를 추가하지 못했습니다."/>
		<phrase i="1239" t="CMA 상태"/>
		<phrase i="1240" t="현재 상태 등록:"/>
		<phrase i="1241" t="디렉토리 등록"/>
		<phrase i="1242" t="설정 상태:"/>
		<phrase i="1243" t="서버 호스트 이름"/>
		<phrase i="1244" t="소프트웨어 업데이트 확인"/>
		<phrase i="1245" t="프로파일 업데이트 확인"/>
		<phrase i="1246" t="심장박동 보고서"/>
		<phrase i="1247" t="성공"/>
		<phrase i="1248" t="실패"/>
		<phrase i="1249" t="초대"/>
		<phrase i="1250" t="보류 중인 친구 초대"/>
		<phrase i="1251" t="현재 상태"/>
		<phrase i="1252" t="초대 수락 방법"/>
		<phrase i="1253" t="프로비저닝 폴링 간격"/>
		<phrase i="1254" t="자동"/>
		<phrase i="1255" t="재확인"/>
		<phrase i="1256" t="재확인 결과 자격 증명이 유효하지 않을 경우 사용자의 계정이 잠길 수 있습니다."/>
		<phrase i="1257" t="계속하시겠습니까?"/>
		<phrase i="1258" t="프로비저닝 오류" t.IP_330="구성 오류"/>
		<phrase i="1259" t="구성을 업데이트하지 못했습니다."/>
                <phrase i="1260" t="" />
                <phrase i="1261" t="" />
                <phrase i="1262" t="" />
                <phrase i="1263" t="전환" />
	</phrases>
</dictionary>